run_id,timestamp_utc,raw,template,variables,parsed,var_count
run_BGL_sample_20260521T043549_42,2026-05-21T04:35:49.997880+00:00,- 1117838570 2005.06.03 R02-M1-N0-C:J12-U11 2005-06-03-15.42.50.675872 R02-M1-N0-C:J12-U11 RAS KERNEL INFO instruction cache par,- <LARGE_INT> <FLOAT>.03 R02-M1-N0-C:J12-U11 <DATE><FLOAT>.<FLOAT> R02-M1-N0-C:J12-U11 RAS KERNEL INFO instruction cache par,"{""LARGE_INT"": ""1117838570"", ""FLOAT"": ""42.50.675872"", ""DATE"": ""2""}",1,3
run_BGL_sample_20260521T043549_42,2026-05-21T04:35:49.997880+00:00,- 1117838573 2005.06.03 R02-M1-N0-C:J12-U11 2005-06-03-15.42.53.276129 R02-M1-N0-C:J12-U11 RAS KERNEL INFO instruction cache par,- <LARGE_INT> <FLOAT>.03 R02-M1-N0-C:J12-U11 <DATE><FLOAT>.<FLOAT> R02-M1-N0-C:J12-U11 RAS KERNEL INFO instruction cache par,"{""LARGE_INT"": ""1117838573"", ""FLOAT"": ""42.53.276129"", ""DATE"": ""2""}",1,3
run_BGL_sample_20260521T043549_42,2026-05-21T04:35:49.997880+00:00,- 1117838976 2005.06.03 R02-M1-N0-C:J12-U11 2005-06-03-15.49.36.156884 R02-M1-N0-C:J12-U11 RAS KERNEL INFO instruction cache par,- <LARGE_INT> <FLOAT>.03 R02-M1-N0-C:J12-U11 <DATE><FLOAT>.<FLOAT> R02-M1-N0-C:J12-U11 RAS KERNEL INFO instruction cache par,"{""LARGE_INT"": ""1117838976"", ""FLOAT"": ""49.36.156884"", ""DATE"": ""2""}",1,3
run_BGL_sample_20260521T043549_42,2026-05-21T04:35:49.997880+00:00,- 1117838978 2005.06.03 R02-M1-N0-C:J12-U11 2005-06-03-15.49.38.026704 R02-M1-N0-C:J12-U11 RAS KERNEL INFO instruction cache par,- <LARGE_INT> <FLOAT>.03 R02-M1-N0-C:J12-U11 <DATE><FLOAT>.<FLOAT> R02-M1-N0-C:J12-U11 RAS KERNEL INFO instruction cache par,"{""LARGE_INT"": ""1117838978"", ""FLOAT"": ""49.38.026704"", ""DATE"": ""2""}",1,3
run_BGL_sample_20260521T043549_42,2026-05-21T04:35:49.997880+00:00,- 1117842440 2005.06.03 R23-M0-NE-C:J05-U01 2005-06-03-16.47.20.730545 R23-M0-NE-C:J05-U01 RAS KERNEL INFO 63543 double-hummer a,- <LARGE_INT> <FLOAT>.03 <*> <DATE><FLOAT>.<FLOAT> <*> RAS KERNEL INFO <*> <*> <*>,"{""LARGE_INT"": ""1117842440"", ""FLOAT"": ""47.20.730545"", ""*"": ""a"", ""DATE"": ""2""}",1,4
run_BGL_sample_20260521T043549_42,2026-05-21T04:35:49.997880+00:00,- 1117842974 2005.06.03 R24-M0-N1-C:J13-U11 2005-06-03-16.56.14.254137 R24-M0-N1-C:J13-U11 RAS KERNEL INFO 162 double-hummer ali,- <LARGE_INT> <FLOAT>.03 <*> <DATE><FLOAT>.<FLOAT> <*> RAS KERNEL INFO <*> <*> <*>,"{""LARGE_INT"": ""1117842974"", ""FLOAT"": ""56.14.254137"", ""*"": ""ali"", ""DATE"": ""2""}",1,4
run_BGL_sample_20260521T043549_42,2026-05-21T04:35:49.997880+00:00,- 1117843015 2005.06.03 R21-M1-N6-C:J08-U11 2005-06-03-16.56.55.309974 R21-M1-N6-C:J08-U11 RAS KERNEL INFO 141 double-hummer ali,- <LARGE_INT> <FLOAT>.03 <*> <DATE><FLOAT>.<FLOAT> <*> RAS KERNEL INFO <*> <*> <*>,"{""LARGE_INT"": ""1117843015"", ""FLOAT"": ""56.55.309974"", ""*"": ""ali"", ""DATE"": ""2""}",1,4
run_BGL_sample_20260521T043549_42,2026-05-21T04:35:49.997880+00:00,"- 1117848119 2005.06.03 R16-M1-N2-C:J17-U01 2005-06-03-18.21.59.871925 R16-M1-N2-C:J17-U01 RAS KERNEL INFO CE sym 2, at 0x0b85ee","- <LARGE_INT> <FLOAT>.03 R16-M1-N2-C:J17-U01 <DATE><FLOAT>.<FLOAT> R16-M1-N2-C:J17-U01 RAS KERNEL INFO CE sym 2, at <HEX_ADDR>","{""LARGE_INT"": ""1117848119"", ""FLOAT"": ""21.59.871925"", ""DATE"": ""2"", ""HEX_ADDR"": ""0x0b85ee""}",1,4
run_BGL_sample_20260521T043549_42,2026-05-21T04:35:49.997880+00:00,APPREAD 1117869872 2005.06.04 R04-M1-N4-I:J18-U11 2005-06-04-00.24.32.432192 R04-M1-N4-I:J18-U11 RAS APP FATAL ciod: failed to r,APPREAD <LARGE_INT> <FLOAT>.04 R04-M1-N4-I:J18-U11 <DATE><FLOAT>.<FLOAT> R04-M1-N4-I:J18-U11 RAS APP FATAL ciod: failed to r,"{""LARGE_INT"": ""1117869872"", ""FLOAT"": ""24.32.432192"", ""DATE"": ""2""}",1,3
run_BGL_sample_20260521T043549_42,2026-05-21T04:35:49.997880+00:00,APPREAD 1117869876 2005.06.04 R27-M1-N4-I:J18-U01 2005-06-04-00.24.36.222560 R27-M1-N4-I:J18-U01 RAS APP FATAL ciod: failed to r,APPREAD <LARGE_INT> <FLOAT>.04 <*> <DATE><FLOAT>.<FLOAT> <*> RAS APP FATAL ciod: failed to r,"{""LARGE_INT"": ""1117869876"", ""FLOAT"": ""24.36.222560"", ""*"": ""R27-M1-N4-I:J18-U01"", ""DATE"": ""2""}",1,4
run_BGL_sample_20260521T043549_42,2026-05-21T04:35:49.997880+00:00,"- 1117942120 2005.06.04 R30-M0-N7-C:J08-U01 2005-06-04-20.28.40.767551 R30-M0-N7-C:J08-U01 RAS KERNEL INFO CE sym 20, at 0x1438f",- <LARGE_INT> <*> <*> <DATE><FLOAT>.<FLOAT> <*> RAS KERNEL INFO CE sym <*> at <HEX_ADDR>,"{""LARGE_INT"": ""1117942120"", ""*"": ""20,"", ""DATE"": ""2"", ""FLOAT"": ""28.40.767551"", ""HEX_ADDR"": ""0x1438f""}",1,5
run_BGL_sample_20260521T043549_42,2026-05-21T04:35:49.997880+00:00,- 1117955341 2005.06.05 R25-M0-N7-C:J02-U01 2005-06-05-00.09.01.903373 R25-M0-N7-C:J02-U01 RAS KERNEL INFO generating core.2275,- <LARGE_INT> <FLOAT>.05 R25-M0-N7-C:J02-U01 <DATE><FLOAT>.<FLOAT> R25-M0-N7-C:J02-U01 RAS KERNEL INFO generating core.2275,"{""LARGE_INT"": ""1117955341"", ""FLOAT"": ""09.01.903373"", ""DATE"": ""2""}",1,3
run_BGL_sample_20260521T043549_42,2026-05-21T04:35:49.997880+00:00,- 1117955392 2005.06.05 R24-M1-N8-C:J09-U11 2005-06-05-00.09.52.516674 R24-M1-N8-C:J09-U11 RAS KERNEL INFO generating core.862,- <LARGE_INT> <FLOAT>.05 <*> <DATE><FLOAT>.<FLOAT> <*> RAS KERNEL INFO generating <*>,"{""LARGE_INT"": ""1117955392"", ""FLOAT"": ""09.52.516674"", ""*"": ""core.862"", ""DATE"": ""2""}",1,4
run_BGL_sample_20260521T043549_42,2026-05-21T04:35:49.997880+00:00,- 1117956980 2005.06.05 R24-M1-NB-C:J15-U11 2005-06-05-00.36.20.945796 R24-M1-NB-C:J15-U11 RAS KERNEL INFO generating core.728,- <LARGE_INT> <FLOAT>.05 <*> <DATE><FLOAT>.<FLOAT> <*> RAS KERNEL INFO generating <*>,"{""LARGE_INT"": ""1117956980"", ""FLOAT"": ""36.20.945796"", ""*"": ""core.728"", ""DATE"": ""2""}",1,4
run_BGL_sample_20260521T043549_42,2026-05-21T04:35:49.997880+00:00,- 1117957045 2005.06.05 R20-M1-N8-C:J04-U01 2005-06-05-00.37.25.012681 R20-M1-N8-C:J04-U01 RAS KERNEL INFO generating core.775,- <LARGE_INT> <FLOAT>.05 <*> <DATE><FLOAT>.<FLOAT> <*> RAS KERNEL INFO generating <*>,"{""LARGE_INT"": ""1117957045"", ""FLOAT"": ""37.25.012681"", ""*"": ""core.775"", ""DATE"": ""2""}",1,4
run_BGL_sample_20260521T043549_42,2026-05-21T04:35:49.997880+00:00,- 1117959501 2005.06.05 R24-M0-NE-C:J14-U11 2005-06-05-01.18.21.778604 R24-M0-NE-C:J14-U11 RAS KERNEL INFO generating core.3276,- <LARGE_INT> <FLOAT>.05 <*> <DATE><FLOAT>.<FLOAT> <*> RAS KERNEL INFO generating <*>,"{""LARGE_INT"": ""1117959501"", ""FLOAT"": ""18.21.778604"", ""*"": ""core.3276"", ""DATE"": ""2""}",1,4
run_BGL_sample_20260521T043549_42,2026-05-21T04:35:49.997880+00:00,- 1117959513 2005.06.05 R21-M1-N2-C:J11-U01 2005-06-05-01.18.33.830595 R21-M1-N2-C:J11-U01 RAS KERNEL INFO generating core.1717,- <LARGE_INT> <FLOAT>.05 <*> <DATE><FLOAT>.<FLOAT> <*> RAS KERNEL INFO generating <*>,"{""LARGE_INT"": ""1117959513"", ""FLOAT"": ""18.33.830595"", ""*"": ""core.1717"", ""DATE"": ""2""}",1,4
run_BGL_sample_20260521T043549_42,2026-05-21T04:35:49.997880+00:00,- 1117959563 2005.06.05 R24-M0-N8-C:J04-U11 2005-06-05-01.19.23.822135 R24-M0-N8-C:J04-U11 RAS KERNEL INFO generating core.3919,- <LARGE_INT> <FLOAT>.05 <*> <DATE><FLOAT>.<FLOAT> <*> RAS KERNEL INFO generating <*>,"{""LARGE_INT"": ""1117959563"", ""FLOAT"": ""19.23.822135"", ""*"": ""core.3919"", ""DATE"": ""2""}",1,4
run_BGL_sample_20260521T043549_42,2026-05-21T04:35:49.997880+00:00,- 1117973759 2005.06.05 R31-M0-NE-C:J05-U11 2005-06-05-05.15.59.416717 R31-M0-NE-C:J05-U11 RAS KERNEL INFO generating core.2079,- <LARGE_INT> <FLOAT>.05 <*> <DATE><FLOAT>.<FLOAT> <*> RAS KERNEL INFO generating <*>,"{""LARGE_INT"": ""1117973759"", ""FLOAT"": ""15.59.416717"", ""*"": ""core.2079"", ""DATE"": ""2""}",1,4
run_BGL_sample_20260521T043549_42,2026-05-21T04:35:49.997880+00:00,- 1117973786 2005.06.05 R36-M0-NA-C:J06-U01 2005-06-05-05.16.26.686603 R36-M0-NA-C:J06-U01 RAS KERNEL INFO generating core.1414,- <LARGE_INT> <FLOAT>.05 <*> <DATE><FLOAT>.<FLOAT> <*> RAS KERNEL INFO generating <*>,"{""LARGE_INT"": ""1117973786"", ""FLOAT"": ""16.26.686603"", ""*"": ""core.1414"", ""DATE"": ""2""}",1,4
run_BGL_sample_20260521T043549_42,2026-05-21T04:35:49.997880+00:00,- 1117973919 2005.06.05 R33-M0-N4-C:J02-U11 2005-06-05-05.18.39.396608 R33-M0-N4-C:J02-U11 RAS KERNEL INFO generating core.3055,- <LARGE_INT> <FLOAT>.05 <*> <DATE><FLOAT>.<FLOAT> <*> RAS KERNEL INFO generating <*>,"{""LARGE_INT"": ""1117973919"", ""FLOAT"": ""18.39.396608"", ""*"": ""core.3055"", ""DATE"": ""2""}",1,4
run_BGL_sample_20260521T043549_42,2026-05-21T04:35:49.997880+00:00,- 1117974206 2005.06.05 R22-M0-ND-C:J10-U11 2005-06-05-05.23.26.239153 R22-M0-ND-C:J10-U11 RAS KERNEL INFO generating core.201,- <LARGE_INT> <FLOAT>.05 <*> <DATE><FLOAT>.<FLOAT> <*> RAS KERNEL INFO generating <*>,"{""LARGE_INT"": ""1117974206"", ""FLOAT"": ""23.26.239153"", ""*"": ""core.201"", ""DATE"": ""2""}",1,4
run_BGL_sample_20260521T043549_42,2026-05-21T04:35:49.997880+00:00,- 1117974463 2005.06.05 R27-M0-N6-C:J10-U01 2005-06-05-05.27.43.336565 R27-M0-N6-C:J10-U01 RAS KERNEL INFO generating core.1125,- <LARGE_INT> <FLOAT>.05 <*> <DATE><FLOAT>.<FLOAT> <*> RAS KERNEL INFO generating <*>,"{""LARGE_INT"": ""1117974463"", ""FLOAT"": ""27.43.336565"", ""*"": ""core.1125"", ""DATE"": ""2""}",1,4
run_BGL_sample_20260521T043549_42,2026-05-21T04:35:49.997880+00:00,- 1117975251 2005.06.05 R26-M1-N8-C:J17-U11 2005-06-05-05.40.51.726735 R26-M1-N8-C:J17-U11 RAS KERNEL INFO generating core.412,- <LARGE_INT> <FLOAT>.05 <*> <DATE><FLOAT>.<FLOAT> <*> RAS KERNEL INFO generating <*>,"{""LARGE_INT"": ""1117975251"", ""FLOAT"": ""40.51.726735"", ""*"": ""core.412"", ""DATE"": ""2""}",1,4
run_BGL_sample_20260521T043549_42,2026-05-21T04:35:49.997880+00:00,- 1117976658 2005.06.05 R36-M1-N8-C:J17-U01 2005-06-05-06.04.18.406158 R36-M1-N8-C:J17-U01 RAS KERNEL INFO generating core.7828,- <LARGE_INT> <FLOAT>.05 <*> <DATE><FLOAT>.<FLOAT> <*> RAS KERNEL INFO generating <*>,"{""LARGE_INT"": ""1117976658"", ""FLOAT"": ""04.18.406158"", ""*"": ""core.7828"", ""DATE"": ""2""}",1,4
run_BGL_sample_20260521T043549_42,2026-05-21T04:35:49.997880+00:00,- 1117977497 2005.06.05 R33-M1-NB-C:J06-U01 2005-06-05-06.18.17.802159 R33-M1-NB-C:J06-U01 RAS KERNEL INFO generating core.5570,- <LARGE_INT> <FLOAT>.05 <*> <DATE><FLOAT>.<FLOAT> <*> RAS KERNEL INFO generating <*>,"{""LARGE_INT"": ""1117977497"", ""FLOAT"": ""18.17.802159"", ""*"": ""core.5570"", ""DATE"": ""2""}",1,4
run_BGL_sample_20260521T043549_42,2026-05-21T04:35:49.997880+00:00,- 1117979227 2005.06.05 R01-M1-N7-C:J04-U11 2005-06-05-06.47.07.157021 R01-M1-N7-C:J04-U11 RAS KERNEL INFO generating core.8275,- <LARGE_INT> <FLOAT>.05 <*> <DATE><FLOAT>.<FLOAT> <*> RAS KERNEL INFO generating <*>,"{""LARGE_INT"": ""1117979227"", ""FLOAT"": ""47.07.157021"", ""*"": ""core.8275"", ""DATE"": ""2""}",1,4
run_BGL_sample_20260521T043549_42,2026-05-21T04:35:49.997880+00:00,- 1117982609 2005.06.05 R35-M1-NE-C:J05-U01 2005-06-05-07.43.29.979844 R35-M1-NE-C:J05-U01 RAS KERNEL INFO generating core.4183,- <LARGE_INT> <FLOAT>.05 <*> <DATE><FLOAT>.<FLOAT> <*> RAS KERNEL INFO generating <*>,"{""LARGE_INT"": ""1117982609"", ""FLOAT"": ""43.29.979844"", ""*"": ""core.4183"", ""DATE"": ""2""}",1,4
run_BGL_sample_20260521T043549_42,2026-05-21T04:35:49.997880+00:00,- 1117984124 2005.06.05 R36-M1-NF-C:J11-U01 2005-06-05-08.08.44.281729 R36-M1-NF-C:J11-U01 RAS KERNEL INFO generating core.6545,- <LARGE_INT> <FLOAT>.05 <*> <DATE><FLOAT>.<FLOAT> <*> RAS KERNEL INFO generating <*>,"{""LARGE_INT"": ""1117984124"", ""FLOAT"": ""08.44.281729"", ""*"": ""core.6545"", ""DATE"": ""2""}",1,4
run_BGL_sample_20260521T043549_42,2026-05-21T04:35:49.997880+00:00,- 1117984130 2005.06.05 R37-M1-NE-C:J13-U01 2005-06-05-08.08.50.547117 R37-M1-NE-C:J13-U01 RAS KERNEL INFO generating core.4245,- <LARGE_INT> <FLOAT>.05 <*> <DATE><FLOAT>.<FLOAT> <*> RAS KERNEL INFO generating <*>,"{""LARGE_INT"": ""1117984130"", ""FLOAT"": ""08.50.547117"", ""*"": ""core.4245"", ""DATE"": ""2""}",1,4
run_BGL_sample_20260521T043549_42,2026-05-21T04:35:49.997880+00:00,- 1117984216 2005.06.05 R32-M1-N4-C:J16-U01 2005-06-05-08.10.16.270131 R32-M1-N4-C:J16-U01 RAS KERNEL INFO generating core.6884,- <LARGE_INT> <FLOAT>.05 <*> <DATE><FLOAT>.<FLOAT> <*> RAS KERNEL INFO generating <*>,"{""LARGE_INT"": ""1117984216"", ""FLOAT"": ""10.16.270131"", ""*"": ""core.6884"", ""DATE"": ""2""}",1,4
run_BGL_sample_20260521T043549_42,2026-05-21T04:35:49.997880+00:00,- 1117984246 2005.06.05 R30-M1-N3-C:J02-U01 2005-06-05-08.10.46.344235 R30-M1-N3-C:J02-U01 RAS KERNEL FATAL force load/store ali,- <LARGE_INT> <*> <*> <DATE><FLOAT>.<FLOAT> <*> RAS KERNEL <*> <*> <*> <*>,"{""LARGE_INT"": ""1117984246"", ""*"": ""ali"", ""DATE"": ""2"", ""FLOAT"": ""10.46.344235""}",1,4
run_BGL_sample_20260521T043549_42,2026-05-21T04:35:49.997880+00:00,- 1117985401 2005.06.05 R34-M1-NE-C:J02-U01 2005-06-05-08.30.01.873693 R34-M1-NE-C:J02-U01 RAS KERNEL INFO generating core.6471,- <LARGE_INT> <FLOAT>.05 <*> <DATE><FLOAT>.<FLOAT> <*> RAS KERNEL INFO generating <*>,"{""LARGE_INT"": ""1117985401"", ""FLOAT"": ""30.01.873693"", ""*"": ""core.6471"", ""DATE"": ""2""}",1,4
run_BGL_sample_20260521T043549_42,2026-05-21T04:35:49.997880+00:00,- 1117985413 2005.06.05 R31-M1-N7-C:J05-U11 2005-06-05-08.30.13.824307 R31-M1-N7-C:J05-U11 RAS KERNEL INFO generating core.4155,- <LARGE_INT> <FLOAT>.05 <*> <DATE><FLOAT>.<FLOAT> <*> RAS KERNEL INFO generating <*>,"{""LARGE_INT"": ""1117985413"", ""FLOAT"": ""30.13.824307"", ""*"": ""core.4155"", ""DATE"": ""2""}",1,4
run_BGL_sample_20260521T043549_42,2026-05-21T04:35:49.997880+00:00,- 1117985464 2005.06.05 R32-M0-NF-C:J10-U01 2005-06-05-08.31.04.464776 R32-M0-NF-C:J10-U01 RAS KERNEL INFO generating core.449,- <LARGE_INT> <FLOAT>.05 <*> <DATE><FLOAT>.<FLOAT> <*> RAS KERNEL INFO generating <*>,"{""LARGE_INT"": ""1117985464"", ""FLOAT"": ""31.04.464776"", ""*"": ""core.449"", ""DATE"": ""2""}",1,4
run_BGL_sample_20260521T043549_42,2026-05-21T04:35:49.997880+00:00,- 1117985533 2005.06.05 R34-M1-NC-C:J06-U11 2005-06-05-08.32.13.659715 R34-M1-NC-C:J06-U11 RAS KERNEL INFO generating core.6990,- <LARGE_INT> <FLOAT>.05 <*> <DATE><FLOAT>.<FLOAT> <*> RAS KERNEL INFO generating <*>,"{""LARGE_INT"": ""1117985533"", ""FLOAT"": ""32.13.659715"", ""*"": ""core.6990"", ""DATE"": ""2""}",1,4
run_BGL_sample_20260521T043549_42,2026-05-21T04:35:49.997880+00:00,- 1117985547 2005.06.05 R31-M1-NC-C:J14-U11 2005-06-05-08.32.27.814949 R31-M1-NC-C:J14-U11 RAS KERNEL INFO generating core.4876,- <LARGE_INT> <FLOAT>.05 <*> <DATE><FLOAT>.<FLOAT> <*> RAS KERNEL INFO generating <*>,"{""LARGE_INT"": ""1117985547"", ""FLOAT"": ""32.27.814949"", ""*"": ""core.4876"", ""DATE"": ""2""}",1,4
run_BGL_sample_20260521T043549_42,2026-05-21T04:35:49.997880+00:00,- 1117987420 2005.06.05 R37-M0-N7-C:J08-U11 2005-06-05-09.03.40.673488 R37-M0-N7-C:J08-U11 RAS KERNEL INFO generating core.2218,- <LARGE_INT> <FLOAT>.05 <*> <DATE><FLOAT>.<FLOAT> <*> RAS KERNEL INFO generating <*>,"{""LARGE_INT"": ""1117987420"", ""FLOAT"": ""03.40.673488"", ""*"": ""core.2218"", ""DATE"": ""2""}",1,4
run_BGL_sample_20260521T043549_42,2026-05-21T04:35:49.997880+00:00,- 1117988266 2005.06.05 R34-M1-NA-C:J07-U11 2005-06-05-09.17.46.225683 R34-M1-NA-C:J07-U11 RAS KERNEL INFO generating core.7518,- <LARGE_INT> <FLOAT>.05 <*> <DATE><FLOAT>.<FLOAT> <*> RAS KERNEL INFO generating <*>,"{""LARGE_INT"": ""1117988266"", ""FLOAT"": ""17.46.225683"", ""*"": ""core.7518"", ""DATE"": ""2""}",1,4
run_BGL_sample_20260521T043549_42,2026-05-21T04:35:49.997880+00:00,- 1117988286 2005.06.05 R33-M1-N8-C:J09-U11 2005-06-05-09.18.06.694851 R33-M1-N8-C:J09-U11 RAS KERNEL INFO generating core.5854,- <LARGE_INT> <FLOAT>.05 <*> <DATE><FLOAT>.<FLOAT> <*> RAS KERNEL INFO generating <*>,"{""LARGE_INT"": ""1117988286"", ""FLOAT"": ""18.06.694851"", ""*"": ""core.5854"", ""DATE"": ""2""}",1,4
run_BGL_sample_20260521T043549_42,2026-05-21T04:35:49.997880+00:00,- 1117988416 2005.06.05 R30-M1-N3-C:J10-U01 2005-06-05-09.20.16.681318 R30-M1-N3-C:J10-U01 RAS KERNEL INFO generating core.7457,- <LARGE_INT> <FLOAT>.05 <*> <DATE><FLOAT>.<FLOAT> <*> RAS KERNEL INFO generating <*>,"{""LARGE_INT"": ""1117988416"", ""FLOAT"": ""20.16.681318"", ""*"": ""core.7457"", ""DATE"": ""2""}",1,4
run_BGL_sample_20260521T043549_42,2026-05-21T04:35:49.997880+00:00,- 1117988443 2005.06.05 R32-M1-N5-C:J17-U01 2005-06-05-09.20.43.944594 R32-M1-N5-C:J17-U01 RAS KERNEL INFO generating core.6896,- <LARGE_INT> <FLOAT>.05 <*> <DATE><FLOAT>.<FLOAT> <*> RAS KERNEL INFO generating <*>,"{""LARGE_INT"": ""1117988443"", ""FLOAT"": ""20.43.944594"", ""*"": ""core.6896"", ""DATE"": ""2""}",1,4
run_BGL_sample_20260521T043549_42,2026-05-21T04:35:49.997880+00:00,- 1117989483 2005.06.05 R37-M0-N3-C:J14-U01 2005-06-05-09.38.03.456120 R37-M0-N3-C:J14-U01 RAS KERNEL INFO generating core.3488,- <LARGE_INT> <FLOAT>.05 <*> <DATE><FLOAT>.<FLOAT> <*> RAS KERNEL INFO generating <*>,"{""LARGE_INT"": ""1117989483"", ""FLOAT"": ""38.03.456120"", ""*"": ""core.3488"", ""DATE"": ""2""}",1,4
run_BGL_sample_20260521T043549_42,2026-05-21T04:35:49.997880+00:00,- 1117989508 2005.06.05 R36-M0-NA-C:J17-U01 2005-06-05-09.38.28.957918 R36-M0-NA-C:J17-U01 RAS KERNEL INFO generating core.1172,- <LARGE_INT> <FLOAT>.05 <*> <DATE><FLOAT>.<FLOAT> <*> RAS KERNEL INFO generating <*>,"{""LARGE_INT"": ""1117989508"", ""FLOAT"": ""38.28.957918"", ""*"": ""core.1172"", ""DATE"": ""2""}",1,4
run_BGL_sample_20260521T043549_42,2026-05-21T04:35:49.997880+00:00,- 1117989530 2005.06.05 R33-M0-N6-C:J08-U11 2005-06-05-09.38.50.430385 R33-M0-N6-C:J08-U11 RAS KERNEL INFO generating core.2286,- <LARGE_INT> <FLOAT>.05 <*> <DATE><FLOAT>.<FLOAT> <*> RAS KERNEL INFO generating <*>,"{""LARGE_INT"": ""1117989530"", ""FLOAT"": ""38.50.430385"", ""*"": ""core.2286"", ""DATE"": ""2""}",1,4
run_BGL_sample_20260521T043549_42,2026-05-21T04:35:49.997880+00:00,- 1117989577 2005.06.05 R30-M0-ND-C:J07-U01 2005-06-05-09.39.37.590924 R30-M0-ND-C:J07-U01 RAS KERNEL INFO generating core.786,- <LARGE_INT> <FLOAT>.05 <*> <DATE><FLOAT>.<FLOAT> <*> RAS KERNEL INFO generating <*>,"{""LARGE_INT"": ""1117989577"", ""FLOAT"": ""39.37.590924"", ""*"": ""core.786"", ""DATE"": ""2""}",1,4
run_BGL_sample_20260521T043549_42,2026-05-21T04:35:49.997880+00:00,- 1117989594 2005.06.05 R35-M0-N5-C:J17-U11 2005-06-05-09.39.54.210760 R35-M0-N5-C:J17-U11 RAS KERNEL INFO generating core.2680,- <LARGE_INT> <FLOAT>.05 <*> <DATE><FLOAT>.<FLOAT> <*> RAS KERNEL INFO generating <*>,"{""LARGE_INT"": ""1117989594"", ""FLOAT"": ""39.54.210760"", ""*"": ""core.2680"", ""DATE"": ""2""}",1,4
run_BGL_sample_20260521T043549_42,2026-05-21T04:35:49.997880+00:00,- 1117989601 2005.06.05 R32-M0-N2-C:J15-U01 2005-06-05-09.40.01.191177 R32-M0-N2-C:J15-U01 RAS KERNEL INFO generating core.1524,- <LARGE_INT> <FLOAT>.05 <*> <DATE><FLOAT>.<FLOAT> <*> RAS KERNEL INFO generating <*>,"{""LARGE_INT"": ""1117989601"", ""FLOAT"": ""40.01.191177"", ""*"": ""core.1524"", ""DATE"": ""2""}",1,4
run_BGL_sample_20260521T043549_42,2026-05-21T04:35:49.997880+00:00,- 1117989617 2005.06.05 R35-M1-ND-C:J10-U11 2005-06-05-09.40.17.352982 R35-M1-ND-C:J10-U11 RAS KERNEL INFO generating core.4937,- <LARGE_INT> <FLOAT>.05 <*> <DATE><FLOAT>.<FLOAT> <*> RAS KERNEL INFO generating <*>,"{""LARGE_INT"": ""1117989617"", ""FLOAT"": ""40.17.352982"", ""*"": ""core.4937"", ""DATE"": ""2""}",1,4
run_BGL_sample_20260521T043549_42,2026-05-21T04:35:49.997880+00:00,- 1117990886 2005.06.05 R36-M1-ND-C:J13-U01 2005-06-05-10.01.26.040379 R36-M1-ND-C:J13-U01 RAS KERNEL INFO generating core.6801,- <LARGE_INT> <FLOAT>.05 <*> <DATE><FLOAT>.<FLOAT> <*> RAS KERNEL INFO generating <*>,"{""LARGE_INT"": ""1117990886"", ""FLOAT"": ""01.26.040379"", ""*"": ""core.6801"", ""DATE"": ""2""}",1,4
run_BGL_sample_20260521T043549_42,2026-05-21T04:35:49.997880+00:00,- 1117990951 2005.06.05 R31-M1-NF-C:J15-U01 2005-06-05-10.02.31.242619 R31-M1-NF-C:J15-U01 RAS KERNEL INFO generating core.4368,- <LARGE_INT> <FLOAT>.05 <*> <DATE><FLOAT>.<FLOAT> <*> RAS KERNEL INFO generating <*>,"{""LARGE_INT"": ""1117990951"", ""FLOAT"": ""02.31.242619"", ""*"": ""core.4368"", ""DATE"": ""2""}",1,4
run_BGL_sample_20260521T043549_42,2026-05-21T04:35:49.997880+00:00,- 1117990980 2005.06.05 R34-M0-ND-C:J03-U01 2005-06-05-10.03.00.195528 R34-M0-ND-C:J03-U01 RAS KERNEL INFO generating core.851,- <LARGE_INT> <FLOAT>.05 <*> <DATE><FLOAT>.<FLOAT> <*> RAS KERNEL INFO generating <*>,"{""LARGE_INT"": ""1117990980"", ""FLOAT"": ""03.00.195528"", ""*"": ""core.851"", ""DATE"": ""2""}",1,4
run_BGL_sample_20260521T043549_42,2026-05-21T04:35:49.997880+00:00,- 1117991006 2005.06.05 R32-M0-N9-C:J17-U01 2005-06-05-10.03.26.884113 R32-M0-N9-C:J17-U01 RAS KERNEL INFO generating core.1744,- <LARGE_INT> <FLOAT>.05 <*> <DATE><FLOAT>.<FLOAT> <*> RAS KERNEL INFO generating <*>,"{""LARGE_INT"": ""1117991006"", ""FLOAT"": ""03.26.884113"", ""*"": ""core.1744"", ""DATE"": ""2""}",1,4
run_BGL_sample_20260521T043549_42,2026-05-21T04:35:49.997880+00:00,- 1117991046 2005.06.05 R30-M0-N0-C:J17-U01 2005-06-05-10.04.06.326828 R30-M0-N0-C:J17-U01 RAS KERNEL INFO generating core.1588,- <LARGE_INT> <FLOAT>.05 <*> <DATE><FLOAT>.<FLOAT> <*> RAS KERNEL INFO generating <*>,"{""LARGE_INT"": ""1117991046"", ""FLOAT"": ""04.06.326828"", ""*"": ""core.1588"", ""DATE"": ""2""}",1,4
run_BGL_sample_20260521T043549_42,2026-05-21T04:35:49.997880+00:00,- 1117992519 2005.06.05 R37-M1-N3-C:J05-U11 2005-06-05-10.28.39.717587 R37-M1-N3-C:J05-U11 RAS KERNEL INFO generating core.5307,- <LARGE_INT> <FLOAT>.05 <*> <DATE><FLOAT>.<FLOAT> <*> RAS KERNEL INFO generating <*>,"{""LARGE_INT"": ""1117992519"", ""FLOAT"": ""28.39.717587"", ""*"": ""core.5307"", ""DATE"": ""2""}",1,4
run_BGL_sample_20260521T043549_42,2026-05-21T04:35:49.997880+00:00,- 1117992553 2005.06.05 R30-M1-NB-C:J17-U11 2005-06-05-10.29.13.196439 R30-M1-NB-C:J17-U11 RAS KERNEL INFO generating core.7192,- <LARGE_INT> <FLOAT>.05 <*> <DATE><FLOAT>.<FLOAT> <*> RAS KERNEL INFO generating <*>,"{""LARGE_INT"": ""1117992553"", ""FLOAT"": ""29.13.196439"", ""*"": ""core.7192"", ""DATE"": ""2""}",1,4
run_BGL_sample_20260521T043549_42,2026-05-21T04:35:49.997880+00:00,"- 1118070512 2005.06.06 R01-M1-NB-C:J03-U11 2005-06-06-08.08.32.984716 R01-M1-NB-C:J03-U11 RAS KERNEL INFO CE sym 20, at 0x01228",- <LARGE_INT> <*> <*> <DATE><FLOAT>.<FLOAT> <*> RAS KERNEL INFO CE sym <*> at <HEX_ADDR>,"{""LARGE_INT"": ""1118070512"", ""*"": ""20,"", ""DATE"": ""2"", ""FLOAT"": ""08.32.984716"", ""HEX_ADDR"": ""0x01228""}",1,5
run_BGL_sample_20260521T043549_42,2026-05-21T04:35:49.997880+00:00,"- 1118070518 2005.06.06 R01-M1-ND-C:J15-U11 2005-06-06-08.08.38.414458 R01-M1-ND-C:J15-U11 RAS KERNEL INFO CE sym 5, at 0x11042a",- <LARGE_INT> <*> <*> <DATE><FLOAT>.<FLOAT> <*> RAS KERNEL INFO CE sym <*> at <HEX_ADDR>,"{""LARGE_INT"": ""1118070518"", ""*"": ""5,"", ""DATE"": ""2"", ""FLOAT"": ""08.38.414458"", ""HEX_ADDR"": ""0x11042a""}",1,5
run_BGL_sample_20260521T043549_42,2026-05-21T04:35:49.997880+00:00,- 1118079221 2005.06.06 R02-M1-N0-C:J12-U11 2005-06-06-10.33.41.093251 R02-M1-N0-C:J12-U11 RAS KERNEL INFO instruction cache par,- <LARGE_INT> <*> <*> <DATE><FLOAT>.<FLOAT> <*> RAS KERNEL <*> <*> <*> <*>,"{""LARGE_INT"": ""1118079221"", ""*"": ""par"", ""DATE"": ""2"", ""FLOAT"": ""33.41.093251""}",1,4
run_BGL_sample_20260521T043549_42,2026-05-21T04:35:49.997880+00:00,- 1118079403 2005.06.06 R02-M1-N0-C:J12-U11 2005-06-06-10.36.43.705821 R02-M1-N0-C:J12-U11 RAS KERNEL INFO instruction cache par,- <LARGE_INT> <*> <*> <DATE><FLOAT>.<FLOAT> <*> RAS KERNEL <*> <*> <*> <*>,"{""LARGE_INT"": ""1118079403"", ""*"": ""par"", ""DATE"": ""2"", ""FLOAT"": ""36.43.705821""}",1,4
run_BGL_sample_20260521T043549_42,2026-05-21T04:35:49.997880+00:00,- 1118080420 2005.06.06 R02-M1-N0-C:J12-U11 2005-06-06-10.53.40.701796 R02-M1-N0-C:J12-U11 RAS KERNEL INFO instruction cache par,- <LARGE_INT> <*> <*> <DATE><FLOAT>.<FLOAT> <*> RAS KERNEL <*> <*> <*> <*>,"{""LARGE_INT"": ""1118080420"", ""*"": ""par"", ""DATE"": ""2"", ""FLOAT"": ""53.40.701796""}",1,4
run_BGL_sample_20260521T043549_42,2026-05-21T04:35:49.997880+00:00,- 1118080480 2005.06.06 R02-M1-N0-C:J12-U11 2005-06-06-10.54.40.382678 R02-M1-N0-C:J12-U11 RAS KERNEL INFO instruction cache par,- <LARGE_INT> <*> <*> <DATE><FLOAT>.<FLOAT> <*> RAS KERNEL <*> <*> <*> <*>,"{""LARGE_INT"": ""1118080480"", ""*"": ""par"", ""DATE"": ""2"", ""FLOAT"": ""54.40.382678""}",1,4
run_BGL_sample_20260521T043549_42,2026-05-21T04:35:49.997880+00:00,- 1118080909 2005.06.06 R02-M1-N0-C:J12-U11 2005-06-06-11.01.49.223879 R02-M1-N0-C:J12-U11 RAS KERNEL INFO instruction cache par,- <LARGE_INT> <*> <*> <DATE><FLOAT>.<FLOAT> <*> RAS KERNEL <*> <*> <*> <*>,"{""LARGE_INT"": ""1118080909"", ""*"": ""par"", ""DATE"": ""2"", ""FLOAT"": ""01.49.223879""}",1,4
run_BGL_sample_20260521T043549_42,2026-05-21T04:35:49.997880+00:00,- 1118081048 2005.06.06 R02-M1-N0-C:J12-U11 2005-06-06-11.04.08.452393 R02-M1-N0-C:J12-U11 RAS KERNEL INFO instruction cache par,- <LARGE_INT> <*> <*> <DATE><FLOAT>.<FLOAT> <*> RAS KERNEL <*> <*> <*> <*>,"{""LARGE_INT"": ""1118081048"", ""*"": ""par"", ""DATE"": ""2"", ""FLOAT"": ""04.08.452393""}",1,4
run_BGL_sample_20260521T043549_42,2026-05-21T04:35:49.997880+00:00,- 1118081391 2005.06.06 R02-M1-N0-C:J12-U11 2005-06-06-11.09.51.751862 R02-M1-N0-C:J12-U11 RAS KERNEL INFO instruction cache par,- <LARGE_INT> <*> <*> <DATE><FLOAT>.<FLOAT> <*> RAS KERNEL <*> <*> <*> <*>,"{""LARGE_INT"": ""1118081391"", ""*"": ""par"", ""DATE"": ""2"", ""FLOAT"": ""09.51.751862""}",1,4
run_BGL_sample_20260521T043549_42,2026-05-21T04:35:49.997880+00:00,- 1118081467 2005.06.06 R02-M1-N0-C:J12-U11 2005-06-06-11.11.07.787886 R02-M1-N0-C:J12-U11 RAS KERNEL INFO instruction cache par,- <LARGE_INT> <*> <*> <DATE><FLOAT>.<FLOAT> <*> RAS KERNEL <*> <*> <*> <*>,"{""LARGE_INT"": ""1118081467"", ""*"": ""par"", ""DATE"": ""2"", ""FLOAT"": ""11.07.787886""}",1,4
run_BGL_sample_20260521T043549_42,2026-05-21T04:35:49.997880+00:00,- 1118112603 2005.06.06 R22-M0-N0-C:J08-U11 2005-06-06-19.50.03.669394 R22-M0-N0-C:J08-U11 RAS KERNEL INFO generating core.430,- <LARGE_INT> <*> <*> <DATE><FLOAT>.<FLOAT> <*> RAS KERNEL INFO generating <*>,"{""LARGE_INT"": ""1118112603"", ""*"": ""core.430"", ""DATE"": ""2"", ""FLOAT"": ""50.03.669394""}",1,4
run_BGL_sample_20260521T043549_42,2026-05-21T04:35:49.997880+00:00,- 1118112604 2005.06.06 R22-M0-N4-C:J08-U11 2005-06-06-19.50.04.552706 R22-M0-N4-C:J08-U11 RAS KERNEL INFO generating core.174,- <LARGE_INT> <*> <*> <DATE><FLOAT>.<FLOAT> <*> RAS KERNEL INFO generating <*>,"{""LARGE_INT"": ""1118112604"", ""*"": ""core.174"", ""DATE"": ""2"", ""FLOAT"": ""50.04.552706""}",1,4
run_BGL_sample_20260521T043549_42,2026-05-21T04:35:49.997880+00:00,- 1118112700 2005.06.06 R23-M0-N0-I:J18-U01 2005-06-06-19.51.40.376079 R23-M0-N0-I:J18-U01 RAS KERNEL INFO ciod: cpu 0 at treead,- <LARGE_INT> <*> <*> <DATE><FLOAT>.<FLOAT> <*> RAS KERNEL INFO <*> <*> <*> at <*>,"{""LARGE_INT"": ""1118112700"", ""*"": ""treead"", ""DATE"": ""2"", ""FLOAT"": ""51.40.376079""}",1,4
run_BGL_sample_20260521T043549_42,2026-05-21T04:35:49.997880+00:00,- 1118114656 2005.06.06 R24-M1-N9-C:J15-U01 2005-06-06-20.24.16.345770 R24-M1-N9-C:J15-U01 RAS KERNEL INFO generating core.976,- <LARGE_INT> <*> <*> <DATE><FLOAT>.<FLOAT> <*> RAS KERNEL INFO generating <*>,"{""LARGE_INT"": ""1118114656"", ""*"": ""core.976"", ""DATE"": ""2"", ""FLOAT"": ""24.16.345770""}",1,4
run_BGL_sample_20260521T043549_42,2026-05-21T04:35:49.997880+00:00,- 1118122888 2005.06.06 R25-M1-N8-C:J06-U01 2005-06-06-22.41.28.143013 R25-M1-N8-C:J06-U01 RAS KERNEL INFO generating core.1990,- <LARGE_INT> <*> <*> <DATE><FLOAT>.<FLOAT> <*> RAS KERNEL INFO generating <*>,"{""LARGE_INT"": ""1118122888"", ""*"": ""core.1990"", ""DATE"": ""2"", ""FLOAT"": ""41.28.143013""}",1,4
run_BGL_sample_20260521T043549_42,2026-05-21T04:35:49.997880+00:00,- 1118149549 2005.06.07 R20-M0-N2-C:J09-U01 2005-06-07-06.05.49.961844 R20-M0-N2-C:J09-U01 RAS KERNEL INFO generating core.3638,- <LARGE_INT> <*> <*> <DATE><FLOAT>.<FLOAT> <*> RAS KERNEL INFO generating <*>,"{""LARGE_INT"": ""1118149549"", ""*"": ""core.3638"", ""DATE"": ""2"", ""FLOAT"": ""05.49.961844""}",1,4
run_BGL_sample_20260521T043549_42,2026-05-21T04:35:49.997880+00:00,- 1118149569 2005.06.07 R21-M0-NB-C:J06-U01 2005-06-07-06.06.09.288228 R21-M0-NB-C:J06-U01 RAS KERNEL INFO generating core.2690,- <LARGE_INT> <*> <*> <DATE><FLOAT>.<FLOAT> <*> RAS KERNEL INFO generating <*>,"{""LARGE_INT"": ""1118149569"", ""*"": ""core.2690"", ""DATE"": ""2"", ""FLOAT"": ""06.09.288228""}",1,4
run_BGL_sample_20260521T043549_42,2026-05-21T04:35:49.997880+00:00,- 1118149570 2005.06.07 R24-M0-NA-C:J15-U11 2005-06-07-06.06.10.391269 R24-M0-NA-C:J15-U11 RAS KERNEL INFO generating core.3804,- <LARGE_INT> <*> <*> <DATE><FLOAT>.<FLOAT> <*> RAS KERNEL INFO generating <*>,"{""LARGE_INT"": ""1118149570"", ""*"": ""core.3804"", ""DATE"": ""2"", ""FLOAT"": ""06.10.391269""}",1,4
run_BGL_sample_20260521T043549_42,2026-05-21T04:35:49.997880+00:00,- 1118149783 2005.06.07 R20-M1-N5-C:J06-U01 2005-06-07-06.09.43.355329 R20-M1-N5-C:J06-U01 RAS KERNEL INFO generating core.418,- <LARGE_INT> <*> <*> <DATE><FLOAT>.<FLOAT> <*> RAS KERNEL INFO generating <*>,"{""LARGE_INT"": ""1118149783"", ""*"": ""core.418"", ""DATE"": ""2"", ""FLOAT"": ""09.43.355329""}",1,4
run_BGL_sample_20260521T043549_42,2026-05-21T04:35:49.997880+00:00,- 1118149821 2005.06.07 R20-M1-N4-C:J09-U01 2005-06-07-06.10.21.214757 R20-M1-N4-C:J09-U01 RAS KERNEL INFO generating core.310,- <LARGE_INT> <*> <*> <DATE><FLOAT>.<FLOAT> <*> RAS KERNEL INFO generating <*>,"{""LARGE_INT"": ""1118149821"", ""*"": ""core.310"", ""DATE"": ""2"", ""FLOAT"": ""10.21.214757""}",1,4
run_BGL_sample_20260521T043549_42,2026-05-21T04:35:49.997880+00:00,- 1118172013 2005.06.07 R35-M0-N7-C:J10-U11 2005-06-07-12.20.13.966416 R35-M0-N7-C:J10-U11 RAS KERNEL INFO generating core.2409,- <LARGE_INT> <*> <*> <DATE><FLOAT>.<FLOAT> <*> RAS KERNEL INFO generating <*>,"{""LARGE_INT"": ""1118172013"", ""*"": ""core.2409"", ""DATE"": ""2"", ""FLOAT"": ""20.13.966416""}",1,4
run_BGL_sample_20260521T043549_42,2026-05-21T04:35:49.997880+00:00,- 1118172017 2005.06.07 R35-M1-NE-C:J09-U01 2005-06-07-12.20.17.344136 R35-M1-NE-C:J09-U01 RAS KERNEL INFO generating core.4182,- <LARGE_INT> <*> <*> <DATE><FLOAT>.<FLOAT> <*> RAS KERNEL INFO generating <*>,"{""LARGE_INT"": ""1118172017"", ""*"": ""core.4182"", ""DATE"": ""2"", ""FLOAT"": ""20.17.344136""}",1,4
run_BGL_sample_20260521T043549_42,2026-05-21T04:35:49.997880+00:00,- 1118172099 2005.06.07 R32-M1-N9-C:J11-U11 2005-06-07-12.21.39.208896 R32-M1-N9-C:J11-U11 RAS KERNEL INFO generating core.8153,- <LARGE_INT> <*> <*> <DATE><FLOAT>.<FLOAT> <*> RAS KERNEL INFO generating <*>,"{""LARGE_INT"": ""1118172099"", ""*"": ""core.8153"", ""DATE"": ""2"", ""FLOAT"": ""21.39.208896""}",1,4
run_BGL_sample_20260521T043549_42,2026-05-21T04:35:49.997880+00:00,- 1118172125 2005.06.07 R36-M1-N8-C:J17-U11 2005-06-07-12.22.05.196450 R36-M1-N8-C:J17-U11 RAS KERNEL INFO generating core.7836,- <LARGE_INT> <*> <*> <DATE><FLOAT>.<FLOAT> <*> RAS KERNEL INFO generating <*>,"{""LARGE_INT"": ""1118172125"", ""*"": ""core.7836"", ""DATE"": ""2"", ""FLOAT"": ""22.05.196450""}",1,4
run_BGL_sample_20260521T043549_42,2026-05-21T04:35:49.997880+00:00,- 1118172147 2005.06.07 R35-M0-NC-C:J03-U11 2005-06-07-12.22.27.613809 R35-M0-NC-C:J03-U11 RAS KERNEL INFO generating core.2911,- <LARGE_INT> <*> <*> <DATE><FLOAT>.<FLOAT> <*> RAS KERNEL INFO generating <*>,"{""LARGE_INT"": ""1118172147"", ""*"": ""core.2911"", ""DATE"": ""2"", ""FLOAT"": ""22.27.613809""}",1,4
run_BGL_sample_20260521T043549_42,2026-05-21T04:35:49.997880+00:00,- 1118172690 2005.06.07 R35-M0-N5-C:J10-U11 2005-06-07-12.31.30.918396 R35-M0-N5-C:J10-U11 RAS KERNEL INFO generating core.2921,- <LARGE_INT> <*> <*> <DATE><FLOAT>.<FLOAT> <*> RAS KERNEL INFO generating <*>,"{""LARGE_INT"": ""1118172690"", ""*"": ""core.2921"", ""DATE"": ""2"", ""FLOAT"": ""31.30.918396""}",1,4
run_BGL_sample_20260521T043549_42,2026-05-21T04:35:49.997880+00:00,- 1118183497 2005.06.07 R34-M0-N7-C:J09-U11 2005-06-07-15.31.37.435791 R34-M0-N7-C:J09-U11 RAS KERNEL INFO generating core.122,- <LARGE_INT> <*> <*> <DATE><FLOAT>.<FLOAT> <*> RAS KERNEL INFO generating <*>,"{""LARGE_INT"": ""1118183497"", ""*"": ""core.122"", ""DATE"": ""2"", ""FLOAT"": ""31.37.435791""}",1,4
run_BGL_sample_20260521T043549_42,2026-05-21T04:35:49.997880+00:00,- 1118183566 2005.06.07 R36-M0-N0-C:J11-U01 2005-06-07-15.32.46.334191 R36-M0-N0-C:J11-U01 RAS KERNEL INFO generating core.1973,- <LARGE_INT> <*> <*> <DATE><FLOAT>.<FLOAT> <*> RAS KERNEL INFO generating <*>,"{""LARGE_INT"": ""1118183566"", ""*"": ""core.1973"", ""DATE"": ""2"", ""FLOAT"": ""32.46.334191""}",1,4
run_BGL_sample_20260521T043549_42,2026-05-21T04:35:49.997880+00:00,- 1118193358 2005.06.07 R11-M0-NC-I:J18-U01 2005-06-07-18.15.58.583443 R11-M0-NC-I:J18-U01 RAS APP FATAL ciod: LOGIN chdir(/p/gb,- <LARGE_INT> <*> <*> <DATE><FLOAT>.<FLOAT> <*> RAS <*> <*> <*> <*> <*>,"{""LARGE_INT"": ""1118193358"", ""*"": ""chdir(/p/gb"", ""DATE"": ""2"", ""FLOAT"": ""15.58.583443""}",1,4
run_BGL_sample_20260521T043549_42,2026-05-21T04:35:49.997880+00:00,- 1118207879 2005.06.07 R17-M1-N7-C:J15-U11 2005-06-07-22.17.59.587113 R17-M1-N7-C:J15-U11 RAS KERNEL INFO generating core.4984,- <LARGE_INT> <*> <*> <DATE><FLOAT>.<FLOAT> <*> RAS KERNEL INFO generating <*>,"{""LARGE_INT"": ""1118207879"", ""*"": ""core.4984"", ""DATE"": ""2"", ""FLOAT"": ""17.59.587113""}",1,4
run_BGL_sample_20260521T043549_42,2026-05-21T04:35:49.997880+00:00,- 1118207897 2005.06.07 R16-M1-NC-C:J06-U11 2005-06-07-22.18.17.203831 R16-M1-NC-C:J06-U11 RAS KERNEL INFO generating core.1822,- <LARGE_INT> <*> <*> <DATE><FLOAT>.<FLOAT> <*> RAS KERNEL INFO generating <*>,"{""LARGE_INT"": ""1118207897"", ""*"": ""core.1822"", ""DATE"": ""2"", ""FLOAT"": ""18.17.203831""}",1,4
run_BGL_sample_20260521T043549_42,2026-05-21T04:35:49.997880+00:00,"- 1118251556 2005.06.08 R16-M1-N2-C:J12-U01 2005-06-08-10.25.56.322381 R16-M1-N2-C:J12-U01 RAS KERNEL INFO CE sym 28, at 0x11006",- <LARGE_INT> <*> <*> <DATE><FLOAT>.<FLOAT> <*> RAS KERNEL INFO <*> <*> <*> at <*>,"{""LARGE_INT"": ""1118251556"", ""*"": ""0x11006"", ""DATE"": ""2"", ""FLOAT"": ""25.56.322381""}",1,4
run_BGL_sample_20260521T043549_42,2026-05-21T04:35:49.997880+00:00,- 1118271740 2005.06.08 R03-M1-N9-C:J09-U11 2005-06-08-16.02.20.600478 R03-M1-N9-C:J09-U11 RAS KERNEL INFO 1 ddr errors(s) detec,- <LARGE_INT> <FLOAT>.08 R03-M1-N9-C:J09-U11 <DATE><FLOAT>.<FLOAT> R03-M1-N9-C:J09-U11 RAS KERNEL INFO <NUM> ddr errors(s) detec,"{""LARGE_INT"": ""1118271740"", ""FLOAT"": ""02.20.600478"", ""DATE"": ""2"", ""NUM"": ""1""}",1,4
run_BGL_sample_20260521T043549_42,2026-05-21T04:35:49.997880+00:00,"- 1118285722 2005.06.08 R15-M1-N6-C:J04-U11 2005-06-08-19.55.22.798062 R15-M1-N6-C:J04-U11 RAS KERNEL INFO CE sym 14, at 0x06047",- <LARGE_INT> <*> <*> <DATE><FLOAT>.<FLOAT> <*> RAS KERNEL INFO <*> <*> <*> at <*>,"{""LARGE_INT"": ""1118285722"", ""*"": ""0x06047"", ""DATE"": ""2"", ""FLOAT"": ""55.22.798062""}",1,4
run_BGL_sample_20260521T043549_42,2026-05-21T04:35:49.997880+00:00,- 1118290076 2005.06.08 R27-M0-ND-C:J10-U01 2005-06-08-21.07.56.397001 R27-M0-ND-C:J10-U01 RAS KERNEL INFO generating core.3265,- <LARGE_INT> <*> <*> <DATE><FLOAT>.<FLOAT> <*> RAS KERNEL INFO generating <*>,"{""LARGE_INT"": ""1118290076"", ""*"": ""core.3265"", ""DATE"": ""2"", ""FLOAT"": ""07.56.397001""}",1,4
run_BGL_sample_20260521T043549_42,2026-05-21T04:35:49.997880+00:00,- 1118290077 2005.06.08 R27-M1-N6-C:J04-U01 2005-06-08-21.07.57.879112 R27-M1-N6-C:J04-U01 RAS KERNEL INFO generating core.2599,- <LARGE_INT> <*> <*> <DATE><FLOAT>.<FLOAT> <*> RAS KERNEL INFO generating <*>,"{""LARGE_INT"": ""1118290077"", ""*"": ""core.2599"", ""DATE"": ""2"", ""FLOAT"": ""07.57.879112""}",1,4
run_BGL_sample_20260521T043549_42,2026-05-21T04:35:49.997880+00:00,- 1118292507 2005.06.08 R26-M0-NB-C:J09-U11 2005-06-08-21.48.27.952411 R26-M0-NB-C:J09-U11 RAS KERNEL INFO generating core.1818,- <LARGE_INT> <*> <*> <DATE><FLOAT>.<FLOAT> <*> RAS KERNEL INFO generating <*>,"{""LARGE_INT"": ""1118292507"", ""*"": ""core.1818"", ""DATE"": ""2"", ""FLOAT"": ""48.27.952411""}",1,4
run_BGL_sample_20260521T043549_42,2026-05-21T04:35:49.997880+00:00,- 1118301090 2005.06.09 R21-M1-NA-C:J07-U11 2005-06-09-00.11.30.925676 R21-M1-NA-C:J07-U11 RAS KERNEL INFO generating core.1694,- <LARGE_INT> <*> <*> <DATE><FLOAT>.<FLOAT> <*> RAS KERNEL INFO generating <*>,"{""LARGE_INT"": ""1118301090"", ""*"": ""core.1694"", ""DATE"": ""2"", ""FLOAT"": ""11.30.925676""}",1,4
run_BGL_sample_20260521T043549_42,2026-05-21T04:35:49.997880+00:00,- 1118343776 2005.06.09 R16-M1-N1-C:J12-U01 2005-06-09-12.02.56.706796 R16-M1-N1-C:J12-U01 RAS KERNEL INFO generating core.3401,- <LARGE_INT> <*> <*> <DATE><FLOAT>.<FLOAT> <*> RAS KERNEL INFO generating <*>,"{""LARGE_INT"": ""1118343776"", ""*"": ""core.3401"", ""DATE"": ""2"", ""FLOAT"": ""02.56.706796""}",1,4
run_BGL_sample_20260521T043549_42,2026-05-21T04:35:49.997880+00:00,- 1118343816 2005.06.09 R07-M1-NE-C:J06-U01 2005-06-09-12.03.36.113136 R07-M1-NE-C:J06-U01 RAS KERNEL INFO generating core.25350,- <LARGE_INT> <*> <*> <DATE><FLOAT>.<FLOAT> <*> RAS KERNEL INFO generating <*>,"{""LARGE_INT"": ""1118343816"", ""*"": ""core.25350"", ""DATE"": ""2"", ""FLOAT"": ""03.36.113136""}",1,4
run_BGL_sample_20260521T043549_42,2026-05-21T04:35:49.997880+00:00,- 1118343958 2005.06.09 R23-M1-NA-C:J17-U11 2005-06-09-12.05.58.258567 R23-M1-NA-C:J17-U11 RAS KERNEL INFO generating core.1820,- <LARGE_INT> <*> <*> <DATE><FLOAT>.<FLOAT> <*> RAS KERNEL INFO generating <*>,"{""LARGE_INT"": ""1118343958"", ""*"": ""core.1820"", ""DATE"": ""2"", ""FLOAT"": ""05.58.258567""}",1,4
run_BGL_sample_20260521T043549_42,2026-05-21T04:35:49.997880+00:00,"- 1118351098 2005.06.09 R16-M1-N2-C:J17-U01 2005-06-09-14.04.58.329635 R16-M1-N2-C:J17-U01 RAS KERNEL INFO CE sym 2, at 0x1b85f0",- <LARGE_INT> <*> <*> <DATE><FLOAT>.<FLOAT> <*> RAS KERNEL INFO <*> <*> <*> at <*>,"{""LARGE_INT"": ""1118351098"", ""*"": ""0x1b85f0"", ""DATE"": ""2"", ""FLOAT"": ""04.58.329635""}",1,4
run_BGL_sample_20260521T043549_42,2026-05-21T04:35:49.997880+00:00,- 1118354046 2005.06.09 R24-M1-N6-C:J07-U11 2005-06-09-14.54.06.957120 R24-M1-N6-C:J07-U11 RAS KERNEL INFO generating core.254,- <LARGE_INT> <*> <*> <DATE><FLOAT>.<FLOAT> <*> RAS KERNEL INFO generating <*>,"{""LARGE_INT"": ""1118354046"", ""*"": ""core.254"", ""DATE"": ""2"", ""FLOAT"": ""54.06.957120""}",1,4
run_BGL_sample_20260521T043549_42,2026-05-21T04:35:49.997880+00:00,- 1118354070 2005.06.09 R25-M1-N8-C:J05-U11 2005-06-09-14.54.30.103580 R25-M1-N8-C:J05-U11 RAS KERNEL INFO generating core.1887,- <LARGE_INT> <*> <*> <DATE><FLOAT>.<FLOAT> <*> RAS KERNEL INFO generating <*>,"{""LARGE_INT"": ""1118354070"", ""*"": ""core.1887"", ""DATE"": ""2"", ""FLOAT"": ""54.30.103580""}",1,4
run_BGL_sample_20260521T043549_42,2026-05-21T04:35:49.997880+00:00,"- 1118363168 2005.06.09 R16-M1-N2-C:J17-U01 2005-06-09-17.26.08.386218 R16-M1-N2-C:J17-U01 RAS KERNEL INFO CE sym 2, at 0x1b85fe",- <LARGE_INT> <*> <*> <DATE><FLOAT>.<FLOAT> <*> RAS KERNEL INFO <*> <*> <*> at <*>,"{""LARGE_INT"": ""1118363168"", ""*"": ""0x1b85fe"", ""DATE"": ""2"", ""FLOAT"": ""26.08.386218""}",1,4
run_BGL_sample_20260521T043549_42,2026-05-21T04:35:49.997880+00:00,- 1118371043 2005.06.09 R11-M0-N7-C:J16-U11 2005-06-09-19.37.23.866536 R11-M0-N7-C:J16-U11 RAS KERNEL INFO generating core.8280,- <LARGE_INT> <*> <*> <DATE><FLOAT>.<FLOAT> <*> RAS KERNEL INFO generating <*>,"{""LARGE_INT"": ""1118371043"", ""*"": ""core.8280"", ""DATE"": ""2"", ""FLOAT"": ""37.23.866536""}",1,4
run_BGL_sample_20260521T043549_42,2026-05-21T04:35:49.997880+00:00,- 1118371064 2005.06.09 R00-M1-N6-C:J12-U01 2005-06-09-19.37.44.455502 R00-M1-N6-C:J12-U01 RAS KERNEL INFO generating core.12357,- <LARGE_INT> <*> <*> <DATE><FLOAT>.<FLOAT> <*> RAS KERNEL INFO generating <*>,"{""LARGE_INT"": ""1118371064"", ""*"": ""core.12357"", ""DATE"": ""2"", ""FLOAT"": ""37.44.455502""}",1,4
run_BGL_sample_20260521T043549_42,2026-05-21T04:35:49.997880+00:00,KERNDTLB 1118536327 2005.06.11 R30-M0-N9-C:J16-U01 2005-06-11-17.32.07.581048 R30-M0-N9-C:J16-U01 RAS KERNEL FATAL data TLB erro,KERNDTLB <LARGE_INT> <FLOAT>.11 R30-M0-N9-C:J16-U01 <DATE><FLOAT>.<FLOAT> R30-M0-N9-C:J16-U01 RAS KERNEL FATAL data TLB erro,"{""LARGE_INT"": ""1118536327"", ""FLOAT"": ""32.07.581048"", ""DATE"": ""2""}",1,3
run_BGL_sample_20260521T043549_42,2026-05-21T04:35:49.997880+00:00,KERNDTLB 1118536959 2005.06.11 R30-M0-N9-C:J16-U01 2005-06-11-17.42.39.794840 R30-M0-N9-C:J16-U01 RAS KERNEL FATAL data TLB erro,KERNDTLB <LARGE_INT> <FLOAT>.11 R30-M0-N9-C:J16-U01 <DATE><FLOAT>.<FLOAT> R30-M0-N9-C:J16-U01 RAS KERNEL FATAL data TLB erro,"{""LARGE_INT"": ""1118536959"", ""FLOAT"": ""42.39.794840"", ""DATE"": ""2""}",1,3
run_BGL_sample_20260521T043549_42,2026-05-21T04:35:49.997880+00:00,KERNDTLB 1118537212 2005.06.11 R30-M0-N9-C:J16-U01 2005-06-11-17.46.52.020435 R30-M0-N9-C:J16-U01 RAS KERNEL FATAL data TLB erro,KERNDTLB <LARGE_INT> <FLOAT>.11 R30-M0-N9-C:J16-U01 <DATE><FLOAT>.<FLOAT> R30-M0-N9-C:J16-U01 RAS KERNEL FATAL data TLB erro,"{""LARGE_INT"": ""1118537212"", ""FLOAT"": ""46.52.020435"", ""DATE"": ""2""}",1,3
run_BGL_sample_20260521T043549_42,2026-05-21T04:35:49.997880+00:00,KERNDTLB 1118537261 2005.06.11 R30-M0-N9-C:J16-U01 2005-06-11-17.47.41.103595 R30-M0-N9-C:J16-U01 RAS KERNEL FATAL data TLB erro,KERNDTLB <LARGE_INT> <FLOAT>.11 R30-M0-N9-C:J16-U01 <DATE><FLOAT>.<FLOAT> R30-M0-N9-C:J16-U01 RAS KERNEL FATAL data TLB erro,"{""LARGE_INT"": ""1118537261"", ""FLOAT"": ""47.41.103595"", ""DATE"": ""2""}",1,3
run_BGL_sample_20260521T043549_42,2026-05-21T04:35:49.997880+00:00,KERNDTLB 1118537622 2005.06.11 R30-M0-N9-C:J16-U01 2005-06-11-17.53.42.323869 R30-M0-N9-C:J16-U01 RAS KERNEL FATAL data TLB erro,KERNDTLB <LARGE_INT> <FLOAT>.11 R30-M0-N9-C:J16-U01 <DATE><FLOAT>.<FLOAT> R30-M0-N9-C:J16-U01 RAS KERNEL FATAL data TLB erro,"{""LARGE_INT"": ""1118537622"", ""FLOAT"": ""53.42.323869"", ""DATE"": ""2""}",1,3
run_BGL_sample_20260521T043549_42,2026-05-21T04:35:49.997880+00:00,KERNDTLB 1118537694 2005.06.11 R30-M0-N9-C:J16-U01 2005-06-11-17.54.54.024829 R30-M0-N9-C:J16-U01 RAS KERNEL FATAL data TLB erro,KERNDTLB <LARGE_INT> <FLOAT>.11 R30-M0-N9-C:J16-U01 <DATE><FLOAT>.<FLOAT> R30-M0-N9-C:J16-U01 RAS KERNEL FATAL data TLB erro,"{""LARGE_INT"": ""1118537694"", ""FLOAT"": ""54.54.024829"", ""DATE"": ""2""}",1,3
run_BGL_sample_20260521T043549_42,2026-05-21T04:35:49.997880+00:00,KERNDTLB 1118538129 2005.06.11 R30-M0-N9-C:J16-U01 2005-06-11-18.02.09.666558 R30-M0-N9-C:J16-U01 RAS KERNEL FATAL data TLB erro,KERNDTLB <LARGE_INT> <FLOAT>.11 R30-M0-N9-C:J16-U01 <DATE><FLOAT>.<FLOAT> R30-M0-N9-C:J16-U01 RAS KERNEL FATAL data TLB erro,"{""LARGE_INT"": ""1118538129"", ""FLOAT"": ""02.09.666558"", ""DATE"": ""2""}",1,3
run_BGL_sample_20260521T043549_42,2026-05-21T04:35:49.997880+00:00,KERNDTLB 1118538182 2005.06.11 R30-M0-N9-C:J16-U01 2005-06-11-18.03.02.884252 R30-M0-N9-C:J16-U01 RAS KERNEL FATAL data TLB erro,KERNDTLB <LARGE_INT> <FLOAT>.11 R30-M0-N9-C:J16-U01 <DATE><FLOAT>.<FLOAT> R30-M0-N9-C:J16-U01 RAS KERNEL FATAL data TLB erro,"{""LARGE_INT"": ""1118538182"", ""FLOAT"": ""03.02.884252"", ""DATE"": ""2""}",1,3
run_BGL_sample_20260521T043549_42,2026-05-21T04:35:49.997880+00:00,KERNDTLB 1118538836 2005.06.11 R30-M0-N9-C:J16-U01 2005-06-11-18.13.56.287869 R30-M0-N9-C:J16-U01 RAS KERNEL FATAL data TLB erro,KERNDTLB <LARGE_INT> <FLOAT>.11 R30-M0-N9-C:J16-U01 <DATE><FLOAT>.<FLOAT> R30-M0-N9-C:J16-U01 RAS KERNEL FATAL data TLB erro,"{""LARGE_INT"": ""1118538836"", ""FLOAT"": ""13.56.287869"", ""DATE"": ""2""}",1,3
run_BGL_sample_20260521T043549_42,2026-05-21T04:35:49.997880+00:00,KERNDTLB 1118539141 2005.06.11 R30-M0-N9-C:J16-U01 2005-06-11-18.19.01.277745 R30-M0-N9-C:J16-U01 RAS KERNEL FATAL data TLB erro,KERNDTLB <LARGE_INT> <FLOAT>.11 R30-M0-N9-C:J16-U01 <DATE><FLOAT>.<FLOAT> R30-M0-N9-C:J16-U01 RAS KERNEL FATAL data TLB erro,"{""LARGE_INT"": ""1118539141"", ""FLOAT"": ""19.01.277745"", ""DATE"": ""2""}",1,3
run_BGL_sample_20260521T043549_42,2026-05-21T04:35:49.997880+00:00,KERNDTLB 1118539342 2005.06.11 R30-M0-N9-C:J16-U01 2005-06-11-18.22.22.630540 R30-M0-N9-C:J16-U01 RAS KERNEL FATAL data TLB erro,KERNDTLB <LARGE_INT> <FLOAT>.11 R30-M0-N9-C:J16-U01 <DATE><FLOAT>.<FLOAT> R30-M0-N9-C:J16-U01 RAS KERNEL FATAL data TLB erro,"{""LARGE_INT"": ""1118539342"", ""FLOAT"": ""22.22.630540"", ""DATE"": ""2""}",1,3
run_BGL_sample_20260521T043549_42,2026-05-21T04:35:49.997880+00:00,KERNDTLB 1118539682 2005.06.11 R30-M0-N9-C:J16-U01 2005-06-11-18.28.02.964604 R30-M0-N9-C:J16-U01 RAS KERNEL FATAL data TLB erro,KERNDTLB <LARGE_INT> <FLOAT>.11 R30-M0-N9-C:J16-U01 <DATE><FLOAT>.<FLOAT> R30-M0-N9-C:J16-U01 RAS KERNEL FATAL data TLB erro,"{""LARGE_INT"": ""1118539682"", ""FLOAT"": ""28.02.964604"", ""DATE"": ""2""}",1,3
run_BGL_sample_20260521T043549_42,2026-05-21T04:35:49.997880+00:00,KERNDTLB 1118539891 2005.06.11 R30-M0-N9-C:J16-U01 2005-06-11-18.31.31.276036 R30-M0-N9-C:J16-U01 RAS KERNEL FATAL data TLB erro,KERNDTLB <LARGE_INT> <FLOAT>.11 R30-M0-N9-C:J16-U01 <DATE><FLOAT>.<FLOAT> R30-M0-N9-C:J16-U01 RAS KERNEL FATAL data TLB erro,"{""LARGE_INT"": ""1118539891"", ""FLOAT"": ""31.31.276036"", ""DATE"": ""2""}",1,3
run_BGL_sample_20260521T043549_42,2026-05-21T04:35:49.997880+00:00,KERNDTLB 1118540457 2005.06.11 R30-M0-N9-C:J16-U01 2005-06-11-18.40.57.217361 R30-M0-N9-C:J16-U01 RAS KERNEL FATAL data TLB erro,KERNDTLB <LARGE_INT> <FLOAT>.11 R30-M0-N9-C:J16-U01 <DATE><FLOAT>.<FLOAT> R30-M0-N9-C:J16-U01 RAS KERNEL FATAL data TLB erro,"{""LARGE_INT"": ""1118540457"", ""FLOAT"": ""40.57.217361"", ""DATE"": ""2""}",1,3
run_BGL_sample_20260521T043549_42,2026-05-21T04:35:49.997880+00:00,KERNDTLB 1118541065 2005.06.11 R30-M0-N9-C:J16-U01 2005-06-11-18.51.05.246165 R30-M0-N9-C:J16-U01 RAS KERNEL FATAL data TLB erro,KERNDTLB <LARGE_INT> <FLOAT>.11 R30-M0-N9-C:J16-U01 <DATE><FLOAT>.<FLOAT> R30-M0-N9-C:J16-U01 RAS KERNEL FATAL data TLB erro,"{""LARGE_INT"": ""1118541065"", ""FLOAT"": ""51.05.246165"", ""DATE"": ""2""}",1,3
run_BGL_sample_20260521T043549_42,2026-05-21T04:35:49.997880+00:00,KERNDTLB 1118541373 2005.06.11 R30-M0-N9-C:J16-U01 2005-06-11-18.56.13.781741 R30-M0-N9-C:J16-U01 RAS KERNEL FATAL data TLB erro,KERNDTLB <LARGE_INT> <FLOAT>.11 R30-M0-N9-C:J16-U01 <DATE><FLOAT>.<FLOAT> R30-M0-N9-C:J16-U01 RAS KERNEL FATAL data TLB erro,"{""LARGE_INT"": ""1118541373"", ""FLOAT"": ""56.13.781741"", ""DATE"": ""2""}",1,3
run_BGL_sample_20260521T043549_42,2026-05-21T04:35:49.997880+00:00,KERNDTLB 1118541965 2005.06.11 R30-M0-N9-C:J16-U01 2005-06-11-19.06.05.431824 R30-M0-N9-C:J16-U01 RAS KERNEL FATAL data TLB erro,KERNDTLB <LARGE_INT> <FLOAT>.11 R30-M0-N9-C:J16-U01 <DATE><FLOAT>.<FLOAT> R30-M0-N9-C:J16-U01 RAS KERNEL FATAL data TLB erro,"{""LARGE_INT"": ""1118541965"", ""FLOAT"": ""06.05.431824"", ""DATE"": ""2""}",1,3
run_BGL_sample_20260521T043549_42,2026-05-21T04:35:49.997880+00:00,KERNDTLB 1118542012 2005.06.11 R30-M0-N9-C:J16-U01 2005-06-11-19.06.52.571964 R30-M0-N9-C:J16-U01 RAS KERNEL FATAL data TLB erro,KERNDTLB <LARGE_INT> <FLOAT>.11 R30-M0-N9-C:J16-U01 <DATE><FLOAT>.<FLOAT> R30-M0-N9-C:J16-U01 RAS KERNEL FATAL data TLB erro,"{""LARGE_INT"": ""1118542012"", ""FLOAT"": ""06.52.571964"", ""DATE"": ""2""}",1,3
run_BGL_sample_20260521T043549_42,2026-05-21T04:35:49.997880+00:00,KERNDTLB 1118542376 2005.06.11 R30-M0-N9-C:J16-U01 2005-06-11-19.12.56.115636 R30-M0-N9-C:J16-U01 RAS KERNEL FATAL data TLB erro,KERNDTLB <LARGE_INT> <FLOAT>.11 R30-M0-N9-C:J16-U01 <DATE><FLOAT>.<FLOAT> R30-M0-N9-C:J16-U01 RAS KERNEL FATAL data TLB erro,"{""LARGE_INT"": ""1118542376"", ""FLOAT"": ""12.56.115636"", ""DATE"": ""2""}",1,3
run_BGL_sample_20260521T043549_42,2026-05-21T04:35:49.997880+00:00,KERNDTLB 1118543043 2005.06.11 R30-M0-N9-C:J16-U01 2005-06-11-19.24.03.186547 R30-M0-N9-C:J16-U01 RAS KERNEL FATAL data TLB erro,KERNDTLB <LARGE_INT> <FLOAT>.11 R30-M0-N9-C:J16-U01 <DATE><FLOAT>.<FLOAT> R30-M0-N9-C:J16-U01 RAS KERNEL FATAL data TLB erro,"{""LARGE_INT"": ""1118543043"", ""FLOAT"": ""24.03.186547"", ""DATE"": ""2""}",1,3
run_BGL_sample_20260521T043549_42,2026-05-21T04:35:49.997880+00:00,KERNDTLB 1118543085 2005.06.11 R30-M0-N9-C:J16-U01 2005-06-11-19.24.45.991034 R30-M0-N9-C:J16-U01 RAS KERNEL FATAL data TLB erro,KERNDTLB <LARGE_INT> <FLOAT>.11 R30-M0-N9-C:J16-U01 <DATE><FLOAT>.<FLOAT> R30-M0-N9-C:J16-U01 RAS KERNEL FATAL data TLB erro,"{""LARGE_INT"": ""1118543085"", ""FLOAT"": ""24.45.991034"", ""DATE"": ""2""}",1,3
run_BGL_sample_20260521T043549_42,2026-05-21T04:35:49.997880+00:00,KERNDTLB 1118543420 2005.06.11 R30-M0-N9-C:J16-U01 2005-06-11-19.30.20.585330 R30-M0-N9-C:J16-U01 RAS KERNEL FATAL data TLB erro,KERNDTLB <LARGE_INT> <FLOAT>.11 R30-M0-N9-C:J16-U01 <DATE><FLOAT>.<FLOAT> R30-M0-N9-C:J16-U01 RAS KERNEL FATAL data TLB erro,"{""LARGE_INT"": ""1118543420"", ""FLOAT"": ""30.20.585330"", ""DATE"": ""2""}",1,3
run_BGL_sample_20260521T043549_42,2026-05-21T04:35:49.997880+00:00,KERNDTLB 1118543510 2005.06.11 R30-M0-N9-C:J16-U01 2005-06-11-19.31.50.792512 R30-M0-N9-C:J16-U01 RAS KERNEL FATAL data TLB erro,KERNDTLB <LARGE_INT> <FLOAT>.11 R30-M0-N9-C:J16-U01 <DATE><FLOAT>.<FLOAT> R30-M0-N9-C:J16-U01 RAS KERNEL FATAL data TLB erro,"{""LARGE_INT"": ""1118543510"", ""FLOAT"": ""31.50.792512"", ""DATE"": ""2""}",1,3
run_BGL_sample_20260521T043549_42,2026-05-21T04:35:49.997880+00:00,KERNDTLB 1118543547 2005.06.11 R30-M0-N9-C:J16-U01 2005-06-11-19.32.27.820915 R30-M0-N9-C:J16-U01 RAS KERNEL FATAL data TLB erro,KERNDTLB <LARGE_INT> <FLOAT>.11 R30-M0-N9-C:J16-U01 <DATE><FLOAT>.<FLOAT> R30-M0-N9-C:J16-U01 RAS KERNEL FATAL data TLB erro,"{""LARGE_INT"": ""1118543547"", ""FLOAT"": ""32.27.820915"", ""DATE"": ""2""}",1,3
run_BGL_sample_20260521T043549_42,2026-05-21T04:35:49.997880+00:00,KERNDTLB 1118543583 2005.06.11 R30-M0-N9-C:J16-U01 2005-06-11-19.33.03.793426 R30-M0-N9-C:J16-U01 RAS KERNEL FATAL data TLB erro,KERNDTLB <LARGE_INT> <FLOAT>.11 R30-M0-N9-C:J16-U01 <DATE><FLOAT>.<FLOAT> R30-M0-N9-C:J16-U01 RAS KERNEL FATAL data TLB erro,"{""LARGE_INT"": ""1118543583"", ""FLOAT"": ""33.03.793426"", ""DATE"": ""2""}",1,3
run_BGL_sample_20260521T043549_42,2026-05-21T04:35:49.997880+00:00,KERNDTLB 1118543955 2005.06.11 R30-M0-N9-C:J16-U01 2005-06-11-19.39.15.873091 R30-M0-N9-C:J16-U01 RAS KERNEL FATAL data TLB erro,KERNDTLB <LARGE_INT> <FLOAT>.11 R30-M0-N9-C:J16-U01 <DATE><FLOAT>.<FLOAT> R30-M0-N9-C:J16-U01 RAS KERNEL FATAL data TLB erro,"{""LARGE_INT"": ""1118543955"", ""FLOAT"": ""39.15.873091"", ""DATE"": ""2""}",1,3
run_BGL_sample_20260521T043549_42,2026-05-21T04:35:49.997880+00:00,KERNDTLB 1118544072 2005.06.11 R30-M0-N9-C:J16-U01 2005-06-11-19.41.12.806499 R30-M0-N9-C:J16-U01 RAS KERNEL FATAL data TLB erro,KERNDTLB <LARGE_INT> <FLOAT>.11 R30-M0-N9-C:J16-U01 <DATE><FLOAT>.<FLOAT> R30-M0-N9-C:J16-U01 RAS KERNEL FATAL data TLB erro,"{""LARGE_INT"": ""1118544072"", ""FLOAT"": ""41.12.806499"", ""DATE"": ""2""}",1,3
run_BGL_sample_20260521T043549_42,2026-05-21T04:35:49.997880+00:00,KERNDTLB 1118544523 2005.06.11 R30-M0-N9-C:J16-U01 2005-06-11-19.48.43.752466 R30-M0-N9-C:J16-U01 RAS KERNEL FATAL data TLB erro,KERNDTLB <LARGE_INT> <FLOAT>.11 R30-M0-N9-C:J16-U01 <DATE><FLOAT>.<FLOAT> R30-M0-N9-C:J16-U01 RAS KERNEL FATAL data TLB erro,"{""LARGE_INT"": ""1118544523"", ""FLOAT"": ""48.43.752466"", ""DATE"": ""2""}",1,3
run_BGL_sample_20260521T043549_42,2026-05-21T04:35:49.997880+00:00,KERNDTLB 1118544625 2005.06.11 R30-M0-N9-C:J16-U01 2005-06-11-19.50.25.307011 R30-M0-N9-C:J16-U01 RAS KERNEL FATAL data TLB erro,KERNDTLB <LARGE_INT> <FLOAT>.11 R30-M0-N9-C:J16-U01 <DATE><FLOAT>.<FLOAT> R30-M0-N9-C:J16-U01 RAS KERNEL FATAL data TLB erro,"{""LARGE_INT"": ""1118544625"", ""FLOAT"": ""50.25.307011"", ""DATE"": ""2""}",1,3
run_BGL_sample_20260521T043549_42,2026-05-21T04:35:49.997880+00:00,KERNDTLB 1118544942 2005.06.11 R30-M0-N9-C:J16-U01 2005-06-11-19.55.42.506216 R30-M0-N9-C:J16-U01 RAS KERNEL FATAL data TLB erro,KERNDTLB <LARGE_INT> <FLOAT>.11 R30-M0-N9-C:J16-U01 <DATE><FLOAT>.<FLOAT> R30-M0-N9-C:J16-U01 RAS KERNEL FATAL data TLB erro,"{""LARGE_INT"": ""1118544942"", ""FLOAT"": ""55.42.506216"", ""DATE"": ""2""}",1,3
run_BGL_sample_20260521T043549_42,2026-05-21T04:35:49.997880+00:00,KERNDTLB 1118545027 2005.06.11 R30-M0-N9-C:J16-U01 2005-06-11-19.57.07.898567 R30-M0-N9-C:J16-U01 RAS KERNEL FATAL data TLB erro,KERNDTLB <LARGE_INT> <FLOAT>.11 R30-M0-N9-C:J16-U01 <DATE><FLOAT>.<FLOAT> R30-M0-N9-C:J16-U01 RAS KERNEL FATAL data TLB erro,"{""LARGE_INT"": ""1118545027"", ""FLOAT"": ""57.07.898567"", ""DATE"": ""2""}",1,3
run_BGL_sample_20260521T043549_42,2026-05-21T04:35:49.997880+00:00,KERNDTLB 1118545623 2005.06.11 R30-M0-N9-C:J16-U01 2005-06-11-20.07.03.218292 R30-M0-N9-C:J16-U01 RAS KERNEL FATAL data TLB erro,KERNDTLB <LARGE_INT> <FLOAT>.11 R30-M0-N9-C:J16-U01 <DATE><FLOAT>.<FLOAT> R30-M0-N9-C:J16-U01 RAS KERNEL FATAL data TLB erro,"{""LARGE_INT"": ""1118545623"", ""FLOAT"": ""07.03.218292"", ""DATE"": ""2""}",1,3
run_BGL_sample_20260521T043549_42,2026-05-21T04:35:49.997880+00:00,KERNDTLB 1118545700 2005.06.11 R30-M0-N9-C:J16-U01 2005-06-11-20.08.20.603096 R30-M0-N9-C:J16-U01 RAS KERNEL FATAL data TLB erro,KERNDTLB <LARGE_INT> <FLOAT>.11 R30-M0-N9-C:J16-U01 <DATE><FLOAT>.<FLOAT> R30-M0-N9-C:J16-U01 RAS KERNEL FATAL data TLB erro,"{""LARGE_INT"": ""1118545700"", ""FLOAT"": ""08.20.603096"", ""DATE"": ""2""}",1,3
run_BGL_sample_20260521T043549_42,2026-05-21T04:35:49.997880+00:00,KERNDTLB 1118548457 2005.06.11 R30-M0-N9-C:J16-U01 2005-06-11-20.54.17.510380 R30-M0-N9-C:J16-U01 RAS KERNEL FATAL data TLB erro,KERNDTLB <LARGE_INT> <FLOAT>.11 R30-M0-N9-C:J16-U01 <DATE><FLOAT>.<FLOAT> R30-M0-N9-C:J16-U01 RAS KERNEL FATAL data TLB erro,"{""LARGE_INT"": ""1118548457"", ""FLOAT"": ""54.17.510380"", ""DATE"": ""2""}",1,3
run_BGL_sample_20260521T043549_42,2026-05-21T04:35:49.997880+00:00,KERNDTLB 1118548933 2005.06.11 R30-M0-N9-C:J16-U01 2005-06-11-21.02.13.585407 R30-M0-N9-C:J16-U01 RAS KERNEL FATAL data TLB erro,KERNDTLB <LARGE_INT> <FLOAT>.11 R30-M0-N9-C:J16-U01 <DATE><FLOAT>.<FLOAT> R30-M0-N9-C:J16-U01 RAS KERNEL FATAL data TLB erro,"{""LARGE_INT"": ""1118548933"", ""FLOAT"": ""02.13.585407"", ""DATE"": ""2""}",1,3
run_BGL_sample_20260521T043549_42,2026-05-21T04:35:49.997880+00:00,KERNDTLB 1118549132 2005.06.11 R30-M0-N9-C:J16-U01 2005-06-11-21.05.32.007991 R30-M0-N9-C:J16-U01 RAS KERNEL FATAL data TLB erro,KERNDTLB <LARGE_INT> <FLOAT>.11 R30-M0-N9-C:J16-U01 <DATE><FLOAT>.<FLOAT> R30-M0-N9-C:J16-U01 RAS KERNEL FATAL data TLB erro,"{""LARGE_INT"": ""1118549132"", ""FLOAT"": ""05.32.007991"", ""DATE"": ""2""}",1,3
run_BGL_sample_20260521T043549_42,2026-05-21T04:35:49.997880+00:00,KERNDTLB 1118549466 2005.06.11 R30-M0-N9-C:J16-U01 2005-06-11-21.11.06.535786 R30-M0-N9-C:J16-U01 RAS KERNEL FATAL data TLB erro,KERNDTLB <LARGE_INT> <FLOAT>.11 R30-M0-N9-C:J16-U01 <DATE><FLOAT>.<FLOAT> R30-M0-N9-C:J16-U01 RAS KERNEL FATAL data TLB erro,"{""LARGE_INT"": ""1118549466"", ""FLOAT"": ""11.06.535786"", ""DATE"": ""2""}",1,3
run_BGL_sample_20260521T043549_42,2026-05-21T04:35:49.997880+00:00,KERNDTLB 1118549852 2005.06.11 R30-M0-N9-C:J16-U01 2005-06-11-21.17.32.188993 R30-M0-N9-C:J16-U01 RAS KERNEL FATAL data TLB erro,KERNDTLB <LARGE_INT> <FLOAT>.11 R30-M0-N9-C:J16-U01 <DATE><FLOAT>.<FLOAT> R30-M0-N9-C:J16-U01 RAS KERNEL FATAL data TLB erro,"{""LARGE_INT"": ""1118549852"", ""FLOAT"": ""17.32.188993"", ""DATE"": ""2""}",1,3
run_BGL_sample_20260521T043549_42,2026-05-21T04:35:49.997880+00:00,KERNDTLB 1118549971 2005.06.11 R30-M0-N9-C:J16-U01 2005-06-11-21.19.31.616037 R30-M0-N9-C:J16-U01 RAS KERNEL FATAL data TLB erro,KERNDTLB <LARGE_INT> <FLOAT>.11 R30-M0-N9-C:J16-U01 <DATE><FLOAT>.<FLOAT> R30-M0-N9-C:J16-U01 RAS KERNEL FATAL data TLB erro,"{""LARGE_INT"": ""1118549971"", ""FLOAT"": ""19.31.616037"", ""DATE"": ""2""}",1,3
run_BGL_sample_20260521T043549_42,2026-05-21T04:35:49.997880+00:00,KERNDTLB 1118550514 2005.06.11 R30-M0-N9-C:J16-U01 2005-06-11-21.28.34.864892 R30-M0-N9-C:J16-U01 RAS KERNEL FATAL data TLB erro,KERNDTLB <LARGE_INT> <FLOAT>.11 R30-M0-N9-C:J16-U01 <DATE><FLOAT>.<FLOAT> R30-M0-N9-C:J16-U01 RAS KERNEL FATAL data TLB erro,"{""LARGE_INT"": ""1118550514"", ""FLOAT"": ""28.34.864892"", ""DATE"": ""2""}",1,3
run_BGL_sample_20260521T043549_42,2026-05-21T04:35:49.997880+00:00,KERNDTLB 1118550590 2005.06.11 R30-M0-N9-C:J16-U01 2005-06-11-21.29.50.731558 R30-M0-N9-C:J16-U01 RAS KERNEL FATAL data TLB erro,KERNDTLB <LARGE_INT> <FLOAT>.11 R30-M0-N9-C:J16-U01 <DATE><FLOAT>.<FLOAT> R30-M0-N9-C:J16-U01 RAS KERNEL FATAL data TLB erro,"{""LARGE_INT"": ""1118550590"", ""FLOAT"": ""29.50.731558"", ""DATE"": ""2""}",1,3
run_BGL_sample_20260521T043549_42,2026-05-21T04:35:49.997880+00:00,KERNDTLB 1118550729 2005.06.11 R30-M0-N9-C:J16-U01 2005-06-11-21.32.09.069241 R30-M0-N9-C:J16-U01 RAS KERNEL FATAL data TLB erro,KERNDTLB <LARGE_INT> <FLOAT>.11 R30-M0-N9-C:J16-U01 <DATE><FLOAT>.<FLOAT> R30-M0-N9-C:J16-U01 RAS KERNEL FATAL data TLB erro,"{""LARGE_INT"": ""1118550729"", ""FLOAT"": ""32.09.069241"", ""DATE"": ""2""}",1,3
run_BGL_sample_20260521T043549_42,2026-05-21T04:35:49.997880+00:00,KERNDTLB 1118550833 2005.06.11 R30-M0-N9-C:J16-U01 2005-06-11-21.33.53.535990 R30-M0-N9-C:J16-U01 RAS KERNEL FATAL data TLB erro,KERNDTLB <LARGE_INT> <FLOAT>.11 R30-M0-N9-C:J16-U01 <DATE><FLOAT>.<FLOAT> R30-M0-N9-C:J16-U01 RAS KERNEL FATAL data TLB erro,"{""LARGE_INT"": ""1118550833"", ""FLOAT"": ""33.53.535990"", ""DATE"": ""2""}",1,3
run_BGL_sample_20260521T043549_42,2026-05-21T04:35:49.997880+00:00,KERNDTLB 1118551483 2005.06.11 R30-M0-N9-C:J16-U01 2005-06-11-21.44.43.496547 R30-M0-N9-C:J16-U01 RAS KERNEL FATAL data TLB erro,KERNDTLB <LARGE_INT> <FLOAT>.11 R30-M0-N9-C:J16-U01 <DATE><FLOAT>.<FLOAT> R30-M0-N9-C:J16-U01 RAS KERNEL FATAL data TLB erro,"{""LARGE_INT"": ""1118551483"", ""FLOAT"": ""44.43.496547"", ""DATE"": ""2""}",1,3
run_BGL_sample_20260521T043549_42,2026-05-21T04:35:49.997880+00:00,KERNDTLB 1118552349 2005.06.11 R30-M0-N9-C:J16-U01 2005-06-11-21.59.09.406185 R30-M0-N9-C:J16-U01 RAS KERNEL FATAL data TLB erro,KERNDTLB <LARGE_INT> <FLOAT>.11 R30-M0-N9-C:J16-U01 <DATE><FLOAT>.<FLOAT> R30-M0-N9-C:J16-U01 RAS KERNEL FATAL data TLB erro,"{""LARGE_INT"": ""1118552349"", ""FLOAT"": ""59.09.406185"", ""DATE"": ""2""}",1,3
run_BGL_sample_20260521T043549_42,2026-05-21T04:35:49.997880+00:00,KERNDTLB 1118552553 2005.06.11 R30-M0-N9-C:J16-U01 2005-06-11-22.02.33.858708 R30-M0-N9-C:J16-U01 RAS KERNEL FATAL data TLB erro,KERNDTLB <LARGE_INT> <FLOAT>.11 R30-M0-N9-C:J16-U01 <DATE><FLOAT>.<FLOAT> R30-M0-N9-C:J16-U01 RAS KERNEL FATAL data TLB erro,"{""LARGE_INT"": ""1118552553"", ""FLOAT"": ""02.33.858708"", ""DATE"": ""2""}",1,3
run_BGL_sample_20260521T043549_42,2026-05-21T04:35:49.997880+00:00,KERNDTLB 1118552691 2005.06.11 R30-M0-N9-C:J16-U01 2005-06-11-22.04.51.794882 R30-M0-N9-C:J16-U01 RAS KERNEL FATAL data TLB erro,KERNDTLB <LARGE_INT> <FLOAT>.11 R30-M0-N9-C:J16-U01 <DATE><FLOAT>.<FLOAT> R30-M0-N9-C:J16-U01 RAS KERNEL FATAL data TLB erro,"{""LARGE_INT"": ""1118552691"", ""FLOAT"": ""04.51.794882"", ""DATE"": ""2""}",1,3
run_BGL_sample_20260521T043549_42,2026-05-21T04:35:49.997880+00:00,KERNDTLB 1118552811 2005.06.11 R30-M0-N9-C:J16-U01 2005-06-11-22.06.51.501364 R30-M0-N9-C:J16-U01 RAS KERNEL FATAL data TLB erro,KERNDTLB <LARGE_INT> <FLOAT>.11 R30-M0-N9-C:J16-U01 <DATE><FLOAT>.<FLOAT> R30-M0-N9-C:J16-U01 RAS KERNEL FATAL data TLB erro,"{""LARGE_INT"": ""1118552811"", ""FLOAT"": ""06.51.501364"", ""DATE"": ""2""}",1,3
run_BGL_sample_20260521T043549_42,2026-05-21T04:35:49.997880+00:00,KERNDTLB 1118552875 2005.06.11 R30-M0-N9-C:J16-U01 2005-06-11-22.07.55.838589 R30-M0-N9-C:J16-U01 RAS KERNEL FATAL data TLB erro,KERNDTLB <LARGE_INT> <FLOAT>.11 R30-M0-N9-C:J16-U01 <DATE><FLOAT>.<FLOAT> R30-M0-N9-C:J16-U01 RAS KERNEL FATAL data TLB erro,"{""LARGE_INT"": ""1118552875"", ""FLOAT"": ""07.55.838589"", ""DATE"": ""2""}",1,3
run_BGL_sample_20260521T043549_42,2026-05-21T04:35:49.997880+00:00,KERNDTLB 1118553263 2005.06.11 R30-M0-N9-C:J16-U01 2005-06-11-22.14.23.973994 R30-M0-N9-C:J16-U01 RAS KERNEL FATAL data TLB erro,KERNDTLB <LARGE_INT> <FLOAT>.11 R30-M0-N9-C:J16-U01 <DATE><FLOAT>.<FLOAT> R30-M0-N9-C:J16-U01 RAS KERNEL FATAL data TLB erro,"{""LARGE_INT"": ""1118553263"", ""FLOAT"": ""14.23.973994"", ""DATE"": ""2""}",1,3
run_BGL_sample_20260521T043549_42,2026-05-21T04:35:49.997880+00:00,KERNDTLB 1118553888 2005.06.11 R30-M0-N9-C:J16-U01 2005-06-11-22.24.48.384418 R30-M0-N9-C:J16-U01 RAS KERNEL FATAL data TLB erro,KERNDTLB <LARGE_INT> <FLOAT>.11 R30-M0-N9-C:J16-U01 <DATE><FLOAT>.<FLOAT> R30-M0-N9-C:J16-U01 RAS KERNEL FATAL data TLB erro,"{""LARGE_INT"": ""1118553888"", ""FLOAT"": ""24.48.384418"", ""DATE"": ""2""}",1,3
run_BGL_sample_20260521T043549_42,2026-05-21T04:35:49.997880+00:00,KERNDTLB 1118554196 2005.06.11 R30-M0-N9-C:J16-U01 2005-06-11-22.29.56.837444 R30-M0-N9-C:J16-U01 RAS KERNEL FATAL data TLB erro,KERNDTLB <LARGE_INT> <FLOAT>.11 R30-M0-N9-C:J16-U01 <DATE><FLOAT>.<FLOAT> R30-M0-N9-C:J16-U01 RAS KERNEL FATAL data TLB erro,"{""LARGE_INT"": ""1118554196"", ""FLOAT"": ""29.56.837444"", ""DATE"": ""2""}",1,3
run_BGL_sample_20260521T043549_42,2026-05-21T04:35:49.997880+00:00,KERNDTLB 1118554603 2005.06.11 R30-M0-N9-C:J16-U01 2005-06-11-22.36.43.913043 R30-M0-N9-C:J16-U01 RAS KERNEL FATAL data TLB erro,KERNDTLB <LARGE_INT> <FLOAT>.11 R30-M0-N9-C:J16-U01 <DATE><FLOAT>.<FLOAT> R30-M0-N9-C:J16-U01 RAS KERNEL FATAL data TLB erro,"{""LARGE_INT"": ""1118554603"", ""FLOAT"": ""36.43.913043"", ""DATE"": ""2""}",1,3
run_BGL_sample_20260521T043549_42,2026-05-21T04:35:49.997880+00:00,KERNDTLB 1118554838 2005.06.11 R30-M0-N9-C:J16-U01 2005-06-11-22.40.38.175497 R30-M0-N9-C:J16-U01 RAS KERNEL FATAL data TLB erro,KERNDTLB <LARGE_INT> <FLOAT>.11 R30-M0-N9-C:J16-U01 <DATE><FLOAT>.<FLOAT> R30-M0-N9-C:J16-U01 RAS KERNEL FATAL data TLB erro,"{""LARGE_INT"": ""1118554838"", ""FLOAT"": ""40.38.175497"", ""DATE"": ""2""}",1,3
run_BGL_sample_20260521T043549_42,2026-05-21T04:35:49.997880+00:00,KERNDTLB 1118555213 2005.06.11 R30-M0-N9-C:J16-U01 2005-06-11-22.46.53.485059 R30-M0-N9-C:J16-U01 RAS KERNEL FATAL data TLB erro,KERNDTLB <LARGE_INT> <FLOAT>.11 R30-M0-N9-C:J16-U01 <DATE><FLOAT>.<FLOAT> R30-M0-N9-C:J16-U01 RAS KERNEL FATAL data TLB erro,"{""LARGE_INT"": ""1118555213"", ""FLOAT"": ""46.53.485059"", ""DATE"": ""2""}",1,3
run_BGL_sample_20260521T043549_42,2026-05-21T04:35:49.997880+00:00,KERNDTLB 1118555299 2005.06.11 R30-M0-N9-C:J16-U01 2005-06-11-22.48.19.442753 R30-M0-N9-C:J16-U01 RAS KERNEL FATAL data TLB erro,KERNDTLB <LARGE_INT> <FLOAT>.11 R30-M0-N9-C:J16-U01 <DATE><FLOAT>.<FLOAT> R30-M0-N9-C:J16-U01 RAS KERNEL FATAL data TLB erro,"{""LARGE_INT"": ""1118555299"", ""FLOAT"": ""48.19.442753"", ""DATE"": ""2""}",1,3
run_BGL_sample_20260521T043549_42,2026-05-21T04:35:49.997880+00:00,KERNDTLB 1118555531 2005.06.11 R30-M0-N9-C:J16-U01 2005-06-11-22.52.11.070355 R30-M0-N9-C:J16-U01 RAS KERNEL FATAL data TLB erro,KERNDTLB <LARGE_INT> <FLOAT>.11 R30-M0-N9-C:J16-U01 <DATE><FLOAT>.<FLOAT> R30-M0-N9-C:J16-U01 RAS KERNEL FATAL data TLB erro,"{""LARGE_INT"": ""1118555531"", ""FLOAT"": ""52.11.070355"", ""DATE"": ""2""}",1,3
run_BGL_sample_20260521T043549_42,2026-05-21T04:35:49.997880+00:00,KERNDTLB 1118556754 2005.06.11 R30-M0-N9-C:J16-U01 2005-06-11-23.12.34.701151 R30-M0-N9-C:J16-U01 RAS KERNEL FATAL data TLB erro,KERNDTLB <LARGE_INT> <FLOAT>.11 R30-M0-N9-C:J16-U01 <DATE><FLOAT>.<FLOAT> R30-M0-N9-C:J16-U01 RAS KERNEL FATAL data TLB erro,"{""LARGE_INT"": ""1118556754"", ""FLOAT"": ""12.34.701151"", ""DATE"": ""2""}",1,3
run_BGL_sample_20260521T043549_42,2026-05-21T04:35:49.997880+00:00,KERNDTLB 1118557291 2005.06.11 R30-M0-N9-C:J16-U01 2005-06-11-23.21.31.495365 R30-M0-N9-C:J16-U01 RAS KERNEL FATAL data TLB erro,KERNDTLB <LARGE_INT> <FLOAT>.11 R30-M0-N9-C:J16-U01 <DATE><FLOAT>.<FLOAT> R30-M0-N9-C:J16-U01 RAS KERNEL FATAL data TLB erro,"{""LARGE_INT"": ""1118557291"", ""FLOAT"": ""21.31.495365"", ""DATE"": ""2""}",1,3
run_BGL_sample_20260521T043549_42,2026-05-21T04:35:49.997880+00:00,KERNDTLB 1118557583 2005.06.11 R30-M0-N9-C:J16-U01 2005-06-11-23.26.23.330548 R30-M0-N9-C:J16-U01 RAS KERNEL FATAL data TLB erro,KERNDTLB <LARGE_INT> <FLOAT>.11 R30-M0-N9-C:J16-U01 <DATE><FLOAT>.<FLOAT> R30-M0-N9-C:J16-U01 RAS KERNEL FATAL data TLB erro,"{""LARGE_INT"": ""1118557583"", ""FLOAT"": ""26.23.330548"", ""DATE"": ""2""}",1,3
run_BGL_sample_20260521T043549_42,2026-05-21T04:35:49.997880+00:00,"- 1118686962 2005.06.13 R26-M0-NB-C:J07-U01 2005-06-13-11.22.42.601119 R26-M0-NB-C:J07-U01 RAS KERNEL INFO CE sym 10, at 0x08d10",- <LARGE_INT> <*> <*> <DATE><FLOAT>.<FLOAT> <*> RAS KERNEL INFO <*> <*> <*> at <*>,"{""LARGE_INT"": ""1118686962"", ""*"": ""0x08d10"", ""DATE"": ""2"", ""FLOAT"": ""22.42.601119""}",1,4
run_BGL_sample_20260521T043549_42,2026-05-21T04:35:49.997880+00:00,- 1118699850 2005.06.13 R22-M0-NC-I:J18-U01 2005-06-13-14.57.30.126106 R22-M0-NC-I:J18-U01 RAS KERNEL INFO ciod: Message code 0,- <LARGE_INT> <*> <*> <DATE><FLOAT>.<FLOAT> <*> RAS KERNEL INFO <*> <*> <*> <*>,"{""LARGE_INT"": ""1118699850"", ""*"": ""0"", ""DATE"": ""2"", ""FLOAT"": ""57.30.126106""}",1,4
run_BGL_sample_20260521T043549_42,2026-05-21T04:35:49.997880+00:00,KERNSTOR 1118709403 2005.06.13 R10-M1-N5-C:J15-U11 2005-06-13-17.36.43.927885 R10-M1-N5-C:J15-U11 RAS KERNEL FATAL data storage,KERNSTOR <LARGE_INT> <FLOAT>.13 R10-M1-N5-C:J15-U11 <DATE><FLOAT>.<FLOAT> R10-M1-N5-C:J15-U11 RAS KERNEL FATAL data storage,"{""LARGE_INT"": ""1118709403"", ""FLOAT"": ""36.43.927885"", ""DATE"": ""2""}",1,3
run_BGL_sample_20260521T043549_42,2026-05-21T04:35:49.997880+00:00,KERNSTOR 1118709482 2005.06.13 R16-M0-NB-C:J07-U11 2005-06-13-17.38.02.756042 R16-M0-NB-C:J07-U11 RAS KERNEL FATAL data storage,KERNSTOR <LARGE_INT> <FLOAT>.13 <*> <DATE><FLOAT>.<FLOAT> <*> RAS KERNEL FATAL data storage,"{""LARGE_INT"": ""1118709482"", ""FLOAT"": ""38.02.756042"", ""*"": ""R16-M0-NB-C:J07-U11"", ""DATE"": ""2""}",1,4
run_BGL_sample_20260521T043549_42,2026-05-21T04:35:49.997880+00:00,KERNSTOR 1118709549 2005.06.13 R15-M0-N9-C:J05-U11 2005-06-13-17.39.09.591793 R15-M0-N9-C:J05-U11 RAS KERNEL FATAL data storage,KERNSTOR <LARGE_INT> <FLOAT>.13 <*> <DATE><FLOAT>.<FLOAT> <*> RAS KERNEL FATAL data storage,"{""LARGE_INT"": ""1118709549"", ""FLOAT"": ""39.09.591793"", ""*"": ""R15-M0-N9-C:J05-U11"", ""DATE"": ""2""}",1,4
run_BGL_sample_20260521T043549_42,2026-05-21T04:35:49.997880+00:00,KERNSTOR 1118709578 2005.06.13 R13-M1-N2-C:J17-U01 2005-06-13-17.39.38.100643 R13-M1-N2-C:J17-U01 RAS KERNEL FATAL data storage,KERNSTOR <LARGE_INT> <FLOAT>.13 <*> <DATE><FLOAT>.<FLOAT> <*> RAS KERNEL FATAL data storage,"{""LARGE_INT"": ""1118709578"", ""FLOAT"": ""39.38.100643"", ""*"": ""R13-M1-N2-C:J17-U01"", ""DATE"": ""2""}",1,4
run_BGL_sample_20260521T043549_42,2026-05-21T04:35:49.997880+00:00,KERNSTOR 1118709681 2005.06.13 R01-M1-NA-C:J13-U01 2005-06-13-17.41.21.634261 R01-M1-NA-C:J13-U01 RAS KERNEL FATAL data storage,KERNSTOR <LARGE_INT> <FLOAT>.13 <*> <DATE><FLOAT>.<FLOAT> <*> RAS KERNEL FATAL data storage,"{""LARGE_INT"": ""1118709681"", ""FLOAT"": ""41.21.634261"", ""*"": ""R01-M1-NA-C:J13-U01"", ""DATE"": ""2""}",1,4
run_BGL_sample_20260521T043549_42,2026-05-21T04:35:49.997880+00:00,KERNSTOR 1118709681 2005.06.13 R01-M1-NA-C:J09-U01 2005-06-13-17.41.21.662328 R01-M1-NA-C:J09-U01 RAS KERNEL FATAL data storage,KERNSTOR <LARGE_INT> <FLOAT>.13 <*> <DATE><FLOAT>.<FLOAT> <*> RAS KERNEL FATAL data storage,"{""LARGE_INT"": ""1118709681"", ""FLOAT"": ""41.21.662328"", ""*"": ""R01-M1-NA-C:J09-U01"", ""DATE"": ""2""}",1,4
run_BGL_sample_20260521T043549_42,2026-05-21T04:35:49.997880+00:00,KERNSTOR 1118709717 2005.06.13 R05-M0-N7-C:J10-U11 2005-06-13-17.41.57.658353 R05-M0-N7-C:J10-U11 RAS KERNEL FATAL data storage,KERNSTOR <LARGE_INT> <FLOAT>.13 <*> <DATE><FLOAT>.<FLOAT> <*> RAS KERNEL FATAL data storage,"{""LARGE_INT"": ""1118709717"", ""FLOAT"": ""41.57.658353"", ""*"": ""R05-M0-N7-C:J10-U11"", ""DATE"": ""2""}",1,4
run_BGL_sample_20260521T043549_42,2026-05-21T04:35:49.997880+00:00,KERNSTOR 1118709851 2005.06.13 R02-M0-N0-C:J10-U01 2005-06-13-17.44.11.050768 R02-M0-N0-C:J10-U01 RAS KERNEL FATAL data storage,KERNSTOR <LARGE_INT> <FLOAT>.13 <*> <DATE><FLOAT>.<FLOAT> <*> RAS KERNEL FATAL data storage,"{""LARGE_INT"": ""1118709851"", ""FLOAT"": ""44.11.050768"", ""*"": ""R02-M0-N0-C:J10-U01"", ""DATE"": ""2""}",1,4
run_BGL_sample_20260521T043549_42,2026-05-21T04:35:49.997880+00:00,- 1118709955 2005.06.13 R10-M0-N1-C:J17-U11 2005-06-13-17.45.55.674418 R10-M0-N1-C:J17-U11 RAS KERNEL FATAL instruction address:,- <LARGE_INT> <*> <*> <DATE><FLOAT>.<FLOAT> <*> RAS KERNEL <*> <*> <*>,"{""LARGE_INT"": ""1118709955"", ""*"": ""address:"", ""DATE"": ""2"", ""FLOAT"": ""45.55.674418""}",1,4
run_BGL_sample_20260521T043549_42,2026-05-21T04:35:49.997880+00:00,- 1118709996 2005.06.13 R12-M1-NB-C:J09-U01 2005-06-13-17.46.36.623273 R12-M1-NB-C:J09-U01 RAS KERNEL FATAL instruction address:,- <LARGE_INT> <*> <*> <DATE><FLOAT>.<FLOAT> <*> RAS KERNEL <*> <*> <*>,"{""LARGE_INT"": ""1118709996"", ""*"": ""address:"", ""DATE"": ""2"", ""FLOAT"": ""46.36.623273""}",1,4
run_BGL_sample_20260521T043549_42,2026-05-21T04:35:49.997880+00:00,- 1118710134 2005.06.13 R04-M1-N1-C:J11-U11 2005-06-13-17.48.54.474557 R04-M1-N1-C:J11-U11 RAS KERNEL FATAL instruction address:,- <LARGE_INT> <*> <*> <DATE><FLOAT>.<FLOAT> <*> RAS KERNEL <*> <*> <*>,"{""LARGE_INT"": ""1118710134"", ""*"": ""address:"", ""DATE"": ""2"", ""FLOAT"": ""48.54.474557""}",1,4
run_BGL_sample_20260521T043549_42,2026-05-21T04:35:49.997880+00:00,- 1118710233 2005.06.13 R01-M0-NE-C:J17-U11 2005-06-13-17.50.33.240802 R01-M0-NE-C:J17-U11 RAS KERNEL FATAL instruction address:,- <LARGE_INT> <*> <*> <DATE><FLOAT>.<FLOAT> <*> RAS KERNEL <*> <*> <*>,"{""LARGE_INT"": ""1118710233"", ""*"": ""address:"", ""DATE"": ""2"", ""FLOAT"": ""50.33.240802""}",1,4
run_BGL_sample_20260521T043549_42,2026-05-21T04:35:49.997880+00:00,- 1118710289 2005.06.13 R16-M0-N8-C:J02-U11 2005-06-13-17.51.29.224900 R16-M0-N8-C:J02-U11 RAS KERNEL FATAL instruction address:,- <LARGE_INT> <*> <*> <DATE><FLOAT>.<FLOAT> <*> RAS KERNEL <*> <*> <*>,"{""LARGE_INT"": ""1118710289"", ""*"": ""address:"", ""DATE"": ""2"", ""FLOAT"": ""51.29.224900""}",1,4
run_BGL_sample_20260521T043549_42,2026-05-21T04:35:49.997880+00:00,- 1118710341 2005.06.13 R02-M0-N8-C:J08-U11 2005-06-13-17.52.21.811586 R02-M0-N8-C:J08-U11 RAS KERNEL FATAL instruction address:,- <LARGE_INT> <*> <*> <DATE><FLOAT>.<FLOAT> <*> RAS KERNEL <*> <*> <*>,"{""LARGE_INT"": ""1118710341"", ""*"": ""address:"", ""DATE"": ""2"", ""FLOAT"": ""52.21.811586""}",1,4
run_BGL_sample_20260521T043549_42,2026-05-21T04:35:49.997880+00:00,- 1118710403 2005.06.13 R06-M0-N8-C:J13-U11 2005-06-13-17.53.23.965757 R06-M0-N8-C:J13-U11 RAS KERNEL FATAL instruction address:,- <LARGE_INT> <*> <*> <DATE><FLOAT>.<FLOAT> <*> RAS KERNEL <*> <*> <*>,"{""LARGE_INT"": ""1118710403"", ""*"": ""address:"", ""DATE"": ""2"", ""FLOAT"": ""53.23.965757""}",1,4
run_BGL_sample_20260521T043549_42,2026-05-21T04:35:49.997880+00:00,- 1118732642 2005.06.14 R33-M0-NF-C:J07-U11 2005-06-14-00.04.02.552133 R33-M0-NF-C:J07-U11 RAS KERNEL INFO generating core.2522,- <LARGE_INT> <*> <*> <DATE><FLOAT>.<FLOAT> <*> RAS KERNEL <*> <*> <*>,"{""LARGE_INT"": ""1118732642"", ""*"": ""core.2522"", ""DATE"": ""2"", ""FLOAT"": ""04.02.552133""}",1,4
run_BGL_sample_20260521T043549_42,2026-05-21T04:35:49.997880+00:00,- 1118758243 2005.06.14 R36-M0-N0-C:J04-U11 2005-06-14-07.10.43.523299 R36-M0-N0-C:J04-U11 RAS KERNEL INFO generating core.1711,- <LARGE_INT> <*> <*> <DATE><FLOAT>.<FLOAT> <*> RAS KERNEL <*> <*> <*>,"{""LARGE_INT"": ""1118758243"", ""*"": ""core.1711"", ""DATE"": ""2"", ""FLOAT"": ""10.43.523299""}",1,4
run_BGL_sample_20260521T043549_42,2026-05-21T04:35:49.997880+00:00,- 1118758269 2005.06.14 R31-M0-NE-C:J15-U11 2005-06-14-07.11.09.281175 R31-M0-NE-C:J15-U11 RAS KERNEL INFO generating core.2332,- <LARGE_INT> <*> <*> <DATE><FLOAT>.<FLOAT> <*> RAS KERNEL <*> <*> <*>,"{""LARGE_INT"": ""1118758269"", ""*"": ""core.2332"", ""DATE"": ""2"", ""FLOAT"": ""11.09.281175""}",1,4
run_BGL_sample_20260521T043549_42,2026-05-21T04:35:49.997880+00:00,- 1118758278 2005.06.14 R37-M1-NF-C:J11-U11 2005-06-14-07.11.18.222056 R37-M1-NF-C:J11-U11 RAS KERNEL INFO generating core.4505,- <LARGE_INT> <*> <*> <DATE><FLOAT>.<FLOAT> <*> RAS KERNEL <*> <*> <*>,"{""LARGE_INT"": ""1118758278"", ""*"": ""core.4505"", ""DATE"": ""2"", ""FLOAT"": ""11.18.222056""}",1,4
run_BGL_sample_20260521T043549_42,2026-05-21T04:35:49.997880+00:00,- 1118758308 2005.06.14 R32-M0-N3-C:J11-U01 2005-06-14-07.11.48.689764 R32-M0-N3-C:J11-U01 RAS KERNEL INFO generating core.1521,- <LARGE_INT> <*> <*> <DATE><FLOAT>.<FLOAT> <*> RAS KERNEL <*> <*> <*>,"{""LARGE_INT"": ""1118758308"", ""*"": ""core.1521"", ""DATE"": ""2"", ""FLOAT"": ""11.48.689764""}",1,4
run_BGL_sample_20260521T043549_42,2026-05-21T04:35:49.997880+00:00,KERNSTOR 1118765205 2005.06.14 R15-M1-NF-C:J11-U11 2005-06-14-09.06.45.752792 R15-M1-NF-C:J11-U11 RAS KERNEL FATAL data storage,KERNSTOR <LARGE_INT> <*> <*> <DATE><FLOAT>.<FLOAT> <*> RAS KERNEL FATAL data storage,"{""LARGE_INT"": ""1118765205"", ""*"": ""R15-M1-NF-C:J11-U11"", ""DATE"": ""2"", ""FLOAT"": ""06.45.752792""}",1,4
run_BGL_sample_20260521T043549_42,2026-05-21T04:35:49.997880+00:00,KERNSTOR 1118765277 2005.06.14 R12-M0-N2-C:J11-U01 2005-06-14-09.07.57.162326 R12-M0-N2-C:J11-U01 RAS KERNEL FATAL data storage,KERNSTOR <LARGE_INT> <*> <*> <DATE><FLOAT>.<FLOAT> <*> RAS KERNEL FATAL data storage,"{""LARGE_INT"": ""1118765277"", ""*"": ""R12-M0-N2-C:J11-U01"", ""DATE"": ""2"", ""FLOAT"": ""07.57.162326""}",1,4
run_BGL_sample_20260521T043549_42,2026-05-21T04:35:49.997880+00:00,KERNSTOR 1118765328 2005.06.14 R14-M0-N2-C:J02-U01 2005-06-14-09.08.48.339582 R14-M0-N2-C:J02-U01 RAS KERNEL FATAL data storage,KERNSTOR <LARGE_INT> <*> <*> <DATE><FLOAT>.<FLOAT> <*> RAS KERNEL FATAL data storage,"{""LARGE_INT"": ""1118765328"", ""*"": ""R14-M0-N2-C:J02-U01"", ""DATE"": ""2"", ""FLOAT"": ""08.48.339582""}",1,4
run_BGL_sample_20260521T043549_42,2026-05-21T04:35:49.997880+00:00,KERNSTOR 1118765360 2005.06.14 R04-M0-ND-C:J15-U01 2005-06-14-09.09.20.459609 R04-M0-ND-C:J15-U01 RAS KERNEL FATAL data storage,KERNSTOR <LARGE_INT> <*> <*> <DATE><FLOAT>.<FLOAT> <*> RAS KERNEL FATAL data storage,"{""LARGE_INT"": ""1118765360"", ""*"": ""R04-M0-ND-C:J15-U01"", ""DATE"": ""2"", ""FLOAT"": ""09.20.459609""}",1,4
run_BGL_sample_20260521T043549_42,2026-05-21T04:35:49.997880+00:00,KERNSTOR 1118765370 2005.06.14 R01-M1-N6-C:J15-U11 2005-06-14-09.09.30.138103 R01-M1-N6-C:J15-U11 RAS KERNEL FATAL data storage,KERNSTOR <LARGE_INT> <*> <*> <DATE><FLOAT>.<FLOAT> <*> RAS KERNEL FATAL data storage,"{""LARGE_INT"": ""1118765370"", ""*"": ""R01-M1-N6-C:J15-U11"", ""DATE"": ""2"", ""FLOAT"": ""09.30.138103""}",1,4
run_BGL_sample_20260521T043549_42,2026-05-21T04:35:49.997880+00:00,KERNSTOR 1118765511 2005.06.14 R06-M0-N7-C:J08-U01 2005-06-14-09.11.51.127157 R06-M0-N7-C:J08-U01 RAS KERNEL FATAL data storage,KERNSTOR <LARGE_INT> <*> <*> <DATE><FLOAT>.<FLOAT> <*> RAS KERNEL FATAL data storage,"{""LARGE_INT"": ""1118765511"", ""*"": ""R06-M0-N7-C:J08-U01"", ""DATE"": ""2"", ""FLOAT"": ""11.51.127157""}",1,4
run_BGL_sample_20260521T043549_42,2026-05-21T04:35:49.997880+00:00,KERNSTOR 1118765631 2005.06.14 R12-M1-NC-C:J13-U11 2005-06-14-09.13.51.017266 R12-M1-NC-C:J13-U11 RAS KERNEL FATAL data storage,KERNSTOR <LARGE_INT> <*> <*> <DATE><FLOAT>.<FLOAT> <*> RAS KERNEL FATAL data storage,"{""LARGE_INT"": ""1118765631"", ""*"": ""R12-M1-NC-C:J13-U11"", ""DATE"": ""2"", ""FLOAT"": ""13.51.017266""}",1,4
run_BGL_sample_20260521T043549_42,2026-05-21T04:35:49.997880+00:00,KERNSTOR 1118765631 2005.06.14 R06-M0-N0-C:J11-U11 2005-06-14-09.13.51.996954 R06-M0-N0-C:J11-U11 RAS KERNEL FATAL data storage,KERNSTOR <LARGE_INT> <*> <*> <DATE><FLOAT>.<FLOAT> <*> RAS KERNEL FATAL data storage,"{""LARGE_INT"": ""1118765631"", ""*"": ""R06-M0-N0-C:J11-U11"", ""DATE"": ""2"", ""FLOAT"": ""13.51.996954""}",1,4
run_BGL_sample_20260521T043549_42,2026-05-21T04:35:49.997880+00:00,- 1118765676 2005.06.14 R16-M1-N2-C:J07-U01 2005-06-14-09.14.36.498843 R16-M1-N2-C:J07-U01 RAS KERNEL FATAL instruction address:,- <LARGE_INT> <*> <*> <DATE><FLOAT>.<FLOAT> <*> RAS KERNEL <*> <*> <*>,"{""LARGE_INT"": ""1118765676"", ""*"": ""address:"", ""DATE"": ""2"", ""FLOAT"": ""14.36.498843""}",1,4
run_BGL_sample_20260521T043549_42,2026-05-21T04:35:49.997880+00:00,- 1118765746 2005.06.14 R17-M1-N1-C:J12-U11 2005-06-14-09.15.46.266882 R17-M1-N1-C:J12-U11 RAS KERNEL FATAL instruction address:,- <LARGE_INT> <*> <*> <DATE><FLOAT>.<FLOAT> <*> RAS KERNEL <*> <*> <*>,"{""LARGE_INT"": ""1118765746"", ""*"": ""address:"", ""DATE"": ""2"", ""FLOAT"": ""15.46.266882""}",1,4
run_BGL_sample_20260521T043549_42,2026-05-21T04:35:49.997880+00:00,- 1118765795 2005.06.14 R16-M1-N9-C:J16-U11 2005-06-14-09.16.35.364588 R16-M1-N9-C:J16-U11 RAS KERNEL FATAL instruction address:,- <LARGE_INT> <*> <*> <DATE><FLOAT>.<FLOAT> <*> RAS KERNEL <*> <*> <*>,"{""LARGE_INT"": ""1118765795"", ""*"": ""address:"", ""DATE"": ""2"", ""FLOAT"": ""16.35.364588""}",1,4
run_BGL_sample_20260521T043549_42,2026-05-21T04:35:49.997880+00:00,- 1118765825 2005.06.14 R13-M0-NA-C:J15-U01 2005-06-14-09.17.05.516605 R13-M0-NA-C:J15-U01 RAS KERNEL FATAL instruction address:,- <LARGE_INT> <*> <*> <DATE><FLOAT>.<FLOAT> <*> RAS KERNEL <*> <*> <*>,"{""LARGE_INT"": ""1118765825"", ""*"": ""address:"", ""DATE"": ""2"", ""FLOAT"": ""17.05.516605""}",1,4
run_BGL_sample_20260521T043549_42,2026-05-21T04:35:49.997880+00:00,- 1118765858 2005.06.14 R11-M0-N7-C:J10-U01 2005-06-14-09.17.38.154403 R11-M0-N7-C:J10-U01 RAS KERNEL FATAL instruction address:,- <LARGE_INT> <*> <*> <DATE><FLOAT>.<FLOAT> <*> RAS KERNEL <*> <*> <*>,"{""LARGE_INT"": ""1118765858"", ""*"": ""address:"", ""DATE"": ""2"", ""FLOAT"": ""17.38.154403""}",1,4
run_BGL_sample_20260521T043549_42,2026-05-21T04:35:49.997880+00:00,- 1118766090 2005.06.14 R00-M0-N0-C:J13-U11 2005-06-14-09.21.30.885300 R00-M0-N0-C:J13-U11 RAS KERNEL FATAL instruction address:,- <LARGE_INT> <*> <*> <DATE><FLOAT>.<FLOAT> <*> RAS KERNEL <*> <*> <*>,"{""LARGE_INT"": ""1118766090"", ""*"": ""address:"", ""DATE"": ""2"", ""FLOAT"": ""21.30.885300""}",1,4
run_BGL_sample_20260521T043549_42,2026-05-21T04:35:49.997880+00:00,- 1118766119 2005.06.14 R02-M1-NC-C:J08-U11 2005-06-14-09.21.59.021659 R02-M1-NC-C:J08-U11 RAS KERNEL FATAL instruction address:,- <LARGE_INT> <*> <*> <DATE><FLOAT>.<FLOAT> <*> RAS KERNEL <*> <*> <*>,"{""LARGE_INT"": ""1118766119"", ""*"": ""address:"", ""DATE"": ""2"", ""FLOAT"": ""21.59.021659""}",1,4
run_BGL_sample_20260521T043549_42,2026-05-21T04:35:49.997880+00:00,- 1118766139 2005.06.14 R07-M0-NC-C:J10-U01 2005-06-14-09.22.19.720208 R07-M0-NC-C:J10-U01 RAS KERNEL FATAL instruction address:,- <LARGE_INT> <*> <*> <DATE><FLOAT>.<FLOAT> <*> RAS KERNEL <*> <*> <*>,"{""LARGE_INT"": ""1118766139"", ""*"": ""address:"", ""DATE"": ""2"", ""FLOAT"": ""22.19.720208""}",1,4
run_BGL_sample_20260521T043549_42,2026-05-21T04:35:49.997880+00:00,KERNSTOR 1118766804 2005.06.14 R24-M1-N0-C:J16-U01 2005-06-14-09.33.24.217741 R24-M1-N0-C:J16-U01 RAS KERNEL FATAL data storage,KERNSTOR <LARGE_INT> <*> <*> <DATE><FLOAT>.<FLOAT> <*> RAS KERNEL FATAL data storage,"{""LARGE_INT"": ""1118766804"", ""*"": ""R24-M1-N0-C:J16-U01"", ""DATE"": ""2"", ""FLOAT"": ""33.24.217741""}",1,4
run_BGL_sample_20260521T043549_42,2026-05-21T04:35:49.997880+00:00,- 1118766833 2005.06.14 R24-M1-ND-C:J11-U11 2005-06-14-09.33.53.107913 R24-M1-ND-C:J11-U11 RAS KERNEL FATAL instruction address:,- <LARGE_INT> <*> <*> <DATE><FLOAT>.<FLOAT> <*> RAS KERNEL <*> <*> <*>,"{""LARGE_INT"": ""1118766833"", ""*"": ""address:"", ""DATE"": ""2"", ""FLOAT"": ""33.53.107913""}",1,4
run_BGL_sample_20260521T043549_42,2026-05-21T04:35:49.997880+00:00,- 1118766935 2005.06.14 R20-M1-NC-C:J05-U01 2005-06-14-09.35.35.569986 R20-M1-NC-C:J05-U01 RAS KERNEL FATAL instruction address:,- <LARGE_INT> <*> <*> <DATE><FLOAT>.<FLOAT> <*> RAS KERNEL <*> <*> <*>,"{""LARGE_INT"": ""1118766935"", ""*"": ""address:"", ""DATE"": ""2"", ""FLOAT"": ""35.35.569986""}",1,4
run_BGL_sample_20260521T043549_42,2026-05-21T04:35:49.997880+00:00,- 1118767015 2005.06.14 R24-M1-N3-C:J16-U01 2005-06-14-09.36.55.370589 R24-M1-N3-C:J16-U01 RAS KERNEL FATAL data address: 0x0000,- <LARGE_INT> <*> <*> <DATE><FLOAT>.<FLOAT> <*> RAS <*> <*> <*> <*> <*>,"{""LARGE_INT"": ""1118767015"", ""*"": ""0x0000"", ""DATE"": ""2"", ""FLOAT"": ""36.55.370589""}",1,4
run_BGL_sample_20260521T043549_42,2026-05-21T04:35:49.997880+00:00,- 1118767049 2005.06.14 R25-M1-N3-C:J16-U01 2005-06-14-09.37.29.304192 R25-M1-N3-C:J16-U01 RAS KERNEL FATAL data address: 0x0000,- <LARGE_INT> <*> <*> <DATE><FLOAT>.<FLOAT> <*> RAS <*> <*> <*> <*> <*>,"{""LARGE_INT"": ""1118767049"", ""*"": ""0x0000"", ""DATE"": ""2"", ""FLOAT"": ""37.29.304192""}",1,4
run_BGL_sample_20260521T043549_42,2026-05-21T04:35:49.997880+00:00,- 1118767283 2005.06.14 R20-M1-N3-C:J14-U01 2005-06-14-09.41.23.815131 R20-M1-N3-C:J14-U01 RAS KERNEL FATAL machine check: i-fet,- <LARGE_INT> <*> <*> <DATE><FLOAT>.<FLOAT> <*> RAS <*> <*> <*> <*> <*>,"{""LARGE_INT"": ""1118767283"", ""*"": ""i-fet"", ""DATE"": ""2"", ""FLOAT"": ""41.23.815131""}",1,4
run_BGL_sample_20260521T043549_42,2026-05-21T04:35:49.997880+00:00,- 1118767320 2005.06.14 R25-M1-N9-C:J06-U11 2005-06-14-09.42.00.555171 R25-M1-N9-C:J06-U11 RAS KERNEL FATAL machine check: i-fet,- <LARGE_INT> <*> <*> <DATE><FLOAT>.<FLOAT> <*> RAS <*> <*> <*> <*> <*>,"{""LARGE_INT"": ""1118767320"", ""*"": ""i-fet"", ""DATE"": ""2"", ""FLOAT"": ""42.00.555171""}",1,4
run_BGL_sample_20260521T043549_42,2026-05-21T04:35:49.997880+00:00,- 1118767381 2005.06.14 R20-M0-N2-C:J13-U11 2005-06-14-09.43.01.478244 R20-M0-N2-C:J13-U11 RAS KERNEL FATAL program interrupt: i,- <LARGE_INT> <*> <*> <DATE><FLOAT>.<FLOAT> <*> RAS <*> <*> <*> <*> <*>,"{""LARGE_INT"": ""1118767381"", ""*"": ""i"", ""DATE"": ""2"", ""FLOAT"": ""43.01.478244""}",1,4
run_BGL_sample_20260521T043549_42,2026-05-21T04:35:49.997880+00:00,KERNSTOR 1118767897 2005.06.14 R20-M0-NE-C:J02-U01 2005-06-14-09.51.37.041158 R20-M0-NE-C:J02-U01 RAS KERNEL FATAL data storage,KERNSTOR <LARGE_INT> <*> <*> <DATE><FLOAT>.<FLOAT> <*> RAS KERNEL FATAL data storage,"{""LARGE_INT"": ""1118767897"", ""*"": ""R20-M0-NE-C:J02-U01"", ""DATE"": ""2"", ""FLOAT"": ""51.37.041158""}",1,4
run_BGL_sample_20260521T043549_42,2026-05-21T04:35:49.997880+00:00,KERNSTOR 1118767942 2005.06.14 R25-M0-NB-C:J02-U11 2005-06-14-09.52.22.295234 R25-M0-NB-C:J02-U11 RAS KERNEL FATAL data storage,KERNSTOR <LARGE_INT> <*> <*> <DATE><FLOAT>.<FLOAT> <*> RAS KERNEL FATAL data storage,"{""LARGE_INT"": ""1118767942"", ""*"": ""R25-M0-NB-C:J02-U11"", ""DATE"": ""2"", ""FLOAT"": ""52.22.295234""}",1,4
run_BGL_sample_20260521T043549_42,2026-05-21T04:35:49.997880+00:00,KERNSTOR 1118767955 2005.06.14 R11-M1-N6-C:J12-U01 2005-06-14-09.52.35.590523 R11-M1-N6-C:J12-U01 RAS KERNEL FATAL data storage,KERNSTOR <LARGE_INT> <*> <*> <DATE><FLOAT>.<FLOAT> <*> RAS KERNEL FATAL data storage,"{""LARGE_INT"": ""1118767955"", ""*"": ""R11-M1-N6-C:J12-U01"", ""DATE"": ""2"", ""FLOAT"": ""52.35.590523""}",1,4
run_BGL_sample_20260521T043549_42,2026-05-21T04:35:49.997880+00:00,KERNSTOR 1118767965 2005.06.14 R24-M1-N6-C:J13-U01 2005-06-14-09.52.45.933587 R24-M1-N6-C:J13-U01 RAS KERNEL FATAL data storage,KERNSTOR <LARGE_INT> <*> <*> <DATE><FLOAT>.<FLOAT> <*> RAS KERNEL FATAL data storage,"{""LARGE_INT"": ""1118767965"", ""*"": ""R24-M1-N6-C:J13-U01"", ""DATE"": ""2"", ""FLOAT"": ""52.45.933587""}",1,4
run_BGL_sample_20260521T043549_42,2026-05-21T04:35:49.997880+00:00,KERNSTOR 1118768001 2005.06.14 R07-M1-N2-C:J05-U11 2005-06-14-09.53.21.013029 R07-M1-N2-C:J05-U11 RAS KERNEL FATAL data storage,KERNSTOR <LARGE_INT> <*> <*> <DATE><FLOAT>.<FLOAT> <*> RAS KERNEL FATAL data storage,"{""LARGE_INT"": ""1118768001"", ""*"": ""R07-M1-N2-C:J05-U11"", ""DATE"": ""2"", ""FLOAT"": ""53.21.013029""}",1,4
run_BGL_sample_20260521T043549_42,2026-05-21T04:35:49.997880+00:00,- 1118768017 2005.06.14 R21-M1-NB-C:J12-U01 2005-06-14-09.53.37.560823 R21-M1-NB-C:J12-U01 RAS KERNEL FATAL instruction address:,- <LARGE_INT> <*> <*> <DATE><FLOAT>.<FLOAT> <*> RAS KERNEL <*> <*> <*>,"{""LARGE_INT"": ""1118768017"", ""*"": ""address:"", ""DATE"": ""2"", ""FLOAT"": ""53.37.560823""}",1,4
run_BGL_sample_20260521T043549_42,2026-05-21T04:35:49.997880+00:00,KERNSTOR 1118768044 2005.06.14 R05-M1-NB-C:J07-U11 2005-06-14-09.54.04.393973 R05-M1-NB-C:J07-U11 RAS KERNEL FATAL data storage,KERNSTOR <LARGE_INT> <*> <*> <DATE><FLOAT>.<FLOAT> <*> RAS KERNEL FATAL data storage,"{""LARGE_INT"": ""1118768044"", ""*"": ""R05-M1-NB-C:J07-U11"", ""DATE"": ""2"", ""FLOAT"": ""54.04.393973""}",1,4
run_BGL_sample_20260521T043549_42,2026-05-21T04:35:49.997880+00:00,- 1118768070 2005.06.14 R24-M1-N7-C:J08-U01 2005-06-14-09.54.30.228119 R24-M1-N7-C:J08-U01 RAS KERNEL FATAL instruction address:,- <LARGE_INT> <*> <*> <DATE><FLOAT>.<FLOAT> <*> RAS KERNEL <*> <*> <*>,"{""LARGE_INT"": ""1118768070"", ""*"": ""address:"", ""DATE"": ""2"", ""FLOAT"": ""54.30.228119""}",1,4
run_BGL_sample_20260521T043549_42,2026-05-21T04:35:49.997880+00:00,KERNSTOR 1118768087 2005.06.14 R16-M0-N4-C:J02-U11 2005-06-14-09.54.47.139055 R16-M0-N4-C:J02-U11 RAS KERNEL FATAL data storage,KERNSTOR <LARGE_INT> <*> <*> <DATE><FLOAT>.<FLOAT> <*> RAS KERNEL FATAL data storage,"{""LARGE_INT"": ""1118768087"", ""*"": ""R16-M0-N4-C:J02-U11"", ""DATE"": ""2"", ""FLOAT"": ""54.47.139055""}",1,4
run_BGL_sample_20260521T043549_42,2026-05-21T04:35:49.997880+00:00,- 1118768111 2005.06.14 R20-M1-N7-C:J16-U01 2005-06-14-09.55.11.455484 R20-M1-N7-C:J16-U01 RAS KERNEL FATAL data address: 0x0000,- <LARGE_INT> <*> <*> <DATE><FLOAT>.<FLOAT> <*> RAS <*> <*> <*> <*> <*>,"{""LARGE_INT"": ""1118768111"", ""*"": ""0x0000"", ""DATE"": ""2"", ""FLOAT"": ""55.11.455484""}",1,4
run_BGL_sample_20260521T043549_42,2026-05-21T04:35:49.997880+00:00,KERNSTOR 1118768121 2005.06.14 R03-M1-N8-C:J13-U11 2005-06-14-09.55.21.391576 R03-M1-N8-C:J13-U11 RAS KERNEL FATAL data storage,KERNSTOR <LARGE_INT> <*> <*> <DATE><FLOAT>.<FLOAT> <*> RAS KERNEL FATAL data storage,"{""LARGE_INT"": ""1118768121"", ""*"": ""R03-M1-N8-C:J13-U11"", ""DATE"": ""2"", ""FLOAT"": ""55.21.391576""}",1,4
run_BGL_sample_20260521T043549_42,2026-05-21T04:35:49.997880+00:00,- 1118768158 2005.06.14 R25-M0-NF-C:J05-U01 2005-06-14-09.55.58.097920 R25-M0-NF-C:J05-U01 RAS KERNEL FATAL data address: 0x0000,- <LARGE_INT> <*> <*> <DATE><FLOAT>.<FLOAT> <*> RAS <*> <*> <*> <*> <*>,"{""LARGE_INT"": ""1118768158"", ""*"": ""0x0000"", ""DATE"": ""2"", ""FLOAT"": ""55.58.097920""}",1,4
run_BGL_sample_20260521T043549_42,2026-05-21T04:35:49.997880+00:00,- 1118768162 2005.06.14 R25-M0-ND-C:J04-U01 2005-06-14-09.56.02.974678 R25-M0-ND-C:J04-U01 RAS KERNEL FATAL data address: 0x0000,- <LARGE_INT> <*> <*> <DATE><FLOAT>.<FLOAT> <*> RAS <*> <*> <*> <*> <*>,"{""LARGE_INT"": ""1118768162"", ""*"": ""0x0000"", ""DATE"": ""2"", ""FLOAT"": ""56.02.974678""}",1,4
run_BGL_sample_20260521T043549_42,2026-05-21T04:35:49.997880+00:00,KERNSTOR 1118768178 2005.06.14 R06-M1-NC-C:J11-U01 2005-06-14-09.56.18.293090 R06-M1-NC-C:J11-U01 RAS KERNEL FATAL data storage,KERNSTOR <LARGE_INT> <*> <*> <DATE><FLOAT>.<FLOAT> <*> RAS KERNEL FATAL data storage,"{""LARGE_INT"": ""1118768178"", ""*"": ""R06-M1-NC-C:J11-U01"", ""DATE"": ""2"", ""FLOAT"": ""56.18.293090""}",1,4
run_BGL_sample_20260521T043549_42,2026-05-21T04:35:49.997880+00:00,- 1118768186 2005.06.14 R24-M1-N6-C:J11-U01 2005-06-14-09.56.26.940016 R24-M1-N6-C:J11-U01 RAS KERNEL FATAL data address: 0x0000,- <LARGE_INT> <*> <*> <DATE><FLOAT>.<FLOAT> <*> RAS <*> <*> <*> <*> <*>,"{""LARGE_INT"": ""1118768186"", ""*"": ""0x0000"", ""DATE"": ""2"", ""FLOAT"": ""56.26.940016""}",1,4
run_BGL_sample_20260521T043549_42,2026-05-21T04:35:49.997880+00:00,- 1118768357 2005.06.14 R25-M0-N3-C:J13-U11 2005-06-14-09.59.17.720736 R25-M0-N3-C:J13-U11 RAS KERNEL FATAL machine check: i-fet,- <LARGE_INT> <*> <*> <DATE><FLOAT>.<FLOAT> <*> RAS <*> <*> <*> <*> <*>,"{""LARGE_INT"": ""1118768357"", ""*"": ""i-fet"", ""DATE"": ""2"", ""FLOAT"": ""59.17.720736""}",1,4
run_BGL_sample_20260521T043549_42,2026-05-21T04:35:49.997880+00:00,KERNSTOR 1118769323 2005.06.14 R20-M0-ND-C:J15-U11 2005-06-14-10.15.23.940275 R20-M0-ND-C:J15-U11 RAS KERNEL FATAL data storage,KERNSTOR <LARGE_INT> <*> <*> <DATE><FLOAT>.<FLOAT> <*> RAS KERNEL FATAL data storage,"{""LARGE_INT"": ""1118769323"", ""*"": ""R20-M0-ND-C:J15-U11"", ""DATE"": ""2"", ""FLOAT"": ""15.23.940275""}",1,4
run_BGL_sample_20260521T043549_42,2026-05-21T04:35:49.997880+00:00,KERNSTOR 1118769408 2005.06.14 R25-M1-NF-C:J16-U01 2005-06-14-10.16.48.088109 R25-M1-NF-C:J16-U01 RAS KERNEL FATAL data storage,KERNSTOR <LARGE_INT> <*> <*> <DATE><FLOAT>.<FLOAT> <*> RAS KERNEL FATAL data storage,"{""LARGE_INT"": ""1118769408"", ""*"": ""R25-M1-NF-C:J16-U01"", ""DATE"": ""2"", ""FLOAT"": ""16.48.088109""}",1,4
run_BGL_sample_20260521T043549_42,2026-05-21T04:35:49.997880+00:00,KERNSTOR 1118769443 2005.06.14 R21-M0-NC-C:J13-U11 2005-06-14-10.17.23.235674 R21-M0-NC-C:J13-U11 RAS KERNEL FATAL data storage,KERNSTOR <LARGE_INT> <*> <*> <DATE><FLOAT>.<FLOAT> <*> RAS KERNEL FATAL data storage,"{""LARGE_INT"": ""1118769443"", ""*"": ""R21-M0-NC-C:J13-U11"", ""DATE"": ""2"", ""FLOAT"": ""17.23.235674""}",1,4
run_BGL_sample_20260521T043549_42,2026-05-21T04:35:49.997880+00:00,KERNSTOR 1118769444 2005.06.14 R21-M0-N4-C:J05-U11 2005-06-14-10.17.24.504094 R21-M0-N4-C:J05-U11 RAS KERNEL FATAL data storage,KERNSTOR <LARGE_INT> <*> <*> <DATE><FLOAT>.<FLOAT> <*> RAS KERNEL FATAL data storage,"{""LARGE_INT"": ""1118769444"", ""*"": ""R21-M0-N4-C:J05-U11"", ""DATE"": ""2"", ""FLOAT"": ""17.24.504094""}",1,4
run_BGL_sample_20260521T043549_42,2026-05-21T04:35:49.997880+00:00,- 1118769450 2005.06.14 R26-M0-N9-C:J12-U01 2005-06-14-10.17.30.392758 R26-M0-N9-C:J12-U01 RAS KERNEL FATAL data address: 0x0000,- <LARGE_INT> <*> <*> <DATE><FLOAT>.<FLOAT> <*> RAS <*> <*> <*> <*> <*>,"{""LARGE_INT"": ""1118769450"", ""*"": ""0x0000"", ""DATE"": ""2"", ""FLOAT"": ""17.30.392758""}",1,4
run_BGL_sample_20260521T043549_42,2026-05-21T04:35:49.997880+00:00,- 1118769489 2005.06.14 R20-M0-N3-C:J06-U01 2005-06-14-10.18.09.061481 R20-M0-N3-C:J06-U01 RAS KERNEL FATAL instruction address:,- <LARGE_INT> <*> <*> <DATE><FLOAT>.<FLOAT> <*> RAS KERNEL <*> <*> <*>,"{""LARGE_INT"": ""1118769489"", ""*"": ""address:"", ""DATE"": ""2"", ""FLOAT"": ""18.09.061481""}",1,4
run_BGL_sample_20260521T043549_42,2026-05-21T04:35:49.997880+00:00,- 1118769530 2005.06.14 R27-M1-NA-C:J16-U11 2005-06-14-10.18.50.161104 R27-M1-NA-C:J16-U11 RAS KERNEL FATAL exception syndrome r,- <LARGE_INT> <*> <*> <DATE><FLOAT>.<FLOAT> <*> RAS <*> <*> <*> <*> <*>,"{""LARGE_INT"": ""1118769530"", ""*"": ""r"", ""DATE"": ""2"", ""FLOAT"": ""18.50.161104""}",1,4
run_BGL_sample_20260521T043549_42,2026-05-21T04:35:49.997880+00:00,- 1118769561 2005.06.14 R26-M0-N4-C:J16-U01 2005-06-14-10.19.21.829677 R26-M0-N4-C:J16-U01 RAS KERNEL FATAL exception syndrome r,- <LARGE_INT> <*> <*> <DATE><FLOAT>.<FLOAT> <*> RAS <*> <*> <*> <*> <*>,"{""LARGE_INT"": ""1118769561"", ""*"": ""r"", ""DATE"": ""2"", ""FLOAT"": ""19.21.829677""}",1,4
run_BGL_sample_20260521T043549_42,2026-05-21T04:35:49.997880+00:00,- 1118769562 2005.06.14 R26-M0-N0-C:J04-U11 2005-06-14-10.19.22.998644 R26-M0-N0-C:J04-U11 RAS KERNEL FATAL exception syndrome r,- <LARGE_INT> <*> <*> <DATE><FLOAT>.<FLOAT> <*> RAS <*> <*> <*> <*> <*>,"{""LARGE_INT"": ""1118769562"", ""*"": ""r"", ""DATE"": ""2"", ""FLOAT"": ""19.22.998644""}",1,4
run_BGL_sample_20260521T043549_42,2026-05-21T04:35:49.997880+00:00,- 1118769574 2005.06.14 R26-M1-NC-C:J13-U11 2005-06-14-10.19.34.342222 R26-M1-NC-C:J13-U11 RAS KERNEL FATAL exception syndrome r,- <LARGE_INT> <*> <*> <DATE><FLOAT>.<FLOAT> <*> RAS <*> <*> <*> <*> <*>,"{""LARGE_INT"": ""1118769574"", ""*"": ""r"", ""DATE"": ""2"", ""FLOAT"": ""19.34.342222""}",1,4
run_BGL_sample_20260521T043549_42,2026-05-21T04:35:49.997880+00:00,- 1118769649 2005.06.14 R26-M0-N5-C:J08-U01 2005-06-14-10.20.49.630306 R26-M0-N5-C:J08-U01 RAS KERNEL FATAL program interrupt: i,- <LARGE_INT> <*> <*> <DATE><FLOAT>.<FLOAT> <*> RAS <*> <*> <*> <*> <*>,"{""LARGE_INT"": ""1118769649"", ""*"": ""i"", ""DATE"": ""2"", ""FLOAT"": ""20.49.630306""}",1,4
run_BGL_sample_20260521T043549_42,2026-05-21T04:35:49.997880+00:00,- 1118769697 2005.06.14 R26-M0-N0-C:J02-U01 2005-06-14-10.21.37.752462 R26-M0-N0-C:J02-U01 RAS KERNEL FATAL program interrupt: i,- <LARGE_INT> <*> <*> <DATE><FLOAT>.<FLOAT> <*> RAS <*> <*> <*> <*> <*>,"{""LARGE_INT"": ""1118769697"", ""*"": ""i"", ""DATE"": ""2"", ""FLOAT"": ""21.37.752462""}",1,4
run_BGL_sample_20260521T043549_42,2026-05-21T04:35:49.997880+00:00,- 1118769705 2005.06.14 R21-M1-N4-C:J10-U01 2005-06-14-10.21.45.802128 R21-M1-N4-C:J10-U01 RAS KERNEL FATAL data address: 0x0000,- <LARGE_INT> <*> <*> <DATE><FLOAT>.<FLOAT> <*> RAS <*> <*> <*> <*> <*>,"{""LARGE_INT"": ""1118769705"", ""*"": ""0x0000"", ""DATE"": ""2"", ""FLOAT"": ""21.45.802128""}",1,4
run_BGL_sample_20260521T043549_42,2026-05-21T04:35:49.997880+00:00,- 1118769811 2005.06.14 R25-M1-N3-C:J16-U01 2005-06-14-10.23.31.130281 R25-M1-N3-C:J16-U01 RAS KERNEL FATAL exception syndrome r,- <LARGE_INT> <*> <*> <DATE><FLOAT>.<FLOAT> <*> RAS <*> <*> <*> <*> <*>,"{""LARGE_INT"": ""1118769811"", ""*"": ""r"", ""DATE"": ""2"", ""FLOAT"": ""23.31.130281""}",1,4
run_BGL_sample_20260521T043549_42,2026-05-21T04:35:49.997880+00:00,- 1118769984 2005.06.14 R20-M1-N8-C:J08-U11 2005-06-14-10.26.24.461952 R20-M1-N8-C:J08-U11 RAS KERNEL FATAL machine check: i-fet,- <LARGE_INT> <*> <*> <DATE><FLOAT>.<FLOAT> <*> RAS <*> <*> <*> <*> <*>,"{""LARGE_INT"": ""1118769984"", ""*"": ""i-fet"", ""DATE"": ""2"", ""FLOAT"": ""26.24.461952""}",1,4
run_BGL_sample_20260521T043549_42,2026-05-21T04:35:49.997880+00:00,- 1118769991 2005.06.14 R26-M0-NA-C:J04-U11 2005-06-14-10.26.31.242578 R26-M0-NA-C:J04-U11 RAS KERNEL FATAL data store interrupt,- <LARGE_INT> <*> <*> <DATE><FLOAT>.<FLOAT> <*> RAS <*> <*> <*> <*> <*>,"{""LARGE_INT"": ""1118769991"", ""*"": ""interrupt"", ""DATE"": ""2"", ""FLOAT"": ""26.31.242578""}",1,4
run_BGL_sample_20260521T043549_42,2026-05-21T04:35:49.997880+00:00,- 1118769993 2005.06.14 R20-M0-N4-C:J15-U01 2005-06-14-10.26.33.758477 R20-M0-N4-C:J15-U01 RAS KERNEL FATAL machine check: i-fet,- <LARGE_INT> <*> <*> <DATE><FLOAT>.<FLOAT> <*> RAS <*> <*> <*> <*> <*>,"{""LARGE_INT"": ""1118769993"", ""*"": ""i-fet"", ""DATE"": ""2"", ""FLOAT"": ""26.33.758477""}",1,4
run_BGL_sample_20260521T043549_42,2026-05-21T04:35:49.997880+00:00,- 1118769997 2005.06.14 R26-M0-N2-C:J05-U01 2005-06-14-10.26.37.865134 R26-M0-N2-C:J05-U01 RAS KERNEL FATAL data store interrupt,- <LARGE_INT> <*> <*> <DATE><FLOAT>.<FLOAT> <*> RAS <*> <*> <*> <*> <*>,"{""LARGE_INT"": ""1118769997"", ""*"": ""interrupt"", ""DATE"": ""2"", ""FLOAT"": ""26.37.865134""}",1,4
run_BGL_sample_20260521T043549_42,2026-05-21T04:35:49.997880+00:00,- 1118770028 2005.06.14 R20-M0-ND-C:J05-U01 2005-06-14-10.27.08.151309 R20-M0-ND-C:J05-U01 RAS KERNEL FATAL program interrupt: i,- <LARGE_INT> <*> <*> <DATE><FLOAT>.<FLOAT> <*> RAS <*> <*> <*> <*> <*>,"{""LARGE_INT"": ""1118770028"", ""*"": ""i"", ""DATE"": ""2"", ""FLOAT"": ""27.08.151309""}",1,4
run_BGL_sample_20260521T043549_42,2026-05-21T04:35:49.997880+00:00,- 1118770101 2005.06.14 R21-M1-N6-C:J03-U11 2005-06-14-10.28.21.217840 R21-M1-N6-C:J03-U11 RAS KERNEL FATAL program interrupt: i,- <LARGE_INT> <*> <*> <DATE><FLOAT>.<FLOAT> <*> RAS <*> <*> <*> <*> <*>,"{""LARGE_INT"": ""1118770101"", ""*"": ""i"", ""DATE"": ""2"", ""FLOAT"": ""28.21.217840""}",1,4
run_BGL_sample_20260521T043549_42,2026-05-21T04:35:49.997880+00:00,- 1118770227 2005.06.14 R25-M1-N6-C:J15-U11 2005-06-14-10.30.27.419268 R25-M1-N6-C:J15-U11 RAS KERNEL FATAL program interrupt: p,- <LARGE_INT> <*> <*> <DATE><FLOAT>.<FLOAT> <*> RAS <*> <*> <*> <*> <*>,"{""LARGE_INT"": ""1118770227"", ""*"": ""p"", ""DATE"": ""2"", ""FLOAT"": ""30.27.419268""}",1,4
run_BGL_sample_20260521T043549_42,2026-05-21T04:35:49.997880+00:00,- 1118770236 2005.06.14 R25-M1-N3-C:J14-U11 2005-06-14-10.30.36.559680 R25-M1-N3-C:J14-U11 RAS KERNEL FATAL program interrupt: p,- <LARGE_INT> <*> <*> <DATE><FLOAT>.<FLOAT> <*> RAS <*> <*> <*> <*> <*>,"{""LARGE_INT"": ""1118770236"", ""*"": ""p"", ""DATE"": ""2"", ""FLOAT"": ""30.36.559680""}",1,4
run_BGL_sample_20260521T043549_42,2026-05-21T04:35:49.997880+00:00,- 1118770309 2005.06.14 R20-M1-NB-C:J03-U11 2005-06-14-10.31.49.464584 R20-M1-NB-C:J03-U11 RAS KERNEL FATAL program interrupt: t,- <LARGE_INT> <*> <*> <DATE><FLOAT>.<FLOAT> <*> RAS <*> <*> <*> <*> <*>,"{""LARGE_INT"": ""1118770309"", ""*"": ""t"", ""DATE"": ""2"", ""FLOAT"": ""31.49.464584""}",1,4
run_BGL_sample_20260521T043549_42,2026-05-21T04:35:49.997880+00:00,- 1118770375 2005.06.14 R27-M0-N3-C:J15-U01 2005-06-14-10.32.55.359107 R27-M0-N3-C:J15-U01 RAS KERNEL FATAL program interrupt: i,- <LARGE_INT> <*> <*> <DATE><FLOAT>.<FLOAT> <*> RAS <*> <*> <*> <*> <*>,"{""LARGE_INT"": ""1118770375"", ""*"": ""i"", ""DATE"": ""2"", ""FLOAT"": ""32.55.359107""}",1,4
run_BGL_sample_20260521T043549_42,2026-05-21T04:35:49.997880+00:00,- 1118770603 2005.06.14 R24-M1-NE-C:J15-U11 2005-06-14-10.36.43.928442 R24-M1-NE-C:J15-U11 RAS KERNEL FATAL store operation.....,- <LARGE_INT> <*> <*> <DATE><FLOAT>.<FLOAT> <*> RAS KERNEL <*> <*> <*>,"{""LARGE_INT"": ""1118770603"", ""*"": ""operation....."", ""DATE"": ""2"", ""FLOAT"": ""36.43.928442""}",1,4
run_BGL_sample_20260521T043549_42,2026-05-21T04:35:49.997880+00:00,- 1118770625 2005.06.14 R20-M0-NF-C:J07-U01 2005-06-14-10.37.05.332040 R20-M0-NF-C:J07-U01 RAS KERNEL FATAL store operation.....,- <LARGE_INT> <*> <*> <DATE><FLOAT>.<FLOAT> <*> RAS KERNEL <*> <*> <*>,"{""LARGE_INT"": ""1118770625"", ""*"": ""operation....."", ""DATE"": ""2"", ""FLOAT"": ""37.05.332040""}",1,4
run_BGL_sample_20260521T043549_42,2026-05-21T04:35:49.997880+00:00,- 1118770646 2005.06.14 R27-M1-N9-C:J11-U11 2005-06-14-10.37.26.925212 R27-M1-N9-C:J11-U11 RAS KERNEL FATAL machine state regist,- <LARGE_INT> <*> <*> <DATE><FLOAT>.<FLOAT> <*> RAS <*> <*> <*> <*> <*>,"{""LARGE_INT"": ""1118770646"", ""*"": ""regist"", ""DATE"": ""2"", ""FLOAT"": ""37.26.925212""}",1,4
run_BGL_sample_20260521T043549_42,2026-05-21T04:35:49.997880+00:00,- 1118770918 2005.06.14 R24-M0-N5-C:J05-U01 2005-06-14-10.41.58.776391 R24-M0-N5-C:J05-U01 RAS KERNEL FATAL data store interrupt,- <LARGE_INT> <*> <*> <DATE><FLOAT>.<FLOAT> <*> RAS <*> <*> <*> <*> <*>,"{""LARGE_INT"": ""1118770918"", ""*"": ""interrupt"", ""DATE"": ""2"", ""FLOAT"": ""41.58.776391""}",1,4
run_BGL_sample_20260521T043549_42,2026-05-21T04:35:49.997880+00:00,- 1118770954 2005.06.14 R26-M0-N4-C:J15-U11 2005-06-14-10.42.34.598602 R26-M0-N4-C:J15-U11 RAS KERNEL FATAL problem state (0=sup,- <LARGE_INT> <*> <*> <DATE><FLOAT>.<FLOAT> <*> RAS <*> <*> <*> <*> <*>,"{""LARGE_INT"": ""1118770954"", ""*"": ""(0=sup"", ""DATE"": ""2"", ""FLOAT"": ""42.34.598602""}",1,4
run_BGL_sample_20260521T043549_42,2026-05-21T04:35:49.997880+00:00,- 1118770989 2005.06.14 R21-M1-N4-C:J17-U11 2005-06-14-10.43.09.420211 R21-M1-N4-C:J17-U11 RAS KERNEL FATAL data store interrupt,- <LARGE_INT> <*> <*> <DATE><FLOAT>.<FLOAT> <*> RAS <*> <*> <*> <*> <*>,"{""LARGE_INT"": ""1118770989"", ""*"": ""interrupt"", ""DATE"": ""2"", ""FLOAT"": ""43.09.420211""}",1,4
run_BGL_sample_20260521T043549_42,2026-05-21T04:35:49.997880+00:00,- 1118771001 2005.06.14 R25-M0-N8-C:J16-U11 2005-06-14-10.43.21.406138 R25-M0-N8-C:J16-U11 RAS KERNEL FATAL data store interrupt,- <LARGE_INT> <*> <*> <DATE><FLOAT>.<FLOAT> <*> RAS <*> <*> <*> <*> <*>,"{""LARGE_INT"": ""1118771001"", ""*"": ""interrupt"", ""DATE"": ""2"", ""FLOAT"": ""43.21.406138""}",1,4
run_BGL_sample_20260521T043549_42,2026-05-21T04:35:49.997880+00:00,- 1118771001 2005.06.14 R26-M1-NF-C:J11-U11 2005-06-14-10.43.21.582308 R26-M1-NF-C:J11-U11 RAS KERNEL FATAL floating point instr,- <LARGE_INT> <*> <*> <DATE><FLOAT>.<FLOAT> <*> RAS <*> <*> <*> <*> <*>,"{""LARGE_INT"": ""1118771001"", ""*"": ""instr"", ""DATE"": ""2"", ""FLOAT"": ""43.21.582308""}",1,4
run_BGL_sample_20260521T043549_42,2026-05-21T04:35:49.997880+00:00,- 1118771007 2005.06.14 R27-M0-N2-C:J12-U11 2005-06-14-10.43.27.316459 R27-M0-N2-C:J12-U11 RAS KERNEL FATAL floating point instr,- <LARGE_INT> <*> <*> <DATE><FLOAT>.<FLOAT> <*> RAS <*> <*> <*> <*> <*>,"{""LARGE_INT"": ""1118771007"", ""*"": ""instr"", ""DATE"": ""2"", ""FLOAT"": ""43.27.316459""}",1,4
run_BGL_sample_20260521T043549_42,2026-05-21T04:35:49.997880+00:00,- 1118771014 2005.06.14 R27-M1-NF-C:J03-U11 2005-06-14-10.43.34.293126 R27-M1-NF-C:J03-U11 RAS KERNEL FATAL floating point instr,- <LARGE_INT> <*> <*> <DATE><FLOAT>.<FLOAT> <*> RAS <*> <*> <*> <*> <*>,"{""LARGE_INT"": ""1118771014"", ""*"": ""instr"", ""DATE"": ""2"", ""FLOAT"": ""43.34.293126""}",1,4
run_BGL_sample_20260521T043549_42,2026-05-21T04:35:49.997880+00:00,- 1118771075 2005.06.14 R24-M0-NF-C:J09-U01 2005-06-14-10.44.35.353282 R24-M0-NF-C:J09-U01 RAS KERNEL FATAL auxiliary processor.,- <LARGE_INT> <*> <*> <DATE><FLOAT>.<FLOAT> <*> RAS KERNEL <*> <*> <*>,"{""LARGE_INT"": ""1118771075"", ""*"": ""processor."", ""DATE"": ""2"", ""FLOAT"": ""44.35.353282""}",1,4
run_BGL_sample_20260521T043549_42,2026-05-21T04:35:49.997880+00:00,- 1118771085 2005.06.14 R27-M1-ND-C:J09-U01 2005-06-14-10.44.45.851799 R27-M1-ND-C:J09-U01 RAS KERNEL FATAL machine check enable,- <LARGE_INT> <*> <*> <DATE><FLOAT>.<FLOAT> <*> RAS <*> <*> <*> <*> <*>,"{""LARGE_INT"": ""1118771085"", ""*"": ""enable"", ""DATE"": ""2"", ""FLOAT"": ""44.45.851799""}",1,4
run_BGL_sample_20260521T043549_42,2026-05-21T04:35:49.997880+00:00,- 1118771098 2005.06.14 R26-M1-N4-C:J13-U11 2005-06-14-10.44.58.632865 R26-M1-N4-C:J13-U11 RAS KERNEL FATAL machine check enable,- <LARGE_INT> <*> <*> <DATE><FLOAT>.<FLOAT> <*> RAS <*> <*> <*> <*> <*>,"{""LARGE_INT"": ""1118771098"", ""*"": ""enable"", ""DATE"": ""2"", ""FLOAT"": ""44.58.632865""}",1,4
run_BGL_sample_20260521T043549_42,2026-05-21T04:35:49.997880+00:00,- 1118771115 2005.06.14 R26-M0-N5-C:J11-U11 2005-06-14-10.45.15.849740 R26-M0-N5-C:J11-U11 RAS KERNEL FATAL floating pt ex mode,- <LARGE_INT> <*> <*> <DATE><FLOAT>.<FLOAT> <*> RAS KERNEL <*> <*> <*> <*> <*>,"{""LARGE_INT"": ""1118771115"", ""*"": ""mode"", ""DATE"": ""2"", ""FLOAT"": ""45.15.849740""}",1,4
run_BGL_sample_20260521T043549_42,2026-05-21T04:35:49.997880+00:00,- 1118771259 2005.06.14 R24-M0-NA-C:J16-U11 2005-06-14-10.47.39.811377 R24-M0-NA-C:J16-U11 RAS KERNEL FATAL program interrupt: u,- <LARGE_INT> <*> <*> <DATE><FLOAT>.<FLOAT> <*> RAS <*> <*> <*> <*> <*>,"{""LARGE_INT"": ""1118771259"", ""*"": ""u"", ""DATE"": ""2"", ""FLOAT"": ""47.39.811377""}",1,4
run_BGL_sample_20260521T043549_42,2026-05-21T04:35:49.997880+00:00,- 1118771302 2005.06.14 R27-M1-N8-C:J09-U11 2005-06-14-10.48.22.614188 R27-M1-N8-C:J09-U11 RAS KERNEL FATAL debug interrupt enab,- <LARGE_INT> <*> <*> <DATE><FLOAT>.<FLOAT> <*> RAS <*> <*> <*> <*> <*>,"{""LARGE_INT"": ""1118771302"", ""*"": ""enab"", ""DATE"": ""2"", ""FLOAT"": ""48.22.614188""}",1,4
run_BGL_sample_20260521T043549_42,2026-05-21T04:35:49.997880+00:00,- 1118771330 2005.06.14 R26-M1-N6-C:J05-U01 2005-06-14-10.48.50.649332 R26-M1-N6-C:J05-U01 RAS KERNEL FATAL floating pt ex mode,- <LARGE_INT> <*> <*> <DATE><FLOAT>.<FLOAT> <*> RAS KERNEL <*> <*> <*> <*> <*>,"{""LARGE_INT"": ""1118771330"", ""*"": ""mode"", ""DATE"": ""2"", ""FLOAT"": ""48.50.649332""}",1,4
run_BGL_sample_20260521T043549_42,2026-05-21T04:35:49.997880+00:00,- 1118771384 2005.06.14 R21-M1-N6-C:J13-U11 2005-06-14-10.49.44.238733 R21-M1-N6-C:J13-U11 RAS KERNEL FATAL byte ordering except,- <LARGE_INT> <*> <*> <DATE><FLOAT>.<FLOAT> <*> RAS <*> <*> <*> <*> <*>,"{""LARGE_INT"": ""1118771384"", ""*"": ""except"", ""DATE"": ""2"", ""FLOAT"": ""49.44.238733""}",1,4
run_BGL_sample_20260521T043549_42,2026-05-21T04:35:49.997880+00:00,- 1118771409 2005.06.14 R20-M1-N8-C:J15-U11 2005-06-14-10.50.09.563848 R20-M1-N8-C:J15-U11 RAS KERNEL FATAL byte ordering except,- <LARGE_INT> <*> <*> <DATE><FLOAT>.<FLOAT> <*> RAS <*> <*> <*> <*> <*>,"{""LARGE_INT"": ""1118771409"", ""*"": ""except"", ""DATE"": ""2"", ""FLOAT"": ""50.09.563848""}",1,4
run_BGL_sample_20260521T043549_42,2026-05-21T04:35:49.997880+00:00,- 1118771469 2005.06.14 R27-M1-N9-C:J03-U01 2005-06-14-10.51.09.848118 R27-M1-N9-C:J03-U01 RAS KERNEL FATAL data address space..,- <LARGE_INT> <*> <*> <DATE><FLOAT>.<FLOAT> <*> RAS <*> <*> <*> <*> <*>,"{""LARGE_INT"": ""1118771469"", ""*"": ""space.."", ""DATE"": ""2"", ""FLOAT"": ""51.09.848118""}",1,4
run_BGL_sample_20260521T043549_42,2026-05-21T04:35:49.997880+00:00,- 1118771475 2005.06.14 R26-M1-NA-C:J06-U01 2005-06-14-10.51.15.744393 R26-M1-NA-C:J06-U01 RAS KERNEL FATAL data address space..,- <LARGE_INT> <*> <*> <DATE><FLOAT>.<FLOAT> <*> RAS <*> <*> <*> <*> <*>,"{""LARGE_INT"": ""1118771475"", ""*"": ""space.."", ""DATE"": ""2"", ""FLOAT"": ""51.15.744393""}",1,4
run_BGL_sample_20260521T043549_42,2026-05-21T04:35:49.997880+00:00,- 1118771516 2005.06.14 R25-M0-N6-C:J14-U11 2005-06-14-10.51.56.234430 R25-M0-N6-C:J14-U11 RAS KERNEL FATAL program interrupt: i,- <LARGE_INT> <*> <*> <DATE><FLOAT>.<FLOAT> <*> RAS <*> <*> <*> <*> <*>,"{""LARGE_INT"": ""1118771516"", ""*"": ""i"", ""DATE"": ""2"", ""FLOAT"": ""51.56.234430""}",1,4
run_BGL_sample_20260521T043549_42,2026-05-21T04:35:49.997880+00:00,- 1118771528 2005.06.14 R26-M0-NF-C:J15-U01 2005-06-14-10.52.08.434393 R26-M0-NF-C:J15-U01 RAS KERNEL FATAL core configuration r,- <LARGE_INT> <*> <*> <DATE><FLOAT>.<FLOAT> <*> RAS <*> <*> <*> <*> <*>,"{""LARGE_INT"": ""1118771528"", ""*"": ""r"", ""DATE"": ""2"", ""FLOAT"": ""52.08.434393""}",1,4
run_BGL_sample_20260521T043549_42,2026-05-21T04:35:49.997880+00:00,- 1118771568 2005.06.14 R25-M1-N0-C:J07-U11 2005-06-14-10.52.48.343774 R25-M1-N0-C:J07-U11 RAS KERNEL FATAL program interrupt: i,- <LARGE_INT> <*> <*> <DATE><FLOAT>.<FLOAT> <*> RAS <*> <*> <*> <*> <*>,"{""LARGE_INT"": ""1118771568"", ""*"": ""i"", ""DATE"": ""2"", ""FLOAT"": ""52.48.343774""}",1,4
run_BGL_sample_20260521T043549_42,2026-05-21T04:35:49.997880+00:00,- 1118771679 2005.06.14 R21-M1-N5-C:J05-U11 2005-06-14-10.54.39.063056 R21-M1-N5-C:J05-U11 RAS KERNEL FATAL program interrupt: f,- <LARGE_INT> <*> <*> <DATE><FLOAT>.<FLOAT> <*> RAS <*> <*> <*> <*> <*>,"{""LARGE_INT"": ""1118771679"", ""*"": ""f"", ""DATE"": ""2"", ""FLOAT"": ""54.39.063056""}",1,4
run_BGL_sample_20260521T043549_42,2026-05-21T04:35:49.997880+00:00,- 1118771823 2005.06.14 R26-M1-ND-C:J05-U11 2005-06-14-10.57.03.800229 R26-M1-ND-C:J05-U11 RAS KERNEL FATAL guaranteed instructi,- <LARGE_INT> <*> <*> <DATE><FLOAT>.<FLOAT> <*> RAS KERNEL <*> <*> <*>,"{""LARGE_INT"": ""1118771823"", ""*"": ""instructi"", ""DATE"": ""2"", ""FLOAT"": ""57.03.800229""}",1,4
run_BGL_sample_20260521T043549_42,2026-05-21T04:35:49.997880+00:00,- 1118771847 2005.06.14 R26-M0-N8-C:J03-U01 2005-06-14-10.57.27.640707 R26-M0-N8-C:J03-U01 RAS KERNEL FATAL guaranteed instructi,- <LARGE_INT> <*> <*> <DATE><FLOAT>.<FLOAT> <*> RAS KERNEL <*> <*> <*>,"{""LARGE_INT"": ""1118771847"", ""*"": ""instructi"", ""DATE"": ""2"", ""FLOAT"": ""57.27.640707""}",1,4
run_BGL_sample_20260521T043549_42,2026-05-21T04:35:49.997880+00:00,- 1118771875 2005.06.14 R20-M1-NB-C:J11-U11 2005-06-14-10.57.55.166387 R20-M1-NB-C:J11-U11 RAS KERNEL FATAL program interrupt: f,- <LARGE_INT> <*> <*> <DATE><FLOAT>.<FLOAT> <*> RAS <*> <*> <*> <*> <*>,"{""LARGE_INT"": ""1118771875"", ""*"": ""f"", ""DATE"": ""2"", ""FLOAT"": ""57.55.166387""}",1,4
run_BGL_sample_20260521T043549_42,2026-05-21T04:35:49.997880+00:00,- 1118771909 2005.06.14 R24-M1-N5-C:J09-U01 2005-06-14-10.58.29.332156 R24-M1-N5-C:J09-U01 RAS KERNEL FATAL program interrupt: f,- <LARGE_INT> <*> <*> <DATE><FLOAT>.<FLOAT> <*> RAS <*> <*> <*> <*> <*>,"{""LARGE_INT"": ""1118771909"", ""*"": ""f"", ""DATE"": ""2"", ""FLOAT"": ""58.29.332156""}",1,4
run_BGL_sample_20260521T043549_42,2026-05-21T04:35:49.997880+00:00,- 1118771917 2005.06.14 R24-M0-N2-C:J04-U01 2005-06-14-10.58.37.145331 R24-M0-N2-C:J04-U01 RAS KERNEL FATAL program interrupt: f,- <LARGE_INT> <*> <*> <DATE><FLOAT>.<FLOAT> <*> RAS <*> <*> <*> <*> <*>,"{""LARGE_INT"": ""1118771917"", ""*"": ""f"", ""DATE"": ""2"", ""FLOAT"": ""58.37.145331""}",1,4
run_BGL_sample_20260521T043549_42,2026-05-21T04:35:49.997880+00:00,- 1118771928 2005.06.14 R27-M1-N4-C:J05-U11 2005-06-14-10.58.48.336960 R27-M1-N4-C:J05-U11 RAS KERNEL FATAL guaranteed data cach,- <LARGE_INT> <*> <*> <DATE><FLOAT>.<FLOAT> <*> RAS <*> <*> <*> <*> <*>,"{""LARGE_INT"": ""1118771928"", ""*"": ""cach"", ""DATE"": ""2"", ""FLOAT"": ""58.48.336960""}",1,4
run_BGL_sample_20260521T043549_42,2026-05-21T04:35:49.997880+00:00,- 1118771934 2005.06.14 R24-M0-ND-C:J02-U11 2005-06-14-10.58.54.996783 R24-M0-ND-C:J02-U11 RAS KERNEL FATAL program interrupt: f,- <LARGE_INT> <*> <*> <DATE><FLOAT>.<FLOAT> <*> RAS <*> <*> <*> <*> <*>,"{""LARGE_INT"": ""1118771934"", ""*"": ""f"", ""DATE"": ""2"", ""FLOAT"": ""58.54.996783""}",1,4
run_BGL_sample_20260521T043549_42,2026-05-21T04:35:49.997880+00:00,- 1118771988 2005.06.14 R27-M0-N7-C:J02-U01 2005-06-14-10.59.48.153923 R27-M0-N7-C:J02-U01 RAS KERNEL FATAL force load/store ali,- <LARGE_INT> <*> <*> <DATE><FLOAT>.<FLOAT> <*> RAS <*> <*> <*> <*> <*>,"{""LARGE_INT"": ""1118771988"", ""*"": ""ali"", ""DATE"": ""2"", ""FLOAT"": ""59.48.153923""}",1,4
run_BGL_sample_20260521T043549_42,2026-05-21T04:35:49.997880+00:00,- 1118772022 2005.06.14 R26-M0-N6-C:J14-U11 2005-06-14-11.00.22.056566 R26-M0-N6-C:J14-U11 RAS KERNEL FATAL icache prefetch dept,- <LARGE_INT> <*> <*> <DATE><FLOAT>.<FLOAT> <*> RAS <*> <*> <*> <*> <*>,"{""LARGE_INT"": ""1118772022"", ""*"": ""dept"", ""DATE"": ""2"", ""FLOAT"": ""00.22.056566""}",1,4
run_BGL_sample_20260521T043549_42,2026-05-21T04:35:49.997880+00:00,- 1118772057 2005.06.14 R24-M0-N2-C:J16-U11 2005-06-14-11.00.57.941787 R24-M0-N2-C:J16-U11 RAS KERNEL FATAL machine state regist,- <LARGE_INT> <*> <*> <DATE><FLOAT>.<FLOAT> <*> RAS <*> <*> <*> <*> <*>,"{""LARGE_INT"": ""1118772057"", ""*"": ""regist"", ""DATE"": ""2"", ""FLOAT"": ""00.57.941787""}",1,4
run_BGL_sample_20260521T043549_42,2026-05-21T04:35:49.997880+00:00,- 1118772070 2005.06.14 R21-M1-N2-C:J10-U11 2005-06-14-11.01.10.339106 R21-M1-N2-C:J10-U11 RAS KERNEL FATAL machine state regist,- <LARGE_INT> <*> <*> <DATE><FLOAT>.<FLOAT> <*> RAS <*> <*> <*> <*> <*>,"{""LARGE_INT"": ""1118772070"", ""*"": ""regist"", ""DATE"": ""2"", ""FLOAT"": ""01.10.339106""}",1,4
run_BGL_sample_20260521T043549_42,2026-05-21T04:35:49.997880+00:00,- 1118772122 2005.06.14 R27-M0-N1-C:J15-U01 2005-06-14-11.02.02.534437 R27-M0-N1-C:J15-U01 RAS KERNEL FATAL icache prefetch thre,- <LARGE_INT> <*> <*> <DATE><FLOAT>.<FLOAT> <*> RAS <*> <*> <*> <*> <*>,"{""LARGE_INT"": ""1118772122"", ""*"": ""thre"", ""DATE"": ""2"", ""FLOAT"": ""02.02.534437""}",1,4
run_BGL_sample_20260521T043549_42,2026-05-21T04:35:49.997880+00:00,- 1118772122 2005.06.14 R27-M0-N1-C:J08-U11 2005-06-14-11.02.02.749469 R27-M0-N1-C:J08-U11 RAS KERNEL FATAL icache prefetch thre,- <LARGE_INT> <*> <*> <DATE><FLOAT>.<FLOAT> <*> RAS <*> <*> <*> <*> <*>,"{""LARGE_INT"": ""1118772122"", ""*"": ""thre"", ""DATE"": ""2"", ""FLOAT"": ""02.02.749469""}",1,4
run_BGL_sample_20260521T043549_42,2026-05-21T04:35:49.997880+00:00,- 1118772150 2005.06.14 R24-M0-NC-C:J12-U11 2005-06-14-11.02.30.070774 R24-M0-NC-C:J12-U11 RAS KERNEL FATAL machine state regist,- <LARGE_INT> <*> <*> <DATE><FLOAT>.<FLOAT> <*> RAS <*> <*> <*> <*> <*>,"{""LARGE_INT"": ""1118772150"", ""*"": ""regist"", ""DATE"": ""2"", ""FLOAT"": ""02.30.070774""}",1,4
run_BGL_sample_20260521T043549_42,2026-05-21T04:35:49.997880+00:00,- 1118772188 2005.06.14 R20-M0-N3-C:J06-U11 2005-06-14-11.03.08.491655 R20-M0-N3-C:J06-U11 RAS KERNEL FATAL wait state enable...,- <LARGE_INT> <*> <*> <DATE><FLOAT>.<FLOAT> <*> RAS <*> <*> <*> <*> <*>,"{""LARGE_INT"": ""1118772188"", ""*"": ""enable..."", ""DATE"": ""2"", ""FLOAT"": ""03.08.491655""}",1,4
run_BGL_sample_20260521T043549_42,2026-05-21T04:35:49.997880+00:00,- 1118772337 2005.06.14 R24-M0-N7-C:J06-U01 2005-06-14-11.05.37.845720 R24-M0-N7-C:J06-U01 RAS KERNEL FATAL critical input inter,- <LARGE_INT> <*> <*> <DATE><FLOAT>.<FLOAT> <*> RAS <*> <*> <*> <*> <*>,"{""LARGE_INT"": ""1118772337"", ""*"": ""inter"", ""DATE"": ""2"", ""FLOAT"": ""05.37.845720""}",1,4
run_BGL_sample_20260521T043549_42,2026-05-21T04:35:49.997880+00:00,- 1118772585 2005.06.14 R20-M1-N1-C:J10-U01 2005-06-14-11.09.45.838343 R20-M1-N1-C:J10-U01 RAS KERNEL FATAL problem state (0=sup,- <LARGE_INT> <*> <*> <DATE><FLOAT>.<FLOAT> <*> RAS <*> <*> <*> <*> <*>,"{""LARGE_INT"": ""1118772585"", ""*"": ""(0=sup"", ""DATE"": ""2"", ""FLOAT"": ""09.45.838343""}",1,4
run_BGL_sample_20260521T043549_42,2026-05-21T04:35:49.997880+00:00,- 1118772602 2005.06.14 R21-M1-NA-C:J07-U01 2005-06-14-11.10.02.651943 R21-M1-NA-C:J07-U01 RAS KERNEL FATAL problem state (0=sup,- <LARGE_INT> <*> <*> <DATE><FLOAT>.<FLOAT> <*> RAS <*> <*> <*> <*> <*>,"{""LARGE_INT"": ""1118772602"", ""*"": ""(0=sup"", ""DATE"": ""2"", ""FLOAT"": ""10.02.651943""}",1,4
run_BGL_sample_20260521T043549_42,2026-05-21T04:35:49.997880+00:00,- 1118772772 2005.06.14 R21-M0-NF-C:J09-U01 2005-06-14-11.12.52.380819 R21-M0-NF-C:J09-U01 RAS KERNEL FATAL floating point instr,- <LARGE_INT> <*> <*> <DATE><FLOAT>.<FLOAT> <*> RAS <*> <*> <*> <*> <*>,"{""LARGE_INT"": ""1118772772"", ""*"": ""instr"", ""DATE"": ""2"", ""FLOAT"": ""12.52.380819""}",1,4
run_BGL_sample_20260521T043549_42,2026-05-21T04:35:49.997880+00:00,- 1118772810 2005.06.14 R27-M0-N9-C:J12-U01 2005-06-14-11.13.30.870052 R27-M0-N9-C:J12-U01 RAS KERNEL FATAL special purpose regi,- <LARGE_INT> <*> <*> <DATE><FLOAT>.<FLOAT> <*> RAS <*> <*> <*> <*> <*>,"{""LARGE_INT"": ""1118772810"", ""*"": ""regi"", ""DATE"": ""2"", ""FLOAT"": ""13.30.870052""}",1,4
run_BGL_sample_20260521T043549_42,2026-05-21T04:35:49.997880+00:00,- 1118772877 2005.06.14 R27-M1-N3-C:J04-U11 2005-06-14-11.14.37.821210 R27-M1-N3-C:J04-U11 RAS KERNEL FATAL lr:00004ed0 cr:28244,- <LARGE_INT> <*> <*> <DATE><FLOAT>.<FLOAT> <*> RAS KERNEL <*> <*> <*>,"{""LARGE_INT"": ""1118772877"", ""*"": ""cr:28244"", ""DATE"": ""2"", ""FLOAT"": ""14.37.821210""}",1,4
run_BGL_sample_20260521T043549_42,2026-05-21T04:35:49.997880+00:00,- 1118772927 2005.06.14 R27-M0-N6-C:J02-U11 2005-06-14-11.15.27.823191 R27-M0-N6-C:J02-U11 RAS KERNEL FATAL rts internal error,- <LARGE_INT> <*> <*> <DATE><FLOAT>.<FLOAT> <*> RAS <*> <*> <*> <*> <*>,"{""LARGE_INT"": ""1118772927"", ""*"": ""error"", ""DATE"": ""2"", ""FLOAT"": ""15.27.823191""}",1,4
run_BGL_sample_20260521T043549_42,2026-05-21T04:35:49.997880+00:00,- 1118773031 2005.06.14 R21-M0-N2-C:J17-U11 2005-06-14-11.17.11.514583 R21-M0-N2-C:J17-U11 RAS KERNEL FATAL floating pt ex mode,- <LARGE_INT> <*> <*> <DATE><FLOAT>.<FLOAT> <*> RAS KERNEL <*> <*> <*> <*> <*>,"{""LARGE_INT"": ""1118773031"", ""*"": ""mode"", ""DATE"": ""2"", ""FLOAT"": ""17.11.514583""}",1,4
run_BGL_sample_20260521T043549_42,2026-05-21T04:35:49.997880+00:00,- 1118773049 2005.06.14 R20-M1-NF-C:J14-U11 2005-06-14-11.17.29.948847 R20-M1-NF-C:J14-U11 RAS KERNEL FATAL floating pt ex mode,- <LARGE_INT> <*> <*> <DATE><FLOAT>.<FLOAT> <*> RAS KERNEL <*> <*> <*> <*> <*>,"{""LARGE_INT"": ""1118773049"", ""*"": ""mode"", ""DATE"": ""2"", ""FLOAT"": ""17.29.948847""}",1,4
run_BGL_sample_20260521T043549_42,2026-05-21T04:35:49.997880+00:00,- 1118773252 2005.06.14 R20-M1-N0-C:J10-U01 2005-06-14-11.20.52.106874 R20-M1-N0-C:J10-U01 RAS KERNEL FATAL debug wait enable...,- <LARGE_INT> <*> <*> <DATE><FLOAT>.<FLOAT> <*> RAS <*> <*> <*> <*> <*>,"{""LARGE_INT"": ""1118773252"", ""*"": ""enable..."", ""DATE"": ""2"", ""FLOAT"": ""20.52.106874""}",1,4
run_BGL_sample_20260521T043549_42,2026-05-21T04:35:49.997880+00:00,- 1118773424 2005.06.14 R25-M0-N2-C:J04-U11 2005-06-14-11.23.44.638394 R25-M0-N2-C:J04-U11 RAS KERNEL FATAL floating pt ex mode,- <LARGE_INT> <*> <*> <DATE><FLOAT>.<FLOAT> <*> RAS KERNEL <*> <*> <*> <*> <*>,"{""LARGE_INT"": ""1118773424"", ""*"": ""mode"", ""DATE"": ""2"", ""FLOAT"": ""23.44.638394""}",1,4
run_BGL_sample_20260521T043549_42,2026-05-21T04:35:49.997880+00:00,- 1118773618 2005.06.14 R25-M1-N7-C:J09-U11 2005-06-14-11.26.58.490506 R25-M1-N7-C:J09-U11 RAS KERNEL FATAL instruction address,- <LARGE_INT> <*> <*> <DATE><FLOAT>.<FLOAT> <*> RAS KERNEL <*> <*> <*>,"{""LARGE_INT"": ""1118773618"", ""*"": ""address"", ""DATE"": ""2"", ""FLOAT"": ""26.58.490506""}",1,4
run_BGL_sample_20260521T043549_42,2026-05-21T04:35:49.997880+00:00,- 1118773741 2005.06.14 R21-M0-N9-C:J08-U01 2005-06-14-11.29.01.258503 R21-M0-N9-C:J08-U01 RAS KERNEL FATAL data address space..,- <LARGE_INT> <*> <*> <DATE><FLOAT>.<FLOAT> <*> RAS <*> <*> <*> <*> <*>,"{""LARGE_INT"": ""1118773741"", ""*"": ""space.."", ""DATE"": ""2"", ""FLOAT"": ""29.01.258503""}",1,4
run_BGL_sample_20260521T043549_42,2026-05-21T04:35:49.997880+00:00,- 1118773750 2005.06.14 R25-M1-NF-C:J16-U11 2005-06-14-11.29.10.800711 R25-M1-NF-C:J16-U11 RAS KERNEL FATAL data address space..,- <LARGE_INT> <*> <*> <DATE><FLOAT>.<FLOAT> <*> RAS <*> <*> <*> <*> <*>,"{""LARGE_INT"": ""1118773750"", ""*"": ""space.."", ""DATE"": ""2"", ""FLOAT"": ""29.10.800711""}",1,4
run_BGL_sample_20260521T043549_42,2026-05-21T04:35:49.997880+00:00,- 1118773772 2005.06.14 R24-M1-N0-C:J04-U11 2005-06-14-11.29.32.480633 R24-M1-N0-C:J04-U11 RAS KERNEL FATAL data address space..,- <LARGE_INT> <*> <*> <DATE><FLOAT>.<FLOAT> <*> RAS <*> <*> <*> <*> <*>,"{""LARGE_INT"": ""1118773772"", ""*"": ""space.."", ""DATE"": ""2"", ""FLOAT"": ""29.32.480633""}",1,4
run_BGL_sample_20260521T043549_42,2026-05-21T04:35:49.997880+00:00,- 1118773807 2005.06.14 R20-M1-N5-C:J13-U01 2005-06-14-11.30.07.879884 R20-M1-N5-C:J13-U01 RAS KERNEL FATAL core configuration r,- <LARGE_INT> <*> <*> <DATE><FLOAT>.<FLOAT> <*> RAS <*> <*> <*> <*> <*>,"{""LARGE_INT"": ""1118773807"", ""*"": ""r"", ""DATE"": ""2"", ""FLOAT"": ""30.07.879884""}",1,4
run_BGL_sample_20260521T043549_42,2026-05-21T04:35:49.997880+00:00,- 1118773808 2005.06.14 R20-M1-NA-C:J03-U01 2005-06-14-11.30.08.524358 R20-M1-NA-C:J03-U01 RAS KERNEL FATAL core configuration r,- <LARGE_INT> <*> <*> <DATE><FLOAT>.<FLOAT> <*> RAS <*> <*> <*> <*> <*>,"{""LARGE_INT"": ""1118773808"", ""*"": ""r"", ""DATE"": ""2"", ""FLOAT"": ""30.08.524358""}",1,4
run_BGL_sample_20260521T043549_42,2026-05-21T04:35:49.997880+00:00,- 1118773837 2005.06.14 R24-M0-NF-C:J08-U01 2005-06-14-11.30.37.732517 R24-M0-NF-C:J08-U01 RAS KERNEL FATAL core configuration r,- <LARGE_INT> <*> <*> <DATE><FLOAT>.<FLOAT> <*> RAS <*> <*> <*> <*> <*>,"{""LARGE_INT"": ""1118773837"", ""*"": ""r"", ""DATE"": ""2"", ""FLOAT"": ""30.37.732517""}",1,4
run_BGL_sample_20260521T043549_42,2026-05-21T04:35:49.997880+00:00,- 1118773839 2005.06.14 R21-M0-ND-C:J17-U11 2005-06-14-11.30.39.961375 R21-M0-ND-C:J17-U11 RAS KERNEL FATAL core configuration r,- <LARGE_INT> <*> <*> <DATE><FLOAT>.<FLOAT> <*> RAS <*> <*> <*> <*> <*>,"{""LARGE_INT"": ""1118773839"", ""*"": ""r"", ""DATE"": ""2"", ""FLOAT"": ""30.39.961375""}",1,4
run_BGL_sample_20260521T043549_42,2026-05-21T04:35:49.997880+00:00,- 1118773862 2005.06.14 R21-M0-N7-C:J02-U11 2005-06-14-11.31.02.213030 R21-M0-N7-C:J02-U11 RAS KERNEL FATAL core configuration r,- <LARGE_INT> <*> <*> <DATE><FLOAT>.<FLOAT> <*> RAS <*> <*> <*> <*> <*>,"{""LARGE_INT"": ""1118773862"", ""*"": ""r"", ""DATE"": ""2"", ""FLOAT"": ""31.02.213030""}",1,4
run_BGL_sample_20260521T043549_42,2026-05-21T04:35:49.997880+00:00,- 1118773883 2005.06.14 R24-M1-N6-C:J17-U01 2005-06-14-11.31.23.322583 R24-M1-N6-C:J17-U01 RAS KERNEL FATAL core configuration r,- <LARGE_INT> <*> <*> <DATE><FLOAT>.<FLOAT> <*> RAS <*> <*> <*> <*> <*>,"{""LARGE_INT"": ""1118773883"", ""*"": ""r"", ""DATE"": ""2"", ""FLOAT"": ""31.23.322583""}",1,4
run_BGL_sample_20260521T043549_42,2026-05-21T04:35:49.997880+00:00,- 1118773941 2005.06.14 R20-M1-NA-C:J04-U01 2005-06-14-11.32.21.174785 R20-M1-NA-C:J04-U01 RAS KERNEL FATAL disable store gather,- <LARGE_INT> <*> <*> <DATE><FLOAT>.<FLOAT> <*> RAS <*> <*> <*> <*> <*>,"{""LARGE_INT"": ""1118773941"", ""*"": ""gather"", ""DATE"": ""2"", ""FLOAT"": ""32.21.174785""}",1,4
run_BGL_sample_20260521T043549_42,2026-05-21T04:35:49.997880+00:00,- 1118774011 2005.06.14 R24-M0-NA-C:J14-U01 2005-06-14-11.33.31.835838 R24-M0-NA-C:J14-U01 RAS KERNEL FATAL disable store gather,- <LARGE_INT> <*> <*> <DATE><FLOAT>.<FLOAT> <*> RAS <*> <*> <*> <*> <*>,"{""LARGE_INT"": ""1118774011"", ""*"": ""gather"", ""DATE"": ""2"", ""FLOAT"": ""33.31.835838""}",1,4
run_BGL_sample_20260521T043549_42,2026-05-21T04:35:49.997880+00:00,- 1118774042 2005.06.14 R25-M1-N8-C:J03-U11 2005-06-14-11.34.02.588297 R25-M1-N8-C:J03-U11 RAS KERNEL FATAL disable store gather,- <LARGE_INT> <*> <*> <DATE><FLOAT>.<FLOAT> <*> RAS <*> <*> <*> <*> <*>,"{""LARGE_INT"": ""1118774042"", ""*"": ""gather"", ""DATE"": ""2"", ""FLOAT"": ""34.02.588297""}",1,4
run_BGL_sample_20260521T043549_42,2026-05-21T04:35:49.997880+00:00,- 1118783531 2005.06.14 R22-M0-N7-C:J08-U11 2005-06-14-14.12.11.357904 R22-M0-N7-C:J08-U11 RAS KERNEL INFO generating core.42,- <LARGE_INT> <*> <*> <DATE><FLOAT>.<FLOAT> <*> RAS KERNEL <*> <*> <*>,"{""LARGE_INT"": ""1118783531"", ""*"": ""core.42"", ""DATE"": ""2"", ""FLOAT"": ""12.11.357904""}",1,4
run_BGL_sample_20260521T043549_42,2026-05-21T04:35:49.997880+00:00,- 1118784453 2005.06.14 R07-M0-N6-C:J11-U01 2005-06-14-14.27.33.186273 R07-M0-N6-C:J11-U01 RAS KERNEL INFO total of 1 ddr error(,- <LARGE_INT> <*> <*> <DATE><FLOAT>.<FLOAT> <*> RAS KERNEL INFO <*> <*> <*> <*> <*>,"{""LARGE_INT"": ""1118784453"", ""*"": ""error("", ""DATE"": ""2"", ""FLOAT"": ""27.33.186273""}",1,4
run_BGL_sample_20260521T043549_42,2026-05-21T04:35:49.997880+00:00,- 1118795802 2005.06.14 R23-M0-ND-C:J13-U01 2005-06-14-17.36.42.381657 R23-M0-ND-C:J13-U01 RAS KERNEL INFO generating core.145,- <LARGE_INT> <*> <*> <DATE><FLOAT>.<FLOAT> <*> RAS KERNEL <*> <*> <*>,"{""LARGE_INT"": ""1118795802"", ""*"": ""core.145"", ""DATE"": ""2"", ""FLOAT"": ""36.42.381657""}",1,4
run_BGL_sample_20260521T043549_42,2026-05-21T04:35:49.997880+00:00,- 1118809915 2005.06.14 R02-M1-N0-C:J12-U11 2005-06-14-21.31.55.295748 R02-M1-N0-C:J12-U11 RAS KERNEL INFO instruction cache par,- <LARGE_INT> <*> <*> <DATE><FLOAT>.<FLOAT> <*> RAS <*> <*> <*> <*> <*>,"{""LARGE_INT"": ""1118809915"", ""*"": ""par"", ""DATE"": ""2"", ""FLOAT"": ""31.55.295748""}",1,4
run_BGL_sample_20260521T043549_42,2026-05-21T04:35:49.997880+00:00,- 1118810502 2005.06.14 R02-M1-N0-C:J12-U11 2005-06-14-21.41.42.351016 R02-M1-N0-C:J12-U11 RAS KERNEL INFO instruction cache par,- <LARGE_INT> <*> <*> <DATE><FLOAT>.<FLOAT> <*> RAS <*> <*> <*> <*> <*>,"{""LARGE_INT"": ""1118810502"", ""*"": ""par"", ""DATE"": ""2"", ""FLOAT"": ""41.42.351016""}",1,4
run_BGL_sample_20260521T043549_42,2026-05-21T04:35:49.997880+00:00,- 1118811100 2005.06.14 R02-M1-N0-C:J12-U11 2005-06-14-21.51.40.083003 R02-M1-N0-C:J12-U11 RAS KERNEL INFO instruction cache par,- <LARGE_INT> <*> <*> <DATE><FLOAT>.<FLOAT> <*> RAS <*> <*> <*> <*> <*>,"{""LARGE_INT"": ""1118811100"", ""*"": ""par"", ""DATE"": ""2"", ""FLOAT"": ""51.40.083003""}",1,4
run_BGL_sample_20260521T043549_42,2026-05-21T04:35:49.997880+00:00,- 1118811393 2005.06.14 R02-M1-N0-C:J12-U11 2005-06-14-21.56.33.279265 R02-M1-N0-C:J12-U11 RAS KERNEL INFO instruction cache par,- <LARGE_INT> <*> <*> <DATE><FLOAT>.<FLOAT> <*> RAS <*> <*> <*> <*> <*>,"{""LARGE_INT"": ""1118811393"", ""*"": ""par"", ""DATE"": ""2"", ""FLOAT"": ""56.33.279265""}",1,4
run_BGL_sample_20260521T043549_42,2026-05-21T04:35:49.997880+00:00,- 1118812716 2005.06.14 R02-M1-N0-C:J12-U11 2005-06-14-22.18.36.751583 R02-M1-N0-C:J12-U11 RAS KERNEL INFO instruction cache par,- <LARGE_INT> <*> <*> <DATE><FLOAT>.<FLOAT> <*> RAS <*> <*> <*> <*> <*>,"{""LARGE_INT"": ""1118812716"", ""*"": ""par"", ""DATE"": ""2"", ""FLOAT"": ""18.36.751583""}",1,4
run_BGL_sample_20260521T043549_42,2026-05-21T04:35:49.997880+00:00,- 1118813039 2005.06.14 R02-M1-N0-C:J12-U11 2005-06-14-22.23.59.470421 R02-M1-N0-C:J12-U11 RAS KERNEL INFO instruction cache par,- <LARGE_INT> <*> <*> <DATE><FLOAT>.<FLOAT> <*> RAS <*> <*> <*> <*> <*>,"{""LARGE_INT"": ""1118813039"", ""*"": ""par"", ""DATE"": ""2"", ""FLOAT"": ""23.59.470421""}",1,4
run_BGL_sample_20260521T043549_42,2026-05-21T04:35:49.997880+00:00,- 1118843835 2005.06.15 R21-M1-N1-C:J07-U11 2005-06-15-06.57.15.905673 R21-M1-N1-C:J07-U11 RAS KERNEL INFO generating core.1978,- <LARGE_INT> <*> <*> <DATE><FLOAT>.<FLOAT> <*> RAS KERNEL <*> <*> <*>,"{""LARGE_INT"": ""1118843835"", ""*"": ""core.1978"", ""DATE"": ""2"", ""FLOAT"": ""57.15.905673""}",1,4
run_BGL_sample_20260521T043549_42,2026-05-21T04:35:49.997880+00:00,- 1118843857 2005.06.15 R25-M1-N1-C:J15-U11 2005-06-15-06.57.37.567187 R25-M1-N1-C:J15-U11 RAS KERNEL INFO generating core.2040,- <LARGE_INT> <*> <*> <DATE><FLOAT>.<FLOAT> <*> RAS KERNEL <*> <*> <*>,"{""LARGE_INT"": ""1118843857"", ""*"": ""core.2040"", ""DATE"": ""2"", ""FLOAT"": ""57.37.567187""}",1,4
run_BGL_sample_20260521T043549_42,2026-05-21T04:35:49.997880+00:00,- 1118846432 2005.06.15 R22-M0-NE-C:J04-U11 2005-06-15-07.40.32.710710 R22-M0-NE-C:J04-U11 RAS KERNEL INFO generating core.15,- <LARGE_INT> <*> <*> <DATE><FLOAT>.<FLOAT> <*> RAS KERNEL <*> <*> <*>,"{""LARGE_INT"": ""1118846432"", ""*"": ""core.15"", ""DATE"": ""2"", ""FLOAT"": ""40.32.710710""}",1,4
run_BGL_sample_20260521T043549_42,2026-05-21T04:35:49.997880+00:00,- 1118852240 2005.06.15 R02-M1-N0-C:J12-U11 2005-06-15-09.17.20.509519 R02-M1-N0-C:J12-U11 RAS KERNEL INFO instruction cache par,- <LARGE_INT> <*> <*> <DATE><FLOAT>.<FLOAT> <*> RAS <*> <*> <*> <*> <*>,"{""LARGE_INT"": ""1118852240"", ""*"": ""par"", ""DATE"": ""2"", ""FLOAT"": ""17.20.509519""}",1,4
run_BGL_sample_20260521T043549_42,2026-05-21T04:35:49.997880+00:00,- 1118852544 2005.06.15 R02-M1-N0-C:J12-U11 2005-06-15-09.22.24.246149 R02-M1-N0-C:J12-U11 RAS KERNEL INFO instruction cache par,- <LARGE_INT> <*> <*> <DATE><FLOAT>.<FLOAT> <*> RAS <*> <*> <*> <*> <*>,"{""LARGE_INT"": ""1118852544"", ""*"": ""par"", ""DATE"": ""2"", ""FLOAT"": ""22.24.246149""}",1,4
run_BGL_sample_20260521T043549_42,2026-05-21T04:35:49.997880+00:00,- 1118852625 2005.06.15 R02-M1-N0-C:J12-U11 2005-06-15-09.23.45.703981 R02-M1-N0-C:J12-U11 RAS KERNEL INFO instruction cache par,- <LARGE_INT> <*> <*> <DATE><FLOAT>.<FLOAT> <*> RAS <*> <*> <*> <*> <*>,"{""LARGE_INT"": ""1118852625"", ""*"": ""par"", ""DATE"": ""2"", ""FLOAT"": ""23.45.703981""}",1,4
run_BGL_sample_20260521T043549_42,2026-05-21T04:35:49.997880+00:00,- 1118852660 2005.06.15 R02-M1-N0-C:J12-U11 2005-06-15-09.24.20.246651 R02-M1-N0-C:J12-U11 RAS KERNEL INFO instruction cache par,- <LARGE_INT> <*> <*> <DATE><FLOAT>.<FLOAT> <*> RAS <*> <*> <*> <*> <*>,"{""LARGE_INT"": ""1118852660"", ""*"": ""par"", ""DATE"": ""2"", ""FLOAT"": ""24.20.246651""}",1,4
run_BGL_sample_20260521T043549_42,2026-05-21T04:35:49.997880+00:00,- 1118852703 2005.06.15 R02-M1-N0-C:J12-U11 2005-06-15-09.25.03.582371 R02-M1-N0-C:J12-U11 RAS KERNEL INFO instruction cache par,- <LARGE_INT> <*> <*> <DATE><FLOAT>.<FLOAT> <*> RAS <*> <*> <*> <*> <*>,"{""LARGE_INT"": ""1118852703"", ""*"": ""par"", ""DATE"": ""2"", ""FLOAT"": ""25.03.582371""}",1,4
run_BGL_sample_20260521T043549_42,2026-05-21T04:35:49.997880+00:00,- 1118852706 2005.06.15 R02-M1-N0-C:J12-U11 2005-06-15-09.25.06.962646 R02-M1-N0-C:J12-U11 RAS KERNEL INFO instruction cache par,- <LARGE_INT> <*> <*> <DATE><FLOAT>.<FLOAT> <*> RAS <*> <*> <*> <*> <*>,"{""LARGE_INT"": ""1118852706"", ""*"": ""par"", ""DATE"": ""2"", ""FLOAT"": ""25.06.962646""}",1,4
run_BGL_sample_20260521T043549_42,2026-05-21T04:35:49.997880+00:00,- 1118852913 2005.06.15 R02-M1-N0-C:J12-U11 2005-06-15-09.28.33.631142 R02-M1-N0-C:J12-U11 RAS KERNEL INFO instruction cache par,- <LARGE_INT> <*> <*> <DATE><FLOAT>.<FLOAT> <*> RAS <*> <*> <*> <*> <*>,"{""LARGE_INT"": ""1118852913"", ""*"": ""par"", ""DATE"": ""2"", ""FLOAT"": ""28.33.631142""}",1,4
run_BGL_sample_20260521T043549_42,2026-05-21T04:35:49.997880+00:00,- 1118853076 2005.06.15 R34-M1-N9-C:J07-U11 2005-06-15-09.31.16.623218 R34-M1-N9-C:J07-U11 RAS KERNEL INFO generating core.16218,- <LARGE_INT> <*> <*> <DATE><FLOAT>.<FLOAT> <*> RAS KERNEL <*> <*> <*>,"{""LARGE_INT"": ""1118853076"", ""*"": ""core.16218"", ""DATE"": ""2"", ""FLOAT"": ""31.16.623218""}",1,4
run_BGL_sample_20260521T043549_42,2026-05-21T04:35:49.997880+00:00,- 1118860111 2005.06.15 R02-M1-N0-C:J12-U11 2005-06-15-11.28.31.099655 R02-M1-N0-C:J12-U11 RAS KERNEL INFO instruction cache par,- <LARGE_INT> <*> <*> <DATE><FLOAT>.<FLOAT> <*> RAS <*> <*> <*> <*> <*>,"{""LARGE_INT"": ""1118860111"", ""*"": ""par"", ""DATE"": ""2"", ""FLOAT"": ""28.31.099655""}",1,4
run_BGL_sample_20260521T043549_42,2026-05-21T04:35:49.997880+00:00,- 1118908990 2005.06.16 R02-M1-N1-C:J12-U01 2005-06-16-01.03.10.008103 R02-M1-N1-C:J12-U01 RAS KERNEL INFO instruction cache par,- <LARGE_INT> <*> <*> <DATE><FLOAT>.<FLOAT> <*> RAS <*> <*> <*> <*> <*>,"{""LARGE_INT"": ""1118908990"", ""*"": ""par"", ""DATE"": ""2"", ""FLOAT"": ""03.10.008103""}",1,4
run_BGL_sample_20260521T043549_42,2026-05-21T04:35:49.997880+00:00,- 1118911762 2005.06.16 R34-M0-NF-C:J03-U01 2005-06-16-01.49.22.748250 R34-M0-NF-C:J03-U01 RAS KERNEL INFO generating core.8531,- <LARGE_INT> <*> <*> <DATE><FLOAT>.<FLOAT> <*> RAS KERNEL <*> <*> <*>,"{""LARGE_INT"": ""1118911762"", ""*"": ""core.8531"", ""DATE"": ""2"", ""FLOAT"": ""49.22.748250""}",1,4
run_BGL_sample_20260521T043549_42,2026-05-21T04:35:49.997880+00:00,- 1118911785 2005.06.16 R27-M1-ND-C:J11-U01 2005-06-16-01.49.45.558500 R27-M1-ND-C:J11-U01 RAS KERNEL INFO generating core.2961,- <LARGE_INT> <*> <*> <DATE><FLOAT>.<FLOAT> <*> RAS KERNEL <*> <*> <*>,"{""LARGE_INT"": ""1118911785"", ""*"": ""core.2961"", ""DATE"": ""2"", ""FLOAT"": ""49.45.558500""}",1,4
run_BGL_sample_20260521T043549_42,2026-05-21T04:35:49.997880+00:00,- 1118911796 2005.06.16 R04-M1-N8-C:J09-U11 2005-06-16-01.49.56.966924 R04-M1-N8-C:J09-U11 RAS KERNEL INFO generating core.15966,- <LARGE_INT> <*> <*> <DATE><FLOAT>.<FLOAT> <*> RAS KERNEL <*> <*> <*>,"{""LARGE_INT"": ""1118911796"", ""*"": ""core.15966"", ""DATE"": ""2"", ""FLOAT"": ""49.56.966924""}",1,4
run_BGL_sample_20260521T043549_42,2026-05-21T04:35:49.997880+00:00,- 1118915888 2005.06.16 R20-M1-N7-C:J08-U11 2005-06-16-02.58.08.116468 R20-M1-N7-C:J08-U11 RAS KERNEL INFO generating core.42,- <LARGE_INT> <*> <*> <DATE><FLOAT>.<FLOAT> <*> RAS KERNEL <*> <*> <*>,"{""LARGE_INT"": ""1118915888"", ""*"": ""core.42"", ""DATE"": ""2"", ""FLOAT"": ""58.08.116468""}",1,4
run_BGL_sample_20260521T043549_42,2026-05-21T04:35:49.997880+00:00,- 1118915889 2005.06.16 R24-M1-NE-C:J13-U11 2005-06-16-02.58.09.310238 R24-M1-NE-C:J13-U11 RAS KERNEL INFO generating core.93,- <LARGE_INT> <*> <*> <DATE><FLOAT>.<FLOAT> <*> RAS KERNEL <*> <*> <*>,"{""LARGE_INT"": ""1118915889"", ""*"": ""core.93"", ""DATE"": ""2"", ""FLOAT"": ""58.09.310238""}",1,4
run_BGL_sample_20260521T043549_42,2026-05-21T04:35:49.997880+00:00,- 1118916047 2005.06.16 R21-M1-N4-C:J12-U11 2005-06-16-03.00.47.249279 R21-M1-N4-C:J12-U11 RAS KERNEL INFO generating core.2605,- <LARGE_INT> <*> <*> <DATE><FLOAT>.<FLOAT> <*> RAS KERNEL <*> <*> <*>,"{""LARGE_INT"": ""1118916047"", ""*"": ""core.2605"", ""DATE"": ""2"", ""FLOAT"": ""00.47.249279""}",1,4
run_BGL_sample_20260521T043549_42,2026-05-21T04:35:49.997880+00:00,- 1118916053 2005.06.16 R27-M0-N8-C:J11-U01 2005-06-16-03.00.53.351857 R27-M0-N8-C:J11-U01 RAS KERNEL INFO generating core.6037,- <LARGE_INT> <*> <*> <DATE><FLOAT>.<FLOAT> <*> RAS KERNEL <*> <*> <*>,"{""LARGE_INT"": ""1118916053"", ""*"": ""core.6037"", ""DATE"": ""2"", ""FLOAT"": ""00.53.351857""}",1,4
run_BGL_sample_20260521T043549_42,2026-05-21T04:35:49.997880+00:00,- 1118916060 2005.06.16 R24-M1-N4-C:J07-U01 2005-06-16-03.01.00.566385 R24-M1-N4-C:J07-U01 RAS KERNEL INFO generating core.886,- <LARGE_INT> <*> <*> <DATE><FLOAT>.<FLOAT> <*> RAS KERNEL <*> <*> <*>,"{""LARGE_INT"": ""1118916060"", ""*"": ""core.886"", ""DATE"": ""2"", ""FLOAT"": ""01.00.566385""}",1,4
run_BGL_sample_20260521T043549_42,2026-05-21T04:35:49.997880+00:00,- 1118916076 2005.06.16 R23-M1-N4-C:J10-U11 2005-06-16-03.01.16.485975 R23-M1-N4-C:J10-U11 RAS KERNEL INFO generating core.3053,- <LARGE_INT> <*> <*> <DATE><FLOAT>.<FLOAT> <*> RAS KERNEL <*> <*> <*>,"{""LARGE_INT"": ""1118916076"", ""*"": ""core.3053"", ""DATE"": ""2"", ""FLOAT"": ""01.16.485975""}",1,4
run_BGL_sample_20260521T043549_42,2026-05-21T04:35:49.997880+00:00,- 1118916076 2005.06.16 R23-M1-N4-C:J08-U01 2005-06-16-03.01.16.662641 R23-M1-N4-C:J08-U01 RAS KERNEL INFO generating core.2790,- <LARGE_INT> <*> <*> <DATE><FLOAT>.<FLOAT> <*> RAS KERNEL <*> <*> <*>,"{""LARGE_INT"": ""1118916076"", ""*"": ""core.2790"", ""DATE"": ""2"", ""FLOAT"": ""01.16.662641""}",1,4
run_BGL_sample_20260521T043549_42,2026-05-21T04:35:49.997880+00:00,APPREAD 1118958902 2005.06.16 R32-M1-N8-I:J18-U01 2005-06-16-14.55.02.074340 R32-M1-N8-I:J18-U01 RAS APP FATAL ciod: failed to r,APPREAD <LARGE_INT> <*> <*> <DATE><FLOAT>.<FLOAT> <*> RAS APP FATAL ciod: failed to r,"{""LARGE_INT"": ""1118958902"", ""*"": ""R32-M1-N8-I:J18-U01"", ""DATE"": ""2"", ""FLOAT"": ""55.02.074340""}",1,4
run_BGL_sample_20260521T043549_42,2026-05-21T04:35:49.997880+00:00,- 1118964552 2005.06.16 R02-M1-N0-C:J12-U11 2005-06-16-16.29.12.853302 R02-M1-N0-C:J12-U11 RAS KERNEL INFO instruction cache par,- <LARGE_INT> <*> <*> <DATE><FLOAT>.<FLOAT> <*> RAS <*> <*> <*> <*> <*>,"{""LARGE_INT"": ""1118964552"", ""*"": ""par"", ""DATE"": ""2"", ""FLOAT"": ""29.12.853302""}",1,4
run_BGL_sample_20260521T043549_42,2026-05-21T04:35:49.997880+00:00,- 1119055358 2005.06.17 R12-M1-NB-C:J15-U01 2005-06-17-17.42.38.875141 R12-M1-NB-C:J15-U01 RAS KERNEL INFO generating core.1488,- <LARGE_INT> <*> <*> <DATE><FLOAT>.<FLOAT> <*> RAS KERNEL <*> <*> <*>,"{""LARGE_INT"": ""1119055358"", ""*"": ""core.1488"", ""DATE"": ""2"", ""FLOAT"": ""42.38.875141""}",1,4
run_BGL_sample_20260521T043549_42,2026-05-21T04:35:49.997880+00:00,"- 1119103692 2005.06.18 R16-M1-N2-C:J17-U01 2005-06-18-07.08.12.026766 R16-M1-N2-C:J17-U01 RAS KERNEL INFO CE sym 2, at 0x0b85f6",- <LARGE_INT> <*> <*> <DATE><FLOAT>.<FLOAT> <*> RAS KERNEL INFO <*> <*> <*> <*> <*>,"{""LARGE_INT"": ""1119103692"", ""*"": ""0x0b85f6"", ""DATE"": ""2"", ""FLOAT"": ""08.12.026766""}",1,4
run_BGL_sample_20260521T043549_42,2026-05-21T04:35:49.997880+00:00,- 1119151510 2005.06.18 R36-M0-NF-C:J13-U01 2005-06-18-20.25.10.503085 R36-M0-NF-C:J13-U01 RAS KERNEL INFO generating core.2186,- <LARGE_INT> <*> <*> <DATE><FLOAT>.<FLOAT> <*> RAS KERNEL <*> <*> <*>,"{""LARGE_INT"": ""1119151510"", ""*"": ""core.2186"", ""DATE"": ""2"", ""FLOAT"": ""25.10.503085""}",1,4
run_BGL_sample_20260521T043549_42,2026-05-21T04:35:49.997880+00:00,- 1119166454 2005.06.19 R04-M0-N9-C:J07-U01 2005-06-19-00.34.14.589889 R04-M0-N9-C:J07-U01 RAS KERNEL INFO generating core.978,- <LARGE_INT> <*> <*> <DATE><FLOAT>.<FLOAT> <*> RAS KERNEL <*> <*> <*>,"{""LARGE_INT"": ""1119166454"", ""*"": ""core.978"", ""DATE"": ""2"", ""FLOAT"": ""34.14.589889""}",1,4
run_BGL_sample_20260521T043549_42,2026-05-21T04:35:49.997880+00:00,- 1119166473 2005.06.19 R05-M1-N3-C:J15-U11 2005-06-19-00.34.33.890486 R05-M1-N3-C:J15-U11 RAS KERNEL INFO generating core.2808,- <LARGE_INT> <*> <*> <DATE><FLOAT>.<FLOAT> <*> RAS KERNEL <*> <*> <*>,"{""LARGE_INT"": ""1119166473"", ""*"": ""core.2808"", ""DATE"": ""2"", ""FLOAT"": ""34.33.890486""}",1,4
run_BGL_sample_20260521T043549_42,2026-05-21T04:35:49.997880+00:00,- 1119166494 2005.06.19 R01-M1-N4-C:J07-U01 2005-06-19-00.34.54.479358 R01-M1-N4-C:J07-U01 RAS KERNEL INFO generating core.2486,- <LARGE_INT> <*> <*> <DATE><FLOAT>.<FLOAT> <*> RAS KERNEL <*> <*> <*>,"{""LARGE_INT"": ""1119166494"", ""*"": ""core.2486"", ""DATE"": ""2"", ""FLOAT"": ""34.54.479358""}",1,4
run_BGL_sample_20260521T043549_42,2026-05-21T04:35:49.997880+00:00,- 1119290966 2005.06.20 R16-M1-N6-C:J08-U01 2005-06-20-11.09.26.582302 R16-M1-N6-C:J08-U01 RAS KERNEL INFO generating core.334,- <LARGE_INT> <*> <*> <DATE><FLOAT>.<FLOAT> <*> RAS KERNEL <*> <*> <*>,"{""LARGE_INT"": ""1119290966"", ""*"": ""core.334"", ""DATE"": ""2"", ""FLOAT"": ""09.26.582302""}",1,4
run_BGL_sample_20260521T043549_42,2026-05-21T04:35:49.997880+00:00,- 1119291000 2005.06.20 R17-M1-ND-C:J12-U11 2005-06-20-11.10.00.255483 R17-M1-ND-C:J12-U11 RAS KERNEL INFO generating core.5401,- <LARGE_INT> <*> <*> <DATE><FLOAT>.<FLOAT> <*> RAS KERNEL <*> <*> <*>,"{""LARGE_INT"": ""1119291000"", ""*"": ""core.5401"", ""DATE"": ""2"", ""FLOAT"": ""10.00.255483""}",1,4
run_BGL_sample_20260521T043549_42,2026-05-21T04:35:49.997880+00:00,- 1119291039 2005.06.20 R00-M1-N3-C:J08-U11 2005-06-20-11.10.39.035194 R00-M1-N3-C:J08-U11 RAS KERNEL INFO generating core.14418,- <LARGE_INT> <*> <*> <DATE><FLOAT>.<FLOAT> <*> RAS KERNEL <*> <*> <*>,"{""LARGE_INT"": ""1119291039"", ""*"": ""core.14418"", ""DATE"": ""2"", ""FLOAT"": ""10.39.035194""}",1,4
run_BGL_sample_20260521T043549_42,2026-05-21T04:35:49.997880+00:00,- 1119291044 2005.06.20 R12-M1-N2-C:J09-U11 2005-06-20-11.10.44.787932 R12-M1-N2-C:J09-U11 RAS KERNEL INFO generating core.2558,- <LARGE_INT> <*> <*> <DATE><FLOAT>.<FLOAT> <*> RAS KERNEL <*> <*> <*>,"{""LARGE_INT"": ""1119291044"", ""*"": ""core.2558"", ""DATE"": ""2"", ""FLOAT"": ""10.44.787932""}",1,4
run_BGL_sample_20260521T043549_42,2026-05-21T04:35:49.997880+00:00,- 1119291099 2005.06.20 R11-M0-ND-C:J11-U11 2005-06-20-11.11.39.810523 R11-M0-ND-C:J11-U11 RAS KERNEL INFO generating core.9785,- <LARGE_INT> <*> <*> <DATE><FLOAT>.<FLOAT> <*> RAS KERNEL <*> <*> <*>,"{""LARGE_INT"": ""1119291099"", ""*"": ""core.9785"", ""DATE"": ""2"", ""FLOAT"": ""11.39.810523""}",1,4
run_BGL_sample_20260521T043549_42,2026-05-21T04:35:49.997880+00:00,- 1119291235 2005.06.20 R01-M0-NE-C:J06-U01 2005-06-20-11.13.55.422033 R01-M0-NE-C:J06-U01 RAS KERNEL INFO generating core.4614,- <LARGE_INT> <*> <*> <DATE><FLOAT>.<FLOAT> <*> RAS KERNEL <*> <*> <*>,"{""LARGE_INT"": ""1119291235"", ""*"": ""core.4614"", ""DATE"": ""2"", ""FLOAT"": ""13.55.422033""}",1,4
run_BGL_sample_20260521T043549_42,2026-05-21T04:35:49.997880+00:00,- 1119291291 2005.06.20 R13-M1-N8-C:J05-U11 2005-06-20-11.14.51.439913 R13-M1-N8-C:J05-U11 RAS KERNEL INFO generating core.7615,- <LARGE_INT> <*> <*> <DATE><FLOAT>.<FLOAT> <*> RAS KERNEL <*> <*> <*>,"{""LARGE_INT"": ""1119291291"", ""*"": ""core.7615"", ""DATE"": ""2"", ""FLOAT"": ""14.51.439913""}",1,4
run_BGL_sample_20260521T043549_42,2026-05-21T04:35:49.997880+00:00,- 1119291293 2005.06.20 R10-M0-N8-C:J03-U11 2005-06-20-11.14.53.357175 R10-M0-N8-C:J03-U11 RAS KERNEL INFO generating core.15935,- <LARGE_INT> <*> <*> <DATE><FLOAT>.<FLOAT> <*> RAS KERNEL <*> <*> <*>,"{""LARGE_INT"": ""1119291293"", ""*"": ""core.15935"", ""DATE"": ""2"", ""FLOAT"": ""14.53.357175""}",1,4
run_BGL_sample_20260521T043549_42,2026-05-21T04:35:49.997880+00:00,- 1119309833 2005.06.20 R14-M1-N0-I:J18-U01 2005-06-20-16.23.53.944371 R14-M1-N0-I:J18-U01 RAS APP FATAL ciod: Error loading /ho,- <LARGE_INT> <*> <*> <DATE><FLOAT>.<FLOAT> <*> RAS <*> <*> <*> <*> <*> <*>,"{""LARGE_INT"": ""1119309833"", ""*"": ""/ho"", ""DATE"": ""2"", ""FLOAT"": ""23.53.944371""}",1,4
run_BGL_sample_20260521T043549_42,2026-05-21T04:35:49.997880+00:00,APPCHILD 1119319455 2005.06.20 R12-M1-NC-I:J18-U11 2005-06-20-19.04.15.002425 R12-M1-NC-I:J18-U11 RAS APP FATAL ciod: Error crea,APPCHILD <LARGE_INT> <FLOAT>.20 R12-M1-NC-I:J18-U11 <DATE><FLOAT>.<FLOAT> R12-M1-NC-I:J18-U11 RAS APP FATAL ciod: Error crea,"{""LARGE_INT"": ""1119319455"", ""FLOAT"": ""04.15.002425"", ""DATE"": ""2""}",1,3
run_BGL_sample_20260521T043549_42,2026-05-21T04:35:49.997880+00:00,"- 1119324666 2005.06.20 R16-M1-N2-C:J17-U01 2005-06-20-20.31.06.282052 R16-M1-N2-C:J17-U01 RAS KERNEL INFO CE sym 0, at 0x1b8582",- <LARGE_INT> <*> <*> <DATE><FLOAT>.<FLOAT> <*> RAS KERNEL INFO <*> <*> <*> <*> <*>,"{""LARGE_INT"": ""1119324666"", ""*"": ""0x1b8582"", ""DATE"": ""2"", ""FLOAT"": ""31.06.282052""}",1,4
run_BGL_sample_20260521T043549_42,2026-05-21T04:35:49.997880+00:00,- 1119377678 2005.06.21 R20-M0-N9-C:J11-U11 2005-06-21-11.14.38.018978 R20-M0-N9-C:J11-U11 RAS KERNEL INFO generating core.8089,- <LARGE_INT> <*> <*> <DATE><FLOAT>.<FLOAT> <*> RAS KERNEL <*> <*> <*>,"{""LARGE_INT"": ""1119377678"", ""*"": ""core.8089"", ""DATE"": ""2"", ""FLOAT"": ""14.38.018978""}",1,4
run_BGL_sample_20260521T043549_42,2026-05-21T04:35:49.997880+00:00,- 1119377680 2005.06.21 R20-M1-N2-C:J17-U01 2005-06-21-11.14.40.347916 R20-M1-N2-C:J17-U01 RAS KERNEL INFO generating core.4660,- <LARGE_INT> <*> <*> <DATE><FLOAT>.<FLOAT> <*> RAS KERNEL <*> <*> <*>,"{""LARGE_INT"": ""1119377680"", ""*"": ""core.4660"", ""DATE"": ""2"", ""FLOAT"": ""14.40.347916""}",1,4
run_BGL_sample_20260521T043549_42,2026-05-21T04:35:49.997880+00:00,- 1119377709 2005.06.21 R24-M1-NB-C:J11-U01 2005-06-21-11.15.09.415157 R24-M1-NB-C:J11-U01 RAS KERNEL INFO generating core.721,- <LARGE_INT> <*> <*> <DATE><FLOAT>.<FLOAT> <*> RAS KERNEL <*> <*> <*>,"{""LARGE_INT"": ""1119377709"", ""*"": ""core.721"", ""DATE"": ""2"", ""FLOAT"": ""15.09.415157""}",1,4
run_BGL_sample_20260521T043549_42,2026-05-21T04:35:49.997880+00:00,- 1119377756 2005.06.21 R21-M1-N6-C:J02-U01 2005-06-21-11.15.56.944563 R21-M1-N6-C:J02-U01 RAS KERNEL INFO generating core.5287,- <LARGE_INT> <*> <*> <DATE><FLOAT>.<FLOAT> <*> RAS KERNEL <*> <*> <*>,"{""LARGE_INT"": ""1119377756"", ""*"": ""core.5287"", ""DATE"": ""2"", ""FLOAT"": ""15.56.944563""}",1,4
run_BGL_sample_20260521T043549_42,2026-05-21T04:35:49.997880+00:00,- 1119377784 2005.06.21 R20-M1-N8-C:J04-U11 2005-06-21-11.16.24.473585 R20-M1-N8-C:J04-U11 RAS KERNEL INFO generating core.783,- <LARGE_INT> <*> <*> <DATE><FLOAT>.<FLOAT> <*> RAS KERNEL <*> <*> <*>,"{""LARGE_INT"": ""1119377784"", ""*"": ""core.783"", ""DATE"": ""2"", ""FLOAT"": ""16.24.473585""}",1,4
run_BGL_sample_20260521T043549_42,2026-05-21T04:35:49.997880+00:00,- 1119381883 2005.06.21 R05-M1-N8-C:J13-U01 2005-06-21-12.24.43.265881 R05-M1-N8-C:J13-U01 RAS KERNEL INFO 1 ddr errors(s) detec,- <LARGE_INT> <*> <*> <DATE><FLOAT>.<FLOAT> <*> RAS <*> <*> <*> <*> <*> <*>,"{""LARGE_INT"": ""1119381883"", ""*"": ""detec"", ""DATE"": ""2"", ""FLOAT"": ""24.43.265881""}",1,4
run_BGL_sample_20260521T043549_42,2026-05-21T04:35:49.997880+00:00,- 1119383898 2005.06.21 R02-M1-N0-C:J12-U11 2005-06-21-12.58.18.149869 R02-M1-N0-C:J12-U11 RAS KERNEL INFO instruction cache par,- <LARGE_INT> <*> <*> <DATE><FLOAT>.<FLOAT> <*> RAS <*> <*> <*> <*> <*>,"{""LARGE_INT"": ""1119383898"", ""*"": ""par"", ""DATE"": ""2"", ""FLOAT"": ""58.18.149869""}",1,4
run_BGL_sample_20260521T043549_42,2026-05-21T04:35:49.997880+00:00,- 1119402454 2005.06.21 R22-M0-N4-I:J18-U11 2005-06-21-18.07.34.337232 R22-M0-N4-I:J18-U11 RAS APP FATAL ciod: Error loading ./r,- <LARGE_INT> <*> <*> <DATE><FLOAT>.<FLOAT> <*> RAS <*> <*> <*> <*> <*> <*>,"{""LARGE_INT"": ""1119402454"", ""*"": ""./r"", ""DATE"": ""2"", ""FLOAT"": ""07.34.337232""}",1,4
run_BGL_sample_20260521T043549_42,2026-05-21T04:35:49.997880+00:00,- 1119450937 2005.06.22 R02-M1-N0-C:J12-U11 2005-06-22-07.35.37.412184 R02-M1-N0-C:J12-U11 RAS KERNEL INFO instruction cache par,- <LARGE_INT> <*> <*> <DATE><FLOAT>.<FLOAT> <*> RAS <*> <*> <*> <*> <*>,"{""LARGE_INT"": ""1119450937"", ""*"": ""par"", ""DATE"": ""2"", ""FLOAT"": ""35.37.412184""}",1,4
run_BGL_sample_20260521T043549_42,2026-05-21T04:35:49.997880+00:00,- 1119475796 2005.06.22 R22-M0-NA-C:J02-U11 2005-06-22-14.29.56.824423 R22-M0-NA-C:J02-U11 RAS KERNEL INFO 199680 double-hummer,- <LARGE_INT> <*> <*> <DATE><FLOAT>.<FLOAT> <*> RAS KERNEL <*> <*> <*>,"{""LARGE_INT"": ""1119475796"", ""*"": ""double-hummer"", ""DATE"": ""2"", ""FLOAT"": ""29.56.824423""}",1,4
run_BGL_sample_20260521T043549_42,2026-05-21T04:35:49.997880+00:00,- 1119478812 2005.06.22 R20-M0-N3-C:J14-U01 2005-06-22-15.20.12.174541 R20-M0-N3-C:J14-U01 RAS KERNEL INFO 1969920 double-hummer,- <LARGE_INT> <*> <*> <DATE><FLOAT>.<FLOAT> <*> RAS KERNEL <*> <*> <*>,"{""LARGE_INT"": ""1119478812"", ""*"": ""double-hummer"", ""DATE"": ""2"", ""FLOAT"": ""20.12.174541""}",1,4
run_BGL_sample_20260521T043549_42,2026-05-21T04:35:49.997880+00:00,- 1119479310 2005.06.22 R20-M0-N6-C:J03-U01 2005-06-22-15.28.30.643475 R20-M0-N6-C:J03-U01 RAS KERNEL INFO 2576000 double-hummer,- <LARGE_INT> <*> <*> <DATE><FLOAT>.<FLOAT> <*> RAS KERNEL <*> <*> <*>,"{""LARGE_INT"": ""1119479310"", ""*"": ""double-hummer"", ""DATE"": ""2"", ""FLOAT"": ""28.30.643475""}",1,4
run_BGL_sample_20260521T043549_42,2026-05-21T04:35:49.997880+00:00,- 1119479317 2005.06.22 R21-M1-N1-C:J08-U11 2005-06-22-15.28.37.811949 R21-M1-N1-C:J08-U11 RAS KERNEL INFO 2576000 double-hummer,- <LARGE_INT> <*> <*> <DATE><FLOAT>.<FLOAT> <*> RAS KERNEL <*> <*> <*>,"{""LARGE_INT"": ""1119479317"", ""*"": ""double-hummer"", ""DATE"": ""2"", ""FLOAT"": ""28.37.811949""}",1,4
run_BGL_sample_20260521T043549_42,2026-05-21T04:35:49.997880+00:00,- 1119481305 2005.06.22 R22-M1-NA-C:J04-U11 2005-06-22-16.01.45.870183 R22-M1-NA-C:J04-U11 RAS KERNEL INFO 6182400 double-hummer,- <LARGE_INT> <*> <*> <DATE><FLOAT>.<FLOAT> <*> RAS KERNEL <*> <*> <*>,"{""LARGE_INT"": ""1119481305"", ""*"": ""double-hummer"", ""DATE"": ""2"", ""FLOAT"": ""01.45.870183""}",1,4
run_BGL_sample_20260521T043549_42,2026-05-21T04:35:49.997880+00:00,- 1119545636 2005.06.23 R23-M1-N7-C:J02-U01 2005-06-23-09.53.56.123342 R23-M1-N7-C:J02-U01 RAS KERNEL INFO 6182400 double-hummer,- <LARGE_INT> <*> <*> <DATE><FLOAT>.<FLOAT> <*> RAS KERNEL <*> <*> <*>,"{""LARGE_INT"": ""1119545636"", ""*"": ""double-hummer"", ""DATE"": ""2"", ""FLOAT"": ""53.56.123342""}",1,4
run_BGL_sample_20260521T043549_42,2026-05-21T04:35:49.997880+00:00,- 1119569236 2005.06.23 R22-M0-N6-C:J12-U11 2005-06-23-16.27.16.266001 R22-M0-N6-C:J12-U11 RAS KERNEL INFO 6182400 double-hummer,- <LARGE_INT> <*> <*> <DATE><FLOAT>.<FLOAT> <*> RAS KERNEL <*> <*> <*>,"{""LARGE_INT"": ""1119569236"", ""*"": ""double-hummer"", ""DATE"": ""2"", ""FLOAT"": ""27.16.266001""}",1,4
run_BGL_sample_20260521T043549_42,2026-05-21T04:35:49.997880+00:00,- 1119571364 2005.06.23 R23-M1-N7-C:J14-U01 2005-06-23-17.02.44.950044 R23-M1-N7-C:J14-U01 RAS KERNEL INFO 3091200 double-hummer,- <LARGE_INT> <*> <*> <DATE><FLOAT>.<FLOAT> <*> RAS KERNEL <*> <*> <*>,"{""LARGE_INT"": ""1119571364"", ""*"": ""double-hummer"", ""DATE"": ""2"", ""FLOAT"": ""02.44.950044""}",1,4
run_BGL_sample_20260521T043549_42,2026-05-21T04:35:49.997880+00:00,- 1119571369 2005.06.23 R23-M1-ND-C:J02-U01 2005-06-23-17.02.49.991152 R23-M1-ND-C:J02-U01 RAS KERNEL INFO 3091200 double-hummer,- <LARGE_INT> <*> <*> <DATE><FLOAT>.<FLOAT> <*> RAS KERNEL <*> <*> <*>,"{""LARGE_INT"": ""1119571369"", ""*"": ""double-hummer"", ""DATE"": ""2"", ""FLOAT"": ""02.49.991152""}",1,4
run_BGL_sample_20260521T043549_42,2026-05-21T04:35:49.997880+00:00,- 1119572030 2005.06.23 R23-M1-N8-C:J06-U01 2005-06-23-17.13.50.341611 R23-M1-N8-C:J06-U01 RAS KERNEL INFO 3091200 double-hummer,- <LARGE_INT> <*> <*> <DATE><FLOAT>.<FLOAT> <*> RAS KERNEL <*> <*> <*>,"{""LARGE_INT"": ""1119572030"", ""*"": ""double-hummer"", ""DATE"": ""2"", ""FLOAT"": ""13.50.341611""}",1,4
run_BGL_sample_20260521T043549_42,2026-05-21T04:35:49.997880+00:00,"- 1119625799 2005.06.24 R03-M0-NB-C:J10-U11 2005-06-24-08.09.59.585592 R03-M0-NB-C:J10-U11 RAS KERNEL INFO CE sym 12, at 0x1b786",- <LARGE_INT> <*> <*> <DATE><FLOAT>.<FLOAT> <*> RAS KERNEL INFO <*> <*> <*> <*> <*>,"{""LARGE_INT"": ""1119625799"", ""*"": ""0x1b786"", ""DATE"": ""2"", ""FLOAT"": ""09.59.585592""}",1,4
run_BGL_sample_20260521T043549_42,2026-05-21T04:35:49.997880+00:00,"- 1119638161 2005.06.24 R16-M1-N2-C:J17-U01 2005-06-24-11.36.01.774405 R16-M1-N2-C:J17-U01 RAS KERNEL INFO CE sym 0, at 0x1b8584",- <LARGE_INT> <*> <*> <DATE><FLOAT>.<FLOAT> <*> RAS KERNEL INFO <*> <*> <*> <*> <*>,"{""LARGE_INT"": ""1119638161"", ""*"": ""0x1b8584"", ""DATE"": ""2"", ""FLOAT"": ""36.01.774405""}",1,4
run_BGL_sample_20260521T043549_42,2026-05-21T04:35:49.997880+00:00,"- 1119677904 2005.06.24 R36-M0-N5-C:J03-U01 2005-06-24-22.38.24.830252 R36-M0-N5-C:J03-U01 RAS KERNEL INFO CE sym 23, at 0x03f89",- <LARGE_INT> <*> <*> <DATE><FLOAT>.<FLOAT> <*> RAS KERNEL INFO <*> <*> <*> <*> <*>,"{""LARGE_INT"": ""1119677904"", ""*"": ""0x03f89"", ""DATE"": ""2"", ""FLOAT"": ""38.24.830252""}",1,4
run_BGL_sample_20260521T043549_42,2026-05-21T04:35:49.997880+00:00,- 1119693767 2005.06.25 R22-M0-NF-C:J02-U01 2005-06-25-03.02.47.673562 R22-M0-NF-C:J02-U01 RAS KERNEL INFO 23431872 double-humme,- <LARGE_INT> <*> <*> <DATE><FLOAT>.<FLOAT> <*> RAS KERNEL <*> <*> <*>,"{""LARGE_INT"": ""1119693767"", ""*"": ""double-humme"", ""DATE"": ""2"", ""FLOAT"": ""02.47.673562""}",1,4
run_BGL_sample_20260521T043549_42,2026-05-21T04:35:49.997880+00:00,- 1119695647 2005.06.25 R31-M1-ND-C:J05-U01 2005-06-25-03.34.07.686513 R31-M1-ND-C:J05-U01 RAS KERNEL INFO 259966605 double-humm,- <LARGE_INT> <*> <*> <DATE><FLOAT>.<FLOAT> <*> RAS KERNEL <*> <*> <*>,"{""LARGE_INT"": ""1119695647"", ""*"": ""double-humm"", ""DATE"": ""2"", ""FLOAT"": ""34.07.686513""}",1,4
run_BGL_sample_20260521T043549_42,2026-05-21T04:35:49.997880+00:00,- 1119695690 2005.06.25 R35-M0-NF-C:J11-U11 2005-06-25-03.34.50.645459 R35-M0-NF-C:J11-U11 RAS KERNEL INFO 255244071 double-humm,- <LARGE_INT> <*> <*> <DATE><FLOAT>.<FLOAT> <*> RAS KERNEL <*> <*> <*>,"{""LARGE_INT"": ""1119695690"", ""*"": ""double-humm"", ""DATE"": ""2"", ""FLOAT"": ""34.50.645459""}",1,4
run_BGL_sample_20260521T043549_42,2026-05-21T04:35:49.997880+00:00,- 1119695755 2005.06.25 R32-M0-N4-C:J02-U01 2005-06-25-03.35.55.677192 R32-M0-N4-C:J02-U01 RAS KERNEL INFO 259822751 double-humm,- <LARGE_INT> <*> <*> <DATE><FLOAT>.<FLOAT> <*> RAS KERNEL <*> <*> <*>,"{""LARGE_INT"": ""1119695755"", ""*"": ""double-humm"", ""DATE"": ""2"", ""FLOAT"": ""35.55.677192""}",1,4
run_BGL_sample_20260521T043549_42,2026-05-21T04:35:49.997880+00:00,- 1119714915 2005.06.25 R30-M1-N7-C:J12-U01 2005-06-25-08.55.15.625203 R30-M1-N7-C:J12-U01 RAS KERNEL INFO generating core.24721,- <LARGE_INT> <*> <*> <DATE><FLOAT>.<FLOAT> <*> RAS KERNEL <*> <*> <*>,"{""LARGE_INT"": ""1119714915"", ""*"": ""core.24721"", ""DATE"": ""2"", ""FLOAT"": ""55.15.625203""}",1,4
run_BGL_sample_20260521T043549_42,2026-05-21T04:35:49.997880+00:00,- 1119714992 2005.06.25 R20-M1-NB-C:J17-U01 2005-06-25-08.56.32.658269 R20-M1-NB-C:J17-U01 RAS KERNEL INFO generating core.4184,- <LARGE_INT> <*> <*> <DATE><FLOAT>.<FLOAT> <*> RAS KERNEL <*> <*> <*>,"{""LARGE_INT"": ""1119714992"", ""*"": ""core.4184"", ""DATE"": ""2"", ""FLOAT"": ""56.32.658269""}",1,4
run_BGL_sample_20260521T043549_42,2026-05-21T04:35:49.997880+00:00,- 1119715100 2005.06.25 R26-M0-N6-C:J13-U11 2005-06-25-08.58.20.635863 R26-M0-N6-C:J13-U11 RAS KERNEL INFO generating core.58109,- <LARGE_INT> <*> <*> <DATE><FLOAT>.<FLOAT> <*> RAS KERNEL <*> <*> <*>,"{""LARGE_INT"": ""1119715100"", ""*"": ""core.58109"", ""DATE"": ""2"", ""FLOAT"": ""58.20.635863""}",1,4
run_BGL_sample_20260521T043549_42,2026-05-21T04:35:49.997880+00:00,- 1119715124 2005.06.25 R27-M1-N7-C:J10-U01 2005-06-25-08.58.44.769752 R27-M1-N7-C:J10-U01 RAS KERNEL INFO generating core.9881,- <LARGE_INT> <*> <*> <DATE><FLOAT>.<FLOAT> <*> RAS KERNEL <*> <*> <*>,"{""LARGE_INT"": ""1119715124"", ""*"": ""core.9881"", ""DATE"": ""2"", ""FLOAT"": ""58.44.769752""}",1,4
run_BGL_sample_20260521T043549_42,2026-05-21T04:35:49.997880+00:00,- 1119715242 2005.06.25 R21-M0-ND-C:J03-U11 2005-06-25-09.00.42.287070 R21-M0-ND-C:J03-U11 RAS KERNEL INFO generating core.19579,- <LARGE_INT> <*> <*> <DATE><FLOAT>.<FLOAT> <*> RAS KERNEL <*> <*> <*>,"{""LARGE_INT"": ""1119715242"", ""*"": ""core.19579"", ""DATE"": ""2"", ""FLOAT"": ""00.42.287070""}",1,4
run_BGL_sample_20260521T043549_42,2026-05-21T04:35:49.997880+00:00,- 1119715309 2005.06.25 R34-M0-N2-C:J12-U01 2005-06-25-09.01.49.568758 R34-M0-N2-C:J12-U01 RAS KERNEL INFO generating core.4501,- <LARGE_INT> <*> <*> <DATE><FLOAT>.<FLOAT> <*> RAS KERNEL <*> <*> <*>,"{""LARGE_INT"": ""1119715309"", ""*"": ""core.4501"", ""DATE"": ""2"", ""FLOAT"": ""01.49.568758""}",1,4
run_BGL_sample_20260521T043549_42,2026-05-21T04:35:49.997880+00:00,- 1119715342 2005.06.25 R31-M1-NE-C:J06-U11 2005-06-25-09.02.22.976560 R31-M1-NE-C:J06-U11 RAS KERNEL INFO generating core.50230,- <LARGE_INT> <*> <*> <DATE><FLOAT>.<FLOAT> <*> RAS KERNEL <*> <*> <*>,"{""LARGE_INT"": ""1119715342"", ""*"": ""core.50230"", ""DATE"": ""2"", ""FLOAT"": ""02.22.976560""}",1,4
run_BGL_sample_20260521T043549_42,2026-05-21T04:35:49.997880+00:00,- 1119715346 2005.06.25 R30-M1-NA-C:J14-U11 2005-06-25-09.02.26.738118 R30-M1-NA-C:J14-U11 RAS KERNEL INFO generating core.62516,- <LARGE_INT> <*> <*> <DATE><FLOAT>.<FLOAT> <*> RAS KERNEL <*> <*> <*>,"{""LARGE_INT"": ""1119715346"", ""*"": ""core.62516"", ""DATE"": ""2"", ""FLOAT"": ""02.26.738118""}",1,4
run_BGL_sample_20260521T043549_42,2026-05-21T04:35:49.997880+00:00,- 1119715392 2005.06.25 R34-M1-ND-C:J10-U01 2005-06-25-09.03.12.849230 R34-M1-ND-C:J10-U01 RAS KERNEL INFO generating core.27921,- <LARGE_INT> <*> <*> <DATE><FLOAT>.<FLOAT> <*> RAS KERNEL <*> <*> <*>,"{""LARGE_INT"": ""1119715392"", ""*"": ""core.27921"", ""DATE"": ""2"", ""FLOAT"": ""03.12.849230""}",1,4
run_BGL_sample_20260521T043549_42,2026-05-21T04:35:49.997880+00:00,- 1119715413 2005.06.25 R25-M0-N6-C:J08-U11 2005-06-25-09.03.33.373728 R25-M0-N6-C:J08-U11 RAS KERNEL INFO generating core.16830,- <LARGE_INT> <*> <*> <DATE><FLOAT>.<FLOAT> <*> RAS KERNEL <*> <*> <*>,"{""LARGE_INT"": ""1119715413"", ""*"": ""core.16830"", ""DATE"": ""2"", ""FLOAT"": ""03.33.373728""}",1,4
run_BGL_sample_20260521T043549_42,2026-05-21T04:35:49.997880+00:00,- 1119715453 2005.06.25 R21-M1-N7-C:J10-U01 2005-06-25-09.04.13.083368 R21-M1-N7-C:J10-U01 RAS KERNEL INFO generating core.9369,- <LARGE_INT> <*> <*> <DATE><FLOAT>.<FLOAT> <*> RAS KERNEL <*> <*> <*>,"{""LARGE_INT"": ""1119715453"", ""*"": ""core.9369"", ""DATE"": ""2"", ""FLOAT"": ""04.13.083368""}",1,4
run_BGL_sample_20260521T043549_42,2026-05-21T04:35:49.997880+00:00,- 1119715567 2005.06.25 R23-M1-N6-C:J14-U01 2005-06-25-09.06.07.234215 R23-M1-N6-C:J14-U01 RAS KERNEL INFO generating core.10140,- <LARGE_INT> <*> <*> <DATE><FLOAT>.<FLOAT> <*> RAS KERNEL <*> <*> <*>,"{""LARGE_INT"": ""1119715567"", ""*"": ""core.10140"", ""DATE"": ""2"", ""FLOAT"": ""06.07.234215""}",1,4
run_BGL_sample_20260521T043549_42,2026-05-21T04:35:49.997880+00:00,- 1119715593 2005.06.25 R32-M0-NA-C:J13-U11 2005-06-25-09.06.33.323216 R32-M0-NA-C:J13-U11 RAS KERNEL INFO generating core.37749,- <LARGE_INT> <*> <*> <DATE><FLOAT>.<FLOAT> <*> RAS KERNEL <*> <*> <*>,"{""LARGE_INT"": ""1119715593"", ""*"": ""core.37749"", ""DATE"": ""2"", ""FLOAT"": ""06.33.323216""}",1,4
run_BGL_sample_20260521T043549_42,2026-05-21T04:35:49.997880+00:00,- 1119715602 2005.06.25 R35-M0-N6-C:J06-U11 2005-06-25-09.06.42.210046 R35-M0-N6-C:J06-U11 RAS KERNEL INFO generating core.9654,- <LARGE_INT> <*> <*> <DATE><FLOAT>.<FLOAT> <*> RAS KERNEL <*> <*> <*>,"{""LARGE_INT"": ""1119715602"", ""*"": ""core.9654"", ""DATE"": ""2"", ""FLOAT"": ""06.42.210046""}",1,4
run_BGL_sample_20260521T043549_42,2026-05-21T04:35:49.997880+00:00,- 1119715612 2005.06.25 R23-M0-N9-C:J05-U01 2005-06-25-09.06.52.855570 R23-M0-N9-C:J05-U01 RAS KERNEL INFO generating core.56155,- <LARGE_INT> <*> <*> <DATE><FLOAT>.<FLOAT> <*> RAS KERNEL <*> <*> <*>,"{""LARGE_INT"": ""1119715612"", ""*"": ""core.56155"", ""DATE"": ""2"", ""FLOAT"": ""06.52.855570""}",1,4
run_BGL_sample_20260521T043549_42,2026-05-21T04:35:49.997880+00:00,- 1119715625 2005.06.25 R24-M1-N9-C:J06-U11 2005-06-25-09.07.05.564792 R24-M1-N9-C:J06-U11 RAS KERNEL INFO generating core.40250,- <LARGE_INT> <*> <*> <DATE><FLOAT>.<FLOAT> <*> RAS KERNEL <*> <*> <*>,"{""LARGE_INT"": ""1119715625"", ""*"": ""core.40250"", ""DATE"": ""2"", ""FLOAT"": ""07.05.564792""}",1,4
run_BGL_sample_20260521T043549_42,2026-05-21T04:35:49.997880+00:00,- 1119715819 2005.06.25 R15-M1-NB-C:J12-U11 2005-06-25-09.10.19.844956 R15-M1-NB-C:J12-U11 RAS KERNEL INFO generating core.45353,- <LARGE_INT> <*> <*> <DATE><FLOAT>.<FLOAT> <*> RAS KERNEL <*> <*> <*>,"{""LARGE_INT"": ""1119715819"", ""*"": ""core.45353"", ""DATE"": ""2"", ""FLOAT"": ""10.19.844956""}",1,4
run_BGL_sample_20260521T043549_42,2026-05-21T04:35:49.997880+00:00,- 1119715834 2005.06.25 R15-M1-NF-C:J07-U11 2005-06-25-09.10.34.515707 R15-M1-NF-C:J07-U11 RAS KERNEL INFO generating core.9578,- <LARGE_INT> <*> <*> <DATE><FLOAT>.<FLOAT> <*> RAS KERNEL <*> <*> <*>,"{""LARGE_INT"": ""1119715834"", ""*"": ""core.9578"", ""DATE"": ""2"", ""FLOAT"": ""10.34.515707""}",1,4
run_BGL_sample_20260521T043549_42,2026-05-21T04:35:49.997880+00:00,- 1119715845 2005.06.25 R17-M1-N9-C:J16-U01 2005-06-25-09.10.45.117528 R17-M1-N9-C:J16-U01 RAS KERNEL INFO generating core.14856,- <LARGE_INT> <*> <*> <DATE><FLOAT>.<FLOAT> <*> RAS KERNEL <*> <*> <*>,"{""LARGE_INT"": ""1119715845"", ""*"": ""core.14856"", ""DATE"": ""2"", ""FLOAT"": ""10.45.117528""}",1,4
run_BGL_sample_20260521T043549_42,2026-05-21T04:35:49.997880+00:00,- 1119715908 2005.06.25 R00-M1-NA-C:J14-U01 2005-06-25-09.11.48.847599 R00-M1-NA-C:J14-U01 RAS KERNEL INFO generating core.62468,- <LARGE_INT> <*> <*> <DATE><FLOAT>.<FLOAT> <*> RAS KERNEL <*> <*> <*>,"{""LARGE_INT"": ""1119715908"", ""*"": ""core.62468"", ""DATE"": ""2"", ""FLOAT"": ""11.48.847599""}",1,4
run_BGL_sample_20260521T043549_42,2026-05-21T04:35:49.997880+00:00,- 1119715922 2005.06.25 R16-M1-NA-C:J02-U01 2005-06-25-09.12.02.795224 R16-M1-NA-C:J02-U01 RAS KERNEL INFO generating core.38415,- <LARGE_INT> <*> <*> <DATE><FLOAT>.<FLOAT> <*> RAS KERNEL <*> <*> <*>,"{""LARGE_INT"": ""1119715922"", ""*"": ""core.38415"", ""DATE"": ""2"", ""FLOAT"": ""12.02.795224""}",1,4
run_BGL_sample_20260521T043549_42,2026-05-21T04:35:49.997880+00:00,- 1119715980 2005.06.25 R00-M0-N1-C:J09-U11 2005-06-25-09.13.00.933541 R00-M0-N1-C:J09-U11 RAS KERNEL INFO generating core.39138,- <LARGE_INT> <*> <*> <DATE><FLOAT>.<FLOAT> <*> RAS KERNEL <*> <*> <*>,"{""LARGE_INT"": ""1119715980"", ""*"": ""core.39138"", ""DATE"": ""2"", ""FLOAT"": ""13.00.933541""}",1,4
run_BGL_sample_20260521T043549_42,2026-05-21T04:35:49.997880+00:00,- 1119725008 2005.06.25 R21-M1-N5-C:J08-U01 2005-06-25-11.43.28.548275 R21-M1-N5-C:J08-U01 RAS KERNEL INFO generating core.10394,- <LARGE_INT> <*> <*> <DATE><FLOAT>.<FLOAT> <*> RAS KERNEL <*> <*> <*>,"{""LARGE_INT"": ""1119725008"", ""*"": ""core.10394"", ""DATE"": ""2"", ""FLOAT"": ""43.28.548275""}",1,4
run_BGL_sample_20260521T043549_42,2026-05-21T04:35:49.997880+00:00,- 1119725040 2005.06.25 R05-M0-N7-C:J04-U01 2005-06-25-11.44.00.166788 R05-M0-N7-C:J04-U01 RAS KERNEL INFO generating core.41347,- <LARGE_INT> <*> <*> <DATE><FLOAT>.<FLOAT> <*> RAS KERNEL <*> <*> <*>,"{""LARGE_INT"": ""1119725040"", ""*"": ""core.41347"", ""DATE"": ""2"", ""FLOAT"": ""44.00.166788""}",1,4
run_BGL_sample_20260521T043549_42,2026-05-21T04:35:49.997880+00:00,- 1119725071 2005.06.25 R04-M0-N1-C:J03-U01 2005-06-25-11.44.31.893401 R04-M0-N1-C:J03-U01 RAS KERNEL INFO generating core.7619,- <LARGE_INT> <*> <*> <DATE><FLOAT>.<FLOAT> <*> RAS KERNEL <*> <*> <*>,"{""LARGE_INT"": ""1119725071"", ""*"": ""core.7619"", ""DATE"": ""2"", ""FLOAT"": ""44.31.893401""}",1,4
run_BGL_sample_20260521T043549_42,2026-05-21T04:35:49.997880+00:00,- 1119725148 2005.06.25 R31-M1-N2-C:J07-U01 2005-06-25-11.45.48.948077 R31-M1-N2-C:J07-U01 RAS KERNEL INFO generating core.54486,- <LARGE_INT> <*> <*> <DATE><FLOAT>.<FLOAT> <*> RAS KERNEL <*> <*> <*>,"{""LARGE_INT"": ""1119725148"", ""*"": ""core.54486"", ""DATE"": ""2"", ""FLOAT"": ""45.48.948077""}",1,4
run_BGL_sample_20260521T043549_42,2026-05-21T04:35:49.997880+00:00,- 1119725160 2005.06.25 R33-M1-N2-C:J10-U01 2005-06-25-11.46.00.991233 R33-M1-N2-C:J10-U01 RAS KERNEL INFO generating core.22421,- <LARGE_INT> <*> <*> <DATE><FLOAT>.<FLOAT> <*> RAS KERNEL <*> <*> <*>,"{""LARGE_INT"": ""1119725160"", ""*"": ""core.22421"", ""DATE"": ""2"", ""FLOAT"": ""46.00.991233""}",1,4
run_BGL_sample_20260521T043549_42,2026-05-21T04:35:49.997880+00:00,- 1119725245 2005.06.25 R33-M1-NE-C:J11-U01 2005-06-25-11.47.25.436889 R33-M1-NE-C:J11-U01 RAS KERNEL INFO generating core.18261,- <LARGE_INT> <*> <*> <DATE><FLOAT>.<FLOAT> <*> RAS KERNEL <*> <*> <*>,"{""LARGE_INT"": ""1119725245"", ""*"": ""core.18261"", ""DATE"": ""2"", ""FLOAT"": ""47.25.436889""}",1,4
run_BGL_sample_20260521T043549_42,2026-05-21T04:35:49.997880+00:00,- 1119725280 2005.06.25 R20-M0-N7-C:J15-U11 2005-06-25-11.48.00.361268 R20-M0-N7-C:J15-U11 RAS KERNEL INFO generating core.58616,- <LARGE_INT> <*> <*> <DATE><FLOAT>.<FLOAT> <*> RAS KERNEL <*> <*> <*>,"{""LARGE_INT"": ""1119725280"", ""*"": ""core.58616"", ""DATE"": ""2"", ""FLOAT"": ""48.00.361268""}",1,4
run_BGL_sample_20260521T043549_42,2026-05-21T04:35:49.997880+00:00,- 1119725305 2005.06.25 R27-M1-N9-C:J17-U11 2005-06-25-11.48.25.313227 R27-M1-N9-C:J17-U11 RAS KERNEL INFO generating core.47736,- <LARGE_INT> <*> <*> <DATE><FLOAT>.<FLOAT> <*> RAS KERNEL <*> <*> <*>,"{""LARGE_INT"": ""1119725305"", ""*"": ""core.47736"", ""DATE"": ""2"", ""FLOAT"": ""48.25.313227""}",1,4
run_BGL_sample_20260521T043549_42,2026-05-21T04:35:49.997880+00:00,- 1119725352 2005.06.25 R24-M0-N7-C:J17-U01 2005-06-25-11.49.12.068081 R24-M0-N7-C:J17-U01 RAS KERNEL INFO generating core.25048,- <LARGE_INT> <*> <*> <DATE><FLOAT>.<FLOAT> <*> RAS KERNEL <*> <*> <*>,"{""LARGE_INT"": ""1119725352"", ""*"": ""core.25048"", ""DATE"": ""2"", ""FLOAT"": ""49.12.068081""}",1,4
run_BGL_sample_20260521T043549_42,2026-05-21T04:35:49.997880+00:00,- 1119725352 2005.06.25 R24-M0-N7-C:J10-U01 2005-06-25-11.49.12.823777 R24-M0-N7-C:J10-U01 RAS KERNEL INFO generating core.58777,- <LARGE_INT> <*> <*> <DATE><FLOAT>.<FLOAT> <*> RAS KERNEL <*> <*> <*>,"{""LARGE_INT"": ""1119725352"", ""*"": ""core.58777"", ""DATE"": ""2"", ""FLOAT"": ""49.12.823777""}",1,4
run_BGL_sample_20260521T043549_42,2026-05-21T04:35:49.997880+00:00,- 1119725476 2005.06.25 R33-M0-N1-C:J11-U11 2005-06-25-11.51.16.800981 R33-M0-N1-C:J11-U11 RAS KERNEL INFO generating core.49137,- <LARGE_INT> <*> <*> <DATE><FLOAT>.<FLOAT> <*> RAS KERNEL <*> <*> <*>,"{""LARGE_INT"": ""1119725476"", ""*"": ""core.49137"", ""DATE"": ""2"", ""FLOAT"": ""51.16.800981""}",1,4
run_BGL_sample_20260521T043549_42,2026-05-21T04:35:49.997880+00:00,- 1119725489 2005.06.25 R27-M1-NF-C:J10-U11 2005-06-25-11.51.29.486868 R27-M1-NF-C:J10-U11 RAS KERNEL INFO generating core.42553,- <LARGE_INT> <*> <*> <DATE><FLOAT>.<FLOAT> <*> RAS KERNEL <*> <*> <*>,"{""LARGE_INT"": ""1119725489"", ""*"": ""core.42553"", ""DATE"": ""2"", ""FLOAT"": ""51.29.486868""}",1,4
run_BGL_sample_20260521T043549_42,2026-05-21T04:35:49.997880+00:00,- 1119726280 2005.06.25 R10-M1-NA-C:J13-U11 2005-06-25-12.04.40.064277 R10-M1-NA-C:J13-U11 RAS KERNEL INFO generating core.2109,- <LARGE_INT> <*> <*> <DATE><FLOAT>.<FLOAT> <*> RAS KERNEL <*> <*> <*>,"{""LARGE_INT"": ""1119726280"", ""*"": ""core.2109"", ""DATE"": ""2"", ""FLOAT"": ""04.40.064277""}",1,4
run_BGL_sample_20260521T043549_42,2026-05-21T04:35:49.997880+00:00,- 1119726375 2005.06.25 R14-M1-N6-C:J06-U01 2005-06-25-12.06.15.851937 R14-M1-N6-C:J06-U01 RAS KERNEL INFO generating core.718,- <LARGE_INT> <*> <*> <DATE><FLOAT>.<FLOAT> <*> RAS KERNEL <*> <*> <*>,"{""LARGE_INT"": ""1119726375"", ""*"": ""core.718"", ""DATE"": ""2"", ""FLOAT"": ""06.15.851937""}",1,4
run_BGL_sample_20260521T043549_42,2026-05-21T04:35:49.997880+00:00,- 1119726549 2005.06.25 R01-M1-NB-C:J14-U01 2005-06-25-12.09.09.759272 R01-M1-NB-C:J14-U01 RAS KERNEL INFO generating core.10752,- <LARGE_INT> <*> <*> <DATE><FLOAT>.<FLOAT> <*> RAS KERNEL <*> <*> <*>,"{""LARGE_INT"": ""1119726549"", ""*"": ""core.10752"", ""DATE"": ""2"", ""FLOAT"": ""09.09.759272""}",1,4
run_BGL_sample_20260521T043549_42,2026-05-21T04:35:49.997880+00:00,- 1119726634 2005.06.25 R06-M0-N7-C:J04-U01 2005-06-25-12.10.34.183984 R06-M0-N7-C:J04-U01 RAS KERNEL INFO generating core.323,- <LARGE_INT> <*> <*> <DATE><FLOAT>.<FLOAT> <*> RAS KERNEL <*> <*> <*>,"{""LARGE_INT"": ""1119726634"", ""*"": ""core.323"", ""DATE"": ""2"", ""FLOAT"": ""10.34.183984""}",1,4
run_BGL_sample_20260521T043549_42,2026-05-21T04:35:49.997880+00:00,- 1119736307 2005.06.25 R01-M1-N8-I:J18-U11 2005-06-25-14.51.47.575572 R01-M1-N8-I:J18-U11 RAS APP FATAL ciod: Error loading /ho,- <LARGE_INT> <*> <*> <DATE><FLOAT>.<FLOAT> <*> RAS <*> <*> <*> <*> <*> <*>,"{""LARGE_INT"": ""1119736307"", ""*"": ""/ho"", ""DATE"": ""2"", ""FLOAT"": ""51.47.575572""}",1,4
run_BGL_sample_20260521T043549_42,2026-05-21T04:35:49.997880+00:00,"- 1119799504 2005.06.26 R01-M1-ND-C:J15-U11 2005-06-26-08.25.04.032782 R01-M1-ND-C:J15-U11 RAS KERNEL INFO CE sym 5, at 0x11042a",- <LARGE_INT> <*> <*> <DATE><FLOAT>.<FLOAT> <*> RAS KERNEL INFO <*> <*> <*> <*> <*>,"{""LARGE_INT"": ""1119799504"", ""*"": ""0x11042a"", ""DATE"": ""2"", ""FLOAT"": ""25.04.032782""}",1,4
run_BGL_sample_20260521T043549_42,2026-05-21T04:35:49.997880+00:00,- 1119801659 2005.06.26 R02-M1-N0-C:J12-U11 2005-06-26-09.00.59.195050 R02-M1-N0-C:J12-U11 RAS KERNEL INFO instruction cache par,- <LARGE_INT> <*> <*> <DATE><FLOAT>.<FLOAT> <*> RAS <*> <*> <*> <*> <*>,"{""LARGE_INT"": ""1119801659"", ""*"": ""par"", ""DATE"": ""2"", ""FLOAT"": ""00.59.195050""}",1,4
run_BGL_sample_20260521T043549_42,2026-05-21T04:35:49.997880+00:00,- 1119802755 2005.06.26 R03-M0-N9-C:J09-U01 2005-06-26-09.19.15.022089 R03-M0-N9-C:J09-U01 RAS KERNEL INFO generating core.21112,- <LARGE_INT> <*> <*> <DATE><FLOAT>.<FLOAT> <*> RAS KERNEL <*> <*> <*>,"{""LARGE_INT"": ""1119802755"", ""*"": ""core.21112"", ""DATE"": ""2"", ""FLOAT"": ""19.15.022089""}",1,4
run_BGL_sample_20260521T043549_42,2026-05-21T04:35:49.997880+00:00,- 1119802781 2005.06.26 R07-M1-N0-C:J15-U11 2005-06-26-09.19.41.368208 R07-M1-N0-C:J15-U11 RAS KERNEL INFO program interrupt,- <LARGE_INT> <*> <*> <DATE><FLOAT>.<FLOAT> <*> RAS KERNEL <*> <*> <*>,"{""LARGE_INT"": ""1119802781"", ""*"": ""interrupt"", ""DATE"": ""2"", ""FLOAT"": ""19.41.368208""}",1,4
run_BGL_sample_20260521T043549_42,2026-05-21T04:35:49.997880+00:00,- 1119802848 2005.06.26 R36-M1-NC-C:J06-U11 2005-06-26-09.20.48.858436 R36-M1-NC-C:J06-U11 RAS KERNEL INFO generating core.28370,- <LARGE_INT> <*> <*> <DATE><FLOAT>.<FLOAT> <*> RAS KERNEL <*> <*> <*>,"{""LARGE_INT"": ""1119802848"", ""*"": ""core.28370"", ""DATE"": ""2"", ""FLOAT"": ""20.48.858436""}",1,4
run_BGL_sample_20260521T043549_42,2026-05-21T04:35:49.997880+00:00,- 1119803084 2005.06.26 R36-M0-ND-C:J13-U11 2005-06-26-09.24.44.819150 R36-M0-ND-C:J13-U11 RAS KERNEL INFO program interrupt: il,- <LARGE_INT> <*> <*> <DATE><FLOAT>.<FLOAT> <*> RAS <*> <*> <*> <*> <*>,"{""LARGE_INT"": ""1119803084"", ""*"": ""il"", ""DATE"": ""2"", ""FLOAT"": ""24.44.819150""}",1,4
run_BGL_sample_20260521T043549_42,2026-05-21T04:35:49.997880+00:00,- 1119803149 2005.06.26 R01-M1-N0-C:J04-U11 2005-06-26-09.25.49.706431 R01-M1-N0-C:J04-U11 RAS KERNEL INFO program interrupt: il,- <LARGE_INT> <*> <*> <DATE><FLOAT>.<FLOAT> <*> RAS <*> <*> <*> <*> <*>,"{""LARGE_INT"": ""1119803149"", ""*"": ""il"", ""DATE"": ""2"", ""FLOAT"": ""25.49.706431""}",1,4
run_BGL_sample_20260521T043549_42,2026-05-21T04:35:49.997880+00:00,- 1119803207 2005.06.26 R05-M1-N9-C:J14-U11 2005-06-26-09.26.47.879500 R05-M1-N9-C:J14-U11 RAS KERNEL INFO program interrupt: pr,- <LARGE_INT> <*> <*> <DATE><FLOAT>.<FLOAT> <*> RAS <*> <*> <*> <*> <*>,"{""LARGE_INT"": ""1119803207"", ""*"": ""pr"", ""DATE"": ""2"", ""FLOAT"": ""26.47.879500""}",1,4
run_BGL_sample_20260521T043549_42,2026-05-21T04:35:49.997880+00:00,- 1119803468 2005.06.26 R36-M1-ND-C:J16-U11 2005-06-26-09.31.08.715435 R36-M1-ND-C:J16-U11 RAS KERNEL INFO data store interrupt,- <LARGE_INT> <*> <*> <DATE><FLOAT>.<FLOAT> <*> RAS <*> <*> <*> <*> <*>,"{""LARGE_INT"": ""1119803468"", ""*"": ""interrupt"", ""DATE"": ""2"", ""FLOAT"": ""31.08.715435""}",1,4
run_BGL_sample_20260521T043549_42,2026-05-21T04:35:49.997880+00:00,- 1119803528 2005.06.26 R05-M0-NE-C:J05-U01 2005-06-26-09.32.08.442047 R05-M0-NE-C:J05-U01 RAS KERNEL INFO data store interrupt,- <LARGE_INT> <*> <*> <DATE><FLOAT>.<FLOAT> <*> RAS <*> <*> <*> <*> <*>,"{""LARGE_INT"": ""1119803528"", ""*"": ""interrupt"", ""DATE"": ""2"", ""FLOAT"": ""32.08.442047""}",1,4
run_BGL_sample_20260521T043549_42,2026-05-21T04:35:49.997880+00:00,- 1119803550 2005.06.26 R35-M0-NB-C:J16-U01 2005-06-26-09.32.30.029388 R35-M0-NB-C:J16-U01 RAS KERNEL INFO data store interrupt,- <LARGE_INT> <*> <*> <DATE><FLOAT>.<FLOAT> <*> RAS <*> <*> <*> <*> <*>,"{""LARGE_INT"": ""1119803550"", ""*"": ""interrupt"", ""DATE"": ""2"", ""FLOAT"": ""32.30.029388""}",1,4
run_BGL_sample_20260521T043549_42,2026-05-21T04:35:49.997880+00:00,- 1119803599 2005.06.26 R01-M0-N2-C:J08-U01 2005-06-26-09.33.19.958512 R01-M0-N2-C:J08-U01 RAS KERNEL INFO auxiliary processor..,- <LARGE_INT> <*> <*> <DATE><FLOAT>.<FLOAT> <*> RAS KERNEL <*> <*> <*>,"{""LARGE_INT"": ""1119803599"", ""*"": ""processor.."", ""DATE"": ""2"", ""FLOAT"": ""33.19.958512""}",1,4
run_BGL_sample_20260521T043549_42,2026-05-21T04:35:49.997880+00:00,- 1119803602 2005.06.26 R00-M0-NB-C:J09-U01 2005-06-26-09.33.22.839312 R00-M0-NB-C:J09-U01 RAS KERNEL INFO auxiliary processor..,- <LARGE_INT> <*> <*> <DATE><FLOAT>.<FLOAT> <*> RAS KERNEL <*> <*> <*>,"{""LARGE_INT"": ""1119803602"", ""*"": ""processor.."", ""DATE"": ""2"", ""FLOAT"": ""33.22.839312""}",1,4
run_BGL_sample_20260521T043549_42,2026-05-21T04:35:49.997880+00:00,- 1119803608 2005.06.26 R06-M0-NE-C:J12-U11 2005-06-26-09.33.28.642706 R06-M0-NE-C:J12-U11 RAS KERNEL INFO auxiliary processor..,- <LARGE_INT> <*> <*> <DATE><FLOAT>.<FLOAT> <*> RAS KERNEL <*> <*> <*>,"{""LARGE_INT"": ""1119803608"", ""*"": ""processor.."", ""DATE"": ""2"", ""FLOAT"": ""33.28.642706""}",1,4
run_BGL_sample_20260521T043549_42,2026-05-21T04:35:49.997880+00:00,- 1119803693 2005.06.26 R00-M1-N3-C:J11-U01 2005-06-26-09.34.53.251232 R00-M1-N3-C:J11-U01 RAS KERNEL INFO program interrupt: un,- <LARGE_INT> <*> <*> <DATE><FLOAT>.<FLOAT> <*> RAS <*> <*> <*> <*> <*>,"{""LARGE_INT"": ""1119803693"", ""*"": ""un"", ""DATE"": ""2"", ""FLOAT"": ""34.53.251232""}",1,4
run_BGL_sample_20260521T043549_42,2026-05-21T04:35:49.997880+00:00,- 1119803805 2005.06.26 R36-M0-N9-C:J12-U01 2005-06-26-09.36.45.237515 R36-M0-N9-C:J12-U01 RAS KERNEL INFO program interrupt: im,- <LARGE_INT> <*> <*> <DATE><FLOAT>.<FLOAT> <*> RAS <*> <*> <*> <*> <*>,"{""LARGE_INT"": ""1119803805"", ""*"": ""im"", ""DATE"": ""2"", ""FLOAT"": ""36.45.237515""}",1,4
run_BGL_sample_20260521T043549_42,2026-05-21T04:35:49.997880+00:00,- 1119803856 2005.06.26 R02-M1-N4-C:J12-U01 2005-06-26-09.37.36.335874 R02-M1-N4-C:J12-U01 RAS KERNEL INFO program interrupt: im,- <LARGE_INT> <*> <*> <DATE><FLOAT>.<FLOAT> <*> RAS <*> <*> <*> <*> <*>,"{""LARGE_INT"": ""1119803856"", ""*"": ""im"", ""DATE"": ""2"", ""FLOAT"": ""37.36.335874""}",1,4
run_BGL_sample_20260521T043549_42,2026-05-21T04:35:49.997880+00:00,- 1119806904 2005.06.26 R05-M0-N3-C:J11-U11 2005-06-26-10.28.24.350248 R05-M0-N3-C:J11-U11 RAS KERNEL INFO generating core.14700,- <LARGE_INT> <*> <*> <DATE><FLOAT>.<FLOAT> <*> RAS KERNEL <*> <*> <*>,"{""LARGE_INT"": ""1119806904"", ""*"": ""core.14700"", ""DATE"": ""2"", ""FLOAT"": ""28.24.350248""}",1,4
run_BGL_sample_20260521T043549_42,2026-05-21T04:35:49.997880+00:00,- 1119806939 2005.06.26 R05-M0-N7-C:J13-U01 2005-06-26-10.28.59.279042 R05-M0-N7-C:J13-U01 RAS KERNEL INFO program interrupt,- <LARGE_INT> <*> <*> <DATE><FLOAT>.<FLOAT> <*> RAS KERNEL <*> <*> <*>,"{""LARGE_INT"": ""1119806939"", ""*"": ""interrupt"", ""DATE"": ""2"", ""FLOAT"": ""28.59.279042""}",1,4
run_BGL_sample_20260521T043549_42,2026-05-21T04:35:49.997880+00:00,- 1119806955 2005.06.26 R03-M1-NC-C:J05-U11 2005-06-26-10.29.15.890436 R03-M1-NC-C:J05-U11 RAS KERNEL INFO program interrupt,- <LARGE_INT> <*> <*> <DATE><FLOAT>.<FLOAT> <*> RAS KERNEL <*> <*> <*>,"{""LARGE_INT"": ""1119806955"", ""*"": ""interrupt"", ""DATE"": ""2"", ""FLOAT"": ""29.15.890436""}",1,4
run_BGL_sample_20260521T043549_42,2026-05-21T04:35:49.997880+00:00,- 1119806971 2005.06.26 R05-M1-N8-C:J15-U11 2005-06-26-10.29.31.819506 R05-M1-N8-C:J15-U11 RAS KERNEL INFO instruction address:,- <LARGE_INT> <*> <*> <DATE><FLOAT>.<FLOAT> <*> RAS KERNEL <*> <*> <*>,"{""LARGE_INT"": ""1119806971"", ""*"": ""address:"", ""DATE"": ""2"", ""FLOAT"": ""29.31.819506""}",1,4
run_BGL_sample_20260521T043549_42,2026-05-21T04:35:49.997880+00:00,- 1119807051 2005.06.26 R05-M0-N6-C:J06-U11 2005-06-26-10.30.51.645473 R05-M0-N6-C:J06-U11 RAS KERNEL INFO exception syndrome re,- <LARGE_INT> <*> <*> <DATE><FLOAT>.<FLOAT> <*> RAS <*> <*> <*> <*> <*>,"{""LARGE_INT"": ""1119807051"", ""*"": ""re"", ""DATE"": ""2"", ""FLOAT"": ""30.51.645473""}",1,4
run_BGL_sample_20260521T043549_42,2026-05-21T04:35:49.997880+00:00,- 1119807165 2005.06.26 R00-M0-N4-C:J02-U01 2005-06-26-10.32.45.810547 R00-M0-N4-C:J02-U01 RAS KERNEL INFO program interrupt: il,- <LARGE_INT> <*> <*> <DATE><FLOAT>.<FLOAT> <*> RAS <*> <*> <*> <*> <*>,"{""LARGE_INT"": ""1119807165"", ""*"": ""il"", ""DATE"": ""2"", ""FLOAT"": ""32.45.810547""}",1,4
run_BGL_sample_20260521T043549_42,2026-05-21T04:35:49.997880+00:00,- 1119807218 2005.06.26 R35-M1-NF-C:J15-U01 2005-06-26-10.33.38.646025 R35-M1-NF-C:J15-U01 RAS KERNEL INFO program interrupt: pr,- <LARGE_INT> <*> <*> <DATE><FLOAT>.<FLOAT> <*> RAS <*> <*> <*> <*> <*>,"{""LARGE_INT"": ""1119807218"", ""*"": ""pr"", ""DATE"": ""2"", ""FLOAT"": ""33.38.646025""}",1,4
run_BGL_sample_20260521T043549_42,2026-05-21T04:35:49.997880+00:00,- 1119807482 2005.06.26 R05-M0-N5-C:J09-U11 2005-06-26-10.38.02.680379 R05-M0-N5-C:J09-U11 RAS KERNEL INFO data store interrupt,- <LARGE_INT> <*> <*> <DATE><FLOAT>.<FLOAT> <*> RAS <*> <*> <*> <*> <*>,"{""LARGE_INT"": ""1119807482"", ""*"": ""interrupt"", ""DATE"": ""2"", ""FLOAT"": ""38.02.680379""}",1,4
run_BGL_sample_20260521T043549_42,2026-05-21T04:35:49.997880+00:00,- 1119807491 2005.06.26 R02-M0-N9-C:J06-U01 2005-06-26-10.38.11.390037 R02-M0-N9-C:J06-U01 RAS KERNEL INFO data store interrupt,- <LARGE_INT> <*> <*> <DATE><FLOAT>.<FLOAT> <*> RAS <*> <*> <*> <*> <*>,"{""LARGE_INT"": ""1119807491"", ""*"": ""interrupt"", ""DATE"": ""2"", ""FLOAT"": ""38.11.390037""}",1,4
run_BGL_sample_20260521T043549_42,2026-05-21T04:35:49.997880+00:00,- 1119807588 2005.06.26 R33-M1-N3-C:J16-U11 2005-06-26-10.39.48.944209 R33-M1-N3-C:J16-U11 RAS KERNEL INFO auxiliary processor..,- <LARGE_INT> <*> <*> <DATE><FLOAT>.<FLOAT> <*> RAS KERNEL <*> <*> <*>,"{""LARGE_INT"": ""1119807588"", ""*"": ""processor.."", ""DATE"": ""2"", ""FLOAT"": ""39.48.944209""}",1,4
run_BGL_sample_20260521T043549_42,2026-05-21T04:35:49.997880+00:00,"- 1119859191 2005.06.27 R16-M1-N2-C:J17-U01 2005-06-27-00.59.51.127175 R16-M1-N2-C:J17-U01 RAS KERNEL INFO CE sym 0, at 0x1b8594",- <LARGE_INT> <*> <*> <DATE><FLOAT>.<FLOAT> <*> RAS KERNEL INFO <*> <*> <*> <*> <*>,"{""LARGE_INT"": ""1119859191"", ""*"": ""0x1b8594"", ""DATE"": ""2"", ""FLOAT"": ""59.51.127175""}",1,4
run_BGL_sample_20260521T043549_42,2026-05-21T04:35:49.997880+00:00,- 1119977619 2005.06.28 R02-M1-NE 2005-06-28-09.53.39.479164 R02-M1-NE NULL DISCOVERY WARNING Node card is not fully functional,- <LARGE_INT> <FLOAT>.28 R02-M1-NE <DATE><FLOAT>.<FLOAT> R02-M1-NE NULL DISCOVERY WARNING Node card is not fully functional,"{""LARGE_INT"": ""1119977619"", ""FLOAT"": ""53.39.479164"", ""DATE"": ""2""}",1,3
run_BGL_sample_20260521T043549_42,2026-05-21T04:35:49.997880+00:00,"- 1119989828 2005.06.28 R26-M0-NB-C:J07-U01 2005-06-28-13.17.08.922455 R26-M0-NB-C:J07-U01 RAS KERNEL INFO CE sym 10, at 0x08e70",- <LARGE_INT> <*> <*> <DATE><FLOAT>.<FLOAT> <*> RAS KERNEL INFO <*> <*> <*> <*> <*>,"{""LARGE_INT"": ""1119989828"", ""*"": ""0x08e70"", ""DATE"": ""2"", ""FLOAT"": ""17.08.922455""}",1,4
run_BGL_sample_20260521T043549_42,2026-05-21T04:35:49.997880+00:00,- 1120091427 2005.06.29 R05-M1-N3-C:J03-U11 2005-06-29-17.30.27.216695 R05-M1-N3-C:J03-U11 RAS KERNEL INFO generating core.1786,- <LARGE_INT> <*> <*> <DATE><FLOAT>.<FLOAT> <*> RAS KERNEL <*> <*> <*>,"{""LARGE_INT"": ""1120091427"", ""*"": ""core.1786"", ""DATE"": ""2"", ""FLOAT"": ""30.27.216695""}",1,4
run_BGL_sample_20260521T043549_42,2026-05-21T04:35:49.997880+00:00,- 1120091562 2005.06.29 R37-M0-NA-C:J15-U01 2005-06-29-17.32.42.585032 R37-M0-NA-C:J15-U01 RAS KERNEL INFO generating core.26918,- <LARGE_INT> <*> <*> <DATE><FLOAT>.<FLOAT> <*> RAS KERNEL <*> <*> <*>,"{""LARGE_INT"": ""1120091562"", ""*"": ""core.26918"", ""DATE"": ""2"", ""FLOAT"": ""32.42.585032""}",1,4
run_BGL_sample_20260521T043549_42,2026-05-21T04:35:49.997880+00:00,- 1120091766 2005.06.29 R32-M1-ND-C:J04-U01 2005-06-29-17.36.06.730195 R32-M1-ND-C:J04-U01 RAS KERNEL INFO generating core.10125,- <LARGE_INT> <*> <*> <DATE><FLOAT>.<FLOAT> <*> RAS KERNEL <*> <*> <*>,"{""LARGE_INT"": ""1120091766"", ""*"": ""core.10125"", ""DATE"": ""2"", ""FLOAT"": ""36.06.730195""}",1,4
run_BGL_sample_20260521T043549_42,2026-05-21T04:35:49.997880+00:00,- 1120091839 2005.06.29 R15-M1-NB-C:J16-U01 2005-06-29-17.37.19.696868 R15-M1-NB-C:J16-U01 RAS KERNEL INFO generating core.4230,- <LARGE_INT> <*> <*> <DATE><FLOAT>.<FLOAT> <*> RAS KERNEL <*> <*> <*>,"{""LARGE_INT"": ""1120091839"", ""*"": ""core.4230"", ""DATE"": ""2"", ""FLOAT"": ""37.19.696868""}",1,4
run_BGL_sample_20260521T043549_42,2026-05-21T04:35:49.997880+00:00,- 1120091979 2005.06.29 R04-M0-N9-C:J15-U11 2005-06-29-17.39.39.542921 R04-M0-N9-C:J15-U11 RAS KERNEL INFO generating core.179,- <LARGE_INT> <*> <*> <DATE><FLOAT>.<FLOAT> <*> RAS KERNEL <*> <*> <*>,"{""LARGE_INT"": ""1120091979"", ""*"": ""core.179"", ""DATE"": ""2"", ""FLOAT"": ""39.39.542921""}",1,4
run_BGL_sample_20260521T043549_42,2026-05-21T04:35:49.997880+00:00,- 1120092016 2005.06.29 R05-M1-ND-C:J06-U11 2005-06-29-17.40.16.155721 R05-M1-ND-C:J06-U11 RAS KERNEL INFO generating core.1177,- <LARGE_INT> <*> <*> <DATE><FLOAT>.<FLOAT> <*> RAS KERNEL <*> <*> <*>,"{""LARGE_INT"": ""1120092016"", ""*"": ""core.1177"", ""DATE"": ""2"", ""FLOAT"": ""40.16.155721""}",1,4
run_BGL_sample_20260521T043549_42,2026-05-21T04:35:49.997880+00:00,- 1120092072 2005.06.29 R23-M1-NC-C:J05-U11 2005-06-29-17.41.12.397279 R23-M1-NC-C:J05-U11 RAS KERNEL INFO generating core.32693,- <LARGE_INT> <*> <*> <DATE><FLOAT>.<FLOAT> <*> RAS KERNEL <*> <*> <*>,"{""LARGE_INT"": ""1120092072"", ""*"": ""core.32693"", ""DATE"": ""2"", ""FLOAT"": ""41.12.397279""}",1,4
run_BGL_sample_20260521T043549_42,2026-05-21T04:35:49.997880+00:00,- 1120092194 2005.06.29 R12-M0-N0-C:J13-U01 2005-06-29-17.43.14.852439 R12-M0-N0-C:J13-U01 RAS KERNEL INFO generating core.7151,- <LARGE_INT> <*> <*> <DATE><FLOAT>.<FLOAT> <*> RAS KERNEL <*> <*> <*>,"{""LARGE_INT"": ""1120092194"", ""*"": ""core.7151"", ""DATE"": ""2"", ""FLOAT"": ""43.14.852439""}",1,4
run_BGL_sample_20260521T043549_42,2026-05-21T04:35:49.997880+00:00,- 1120092215 2005.06.29 R16-M0-N0-C:J13-U01 2005-06-29-17.43.35.753036 R16-M0-N0-C:J13-U01 RAS KERNEL INFO generating core.7023,- <LARGE_INT> <*> <*> <DATE><FLOAT>.<FLOAT> <*> RAS KERNEL <*> <*> <*>,"{""LARGE_INT"": ""1120092215"", ""*"": ""core.7023"", ""DATE"": ""2"", ""FLOAT"": ""43.35.753036""}",1,4
run_BGL_sample_20260521T043549_42,2026-05-21T04:35:49.997880+00:00,- 1120093988 2005.06.29 R36-M1-N1-C:J05-U01 2005-06-29-18.13.08.381268 R36-M1-N1-C:J05-U01 RAS KERNEL INFO 344040 double-hummer,- <LARGE_INT> <*> <*> <DATE><FLOAT>.<FLOAT> <*> RAS KERNEL <*> <*> <*>,"{""LARGE_INT"": ""1120093988"", ""*"": ""double-hummer"", ""DATE"": ""2"", ""FLOAT"": ""13.08.381268""}",1,4
run_BGL_sample_20260521T043549_42,2026-05-21T04:35:49.997880+00:00,- 1120094424 2005.06.29 R10-M0-N9-C:J05-U01 2005-06-29-18.20.24.553240 R10-M0-N9-C:J05-U01 RAS KERNEL INFO 344040 double-hummer,- <LARGE_INT> <*> <*> <DATE><FLOAT>.<FLOAT> <*> RAS KERNEL <*> <*> <*>,"{""LARGE_INT"": ""1120094424"", ""*"": ""double-hummer"", ""DATE"": ""2"", ""FLOAT"": ""20.24.553240""}",1,4
run_BGL_sample_20260521T043549_42,2026-05-21T04:35:49.997880+00:00,- 1120094724 2005.06.29 R03-M0-N2-C:J02-U01 2005-06-29-18.25.24.062292 R03-M0-N2-C:J02-U01 RAS KERNEL INFO 344040 double-hummer,- <LARGE_INT> <*> <*> <DATE><FLOAT>.<FLOAT> <*> RAS KERNEL <*> <*> <*>,"{""LARGE_INT"": ""1120094724"", ""*"": ""double-hummer"", ""DATE"": ""2"", ""FLOAT"": ""25.24.062292""}",1,4
run_BGL_sample_20260521T043549_42,2026-05-21T04:35:49.997880+00:00,- 1120145091 2005.06.30 R26-M0-NA-C:J17-U11 2005-06-30-08.24.51.228685 R26-M0-NA-C:J17-U11 RAS KERNEL INFO generating core.29308,- <LARGE_INT> <*> <*> <DATE><FLOAT>.<FLOAT> <*> RAS KERNEL <*> <*> <*>,"{""LARGE_INT"": ""1120145091"", ""*"": ""core.29308"", ""DATE"": ""2"", ""FLOAT"": ""24.51.228685""}",1,4
run_BGL_sample_20260521T043549_42,2026-05-21T04:35:49.997880+00:00,- 1120145216 2005.06.30 R26-M1-ND-C:J08-U01 2005-06-30-08.26.56.428983 R26-M1-ND-C:J08-U01 RAS KERNEL INFO generating core.2586,- <LARGE_INT> <*> <*> <DATE><FLOAT>.<FLOAT> <*> RAS KERNEL <*> <*> <*>,"{""LARGE_INT"": ""1120145216"", ""*"": ""core.2586"", ""DATE"": ""2"", ""FLOAT"": ""26.56.428983""}",1,4
run_BGL_sample_20260521T043549_42,2026-05-21T04:35:49.997880+00:00,- 1120145227 2005.06.30 R22-M1-N3-C:J14-U01 2005-06-30-08.27.07.043050 R22-M1-N3-C:J14-U01 RAS KERNEL INFO generating core.6040,- <LARGE_INT> <*> <*> <DATE><FLOAT>.<FLOAT> <*> RAS KERNEL <*> <*> <*>,"{""LARGE_INT"": ""1120145227"", ""*"": ""core.6040"", ""DATE"": ""2"", ""FLOAT"": ""27.07.043050""}",1,4
run_BGL_sample_20260521T043549_42,2026-05-21T04:35:49.997880+00:00,- 1120145530 2005.06.30 R17-M0-NF-C:J16-U01 2005-06-30-08.32.10.323350 R17-M0-NF-C:J16-U01 RAS KERNEL INFO generating core.16904,- <LARGE_INT> <*> <*> <DATE><FLOAT>.<FLOAT> <*> RAS KERNEL <*> <*> <*>,"{""LARGE_INT"": ""1120145530"", ""*"": ""core.16904"", ""DATE"": ""2"", ""FLOAT"": ""32.10.323350""}",1,4
run_BGL_sample_20260521T043549_42,2026-05-21T04:35:49.997880+00:00,- 1120145605 2005.06.30 R16-M0-NF-C:J07-U01 2005-06-30-08.33.25.225978 R16-M0-NF-C:J07-U01 RAS KERNEL INFO generating core.26186,- <LARGE_INT> <*> <*> <DATE><FLOAT>.<FLOAT> <*> RAS KERNEL <*> <*> <*>,"{""LARGE_INT"": ""1120145605"", ""*"": ""core.26186"", ""DATE"": ""2"", ""FLOAT"": ""33.25.225978""}",1,4
run_BGL_sample_20260521T043549_42,2026-05-21T04:35:49.997880+00:00,- 1120145611 2005.06.30 R16-M0-NE-C:J14-U11 2005-06-30-08.33.31.578264 R16-M0-NE-C:J14-U11 RAS KERNEL INFO generating core.26156,- <LARGE_INT> <*> <*> <DATE><FLOAT>.<FLOAT> <*> RAS KERNEL <*> <*> <*>,"{""LARGE_INT"": ""1120145611"", ""*"": ""core.26156"", ""DATE"": ""2"", ""FLOAT"": ""33.31.578264""}",1,4
run_BGL_sample_20260521T043549_42,2026-05-21T04:35:49.997880+00:00,- 1120145615 2005.06.30 R00-M0-ND-C:J17-U01 2005-06-30-08.33.35.910212 R00-M0-ND-C:J17-U01 RAS KERNEL INFO generating core.2112,- <LARGE_INT> <*> <*> <DATE><FLOAT>.<FLOAT> <*> RAS KERNEL <*> <*> <*>,"{""LARGE_INT"": ""1120145615"", ""*"": ""core.2112"", ""DATE"": ""2"", ""FLOAT"": ""33.35.910212""}",1,4
run_BGL_sample_20260521T043549_42,2026-05-21T04:35:49.997880+00:00,- 1120145688 2005.06.30 R11-M0-N9-C:J03-U11 2005-06-30-08.34.48.113948 R11-M0-N9-C:J03-U11 RAS KERNEL INFO generating core.23659,- <LARGE_INT> <*> <*> <DATE><FLOAT>.<FLOAT> <*> RAS KERNEL <*> <*> <*>,"{""LARGE_INT"": ""1120145688"", ""*"": ""core.23659"", ""DATE"": ""2"", ""FLOAT"": ""34.48.113948""}",1,4
run_BGL_sample_20260521T043549_42,2026-05-21T04:35:49.997880+00:00,- 1120145763 2005.06.30 R06-M0-NE-C:J11-U01 2005-06-30-08.36.03.800737 R06-M0-NE-C:J11-U01 RAS KERNEL INFO generating core.1605,- <LARGE_INT> <*> <*> <DATE><FLOAT>.<FLOAT> <*> RAS KERNEL <*> <*> <*>,"{""LARGE_INT"": ""1120145763"", ""*"": ""core.1605"", ""DATE"": ""2"", ""FLOAT"": ""36.03.800737""}",1,4
run_BGL_sample_20260521T043549_42,2026-05-21T04:35:49.997880+00:00,- 1120145774 2005.06.30 R01-M1-NF-C:J05-U11 2005-06-30-08.36.14.017177 R01-M1-NF-C:J05-U11 RAS KERNEL INFO generating core.16483,- <LARGE_INT> <*> <*> <DATE><FLOAT>.<FLOAT> <*> RAS KERNEL <*> <*> <*>,"{""LARGE_INT"": ""1120145774"", ""*"": ""core.16483"", ""DATE"": ""2"", ""FLOAT"": ""36.14.017177""}",1,4
run_BGL_sample_20260521T043549_42,2026-05-21T04:35:49.997880+00:00,- 1120145915 2005.06.30 R04-M0-NF-C:J12-U01 2005-06-30-08.38.35.958902 R04-M0-NF-C:J12-U01 RAS KERNEL INFO generating core.257,- <LARGE_INT> <*> <*> <DATE><FLOAT>.<FLOAT> <*> RAS KERNEL <*> <*> <*>,"{""LARGE_INT"": ""1120145915"", ""*"": ""core.257"", ""DATE"": ""2"", ""FLOAT"": ""38.35.958902""}",1,4
run_BGL_sample_20260521T043549_42,2026-05-21T04:35:49.997880+00:00,- 1120146038 2005.06.30 R25-M0-NC-C:J04-U11 2005-06-30-08.40.38.831619 R25-M0-NC-C:J04-U11 RAS KERNEL INFO generating core.18751,- <LARGE_INT> <*> <*> <DATE><FLOAT>.<FLOAT> <*> RAS KERNEL <*> <*> <*>,"{""LARGE_INT"": ""1120146038"", ""*"": ""core.18751"", ""DATE"": ""2"", ""FLOAT"": ""40.38.831619""}",1,4
run_BGL_sample_20260521T043549_42,2026-05-21T04:35:49.997880+00:00,- 1120146042 2005.06.30 R21-M0-N0-C:J05-U11 2005-06-30-08.40.42.786067 R21-M0-N0-C:J05-U11 RAS KERNEL INFO generating core.22783,- <LARGE_INT> <*> <*> <DATE><FLOAT>.<FLOAT> <*> RAS KERNEL <*> <*> <*>,"{""LARGE_INT"": ""1120146042"", ""*"": ""core.22783"", ""DATE"": ""2"", ""FLOAT"": ""40.42.786067""}",1,4
run_BGL_sample_20260521T043549_42,2026-05-21T04:35:49.997880+00:00,- 1120146085 2005.06.30 R32-M0-N8-C:J11-U01 2005-06-30-08.41.25.502105 R32-M0-N8-C:J11-U01 RAS KERNEL INFO generating core.8021,- <LARGE_INT> <*> <*> <DATE><FLOAT>.<FLOAT> <*> RAS KERNEL <*> <*> <*>,"{""LARGE_INT"": ""1120146085"", ""*"": ""core.8021"", ""DATE"": ""2"", ""FLOAT"": ""41.25.502105""}",1,4
run_BGL_sample_20260521T043549_42,2026-05-21T04:35:49.997880+00:00,- 1120146112 2005.06.30 R15-M1-N4-C:J09-U11 2005-06-30-08.41.52.056302 R15-M1-N4-C:J09-U11 RAS KERNEL INFO generating core.10734,- <LARGE_INT> <*> <*> <DATE><FLOAT>.<FLOAT> <*> RAS KERNEL <*> <*> <*>,"{""LARGE_INT"": ""1120146112"", ""*"": ""core.10734"", ""DATE"": ""2"", ""FLOAT"": ""41.52.056302""}",1,4
run_BGL_sample_20260521T043549_42,2026-05-21T04:35:49.997880+00:00,- 1120148315 2005.06.30 R00-M1-NA-C:J13-U11 2005-06-30-09.18.35.440546 R00-M1-NA-C:J13-U11 RAS KERNEL INFO generating core.3613,- <LARGE_INT> <*> <*> <DATE><FLOAT>.<FLOAT> <*> RAS KERNEL <*> <*> <*>,"{""LARGE_INT"": ""1120148315"", ""*"": ""core.3613"", ""DATE"": ""2"", ""FLOAT"": ""18.35.440546""}",1,4
run_BGL_sample_20260521T043549_42,2026-05-21T04:35:49.997880+00:00,- 1120148424 2005.06.30 R06-M1-N2-C:J15-U11 2005-06-30-09.20.24.416584 R06-M1-N2-C:J15-U11 RAS KERNEL INFO generating core.1916,- <LARGE_INT> <*> <*> <DATE><FLOAT>.<FLOAT> <*> RAS KERNEL <*> <*> <*>,"{""LARGE_INT"": ""1120148424"", ""*"": ""core.1916"", ""DATE"": ""2"", ""FLOAT"": ""20.24.416584""}",1,4
run_BGL_sample_20260521T043549_42,2026-05-21T04:35:49.997880+00:00,- 1120148578 2005.06.30 R17-M0-NE-C:J09-U01 2005-06-30-09.22.58.210658 R17-M0-NE-C:J09-U01 RAS KERNEL INFO generating core.4246,- <LARGE_INT> <*> <*> <DATE><FLOAT>.<FLOAT> <*> RAS KERNEL <*> <*> <*>,"{""LARGE_INT"": ""1120148578"", ""*"": ""core.4246"", ""DATE"": ""2"", ""FLOAT"": ""22.58.210658""}",1,4
run_BGL_sample_20260521T043549_42,2026-05-21T04:35:49.997880+00:00,- 1120148687 2005.06.30 R14-M0-N1-C:J12-U01 2005-06-30-09.24.47.505143 R14-M0-N1-C:J12-U01 RAS KERNEL INFO generating core.7777,- <LARGE_INT> <*> <*> <DATE><FLOAT>.<FLOAT> <*> RAS KERNEL <*> <*> <*>,"{""LARGE_INT"": ""1120148687"", ""*"": ""core.7777"", ""DATE"": ""2"", ""FLOAT"": ""24.47.505143""}",1,4
run_BGL_sample_20260521T043549_42,2026-05-21T04:35:49.997880+00:00,- 1120148743 2005.06.30 R11-M0-N0-C:J02-U11 2005-06-30-09.25.43.591205 R11-M0-N0-C:J02-U11 RAS KERNEL INFO generating core.5935,- <LARGE_INT> <*> <*> <DATE><FLOAT>.<FLOAT> <*> RAS KERNEL <*> <*> <*>,"{""LARGE_INT"": ""1120148743"", ""*"": ""core.5935"", ""DATE"": ""2"", ""FLOAT"": ""25.43.591205""}",1,4
run_BGL_sample_20260521T043549_42,2026-05-21T04:35:49.997880+00:00,- 1120148771 2005.06.30 R33-M1-N7-C:J05-U11 2005-06-30-09.26.11.626795 R33-M1-N7-C:J05-U11 RAS KERNEL INFO generating core.8691,- <LARGE_INT> <*> <*> <DATE><FLOAT>.<FLOAT> <*> RAS KERNEL <*> <*> <*>,"{""LARGE_INT"": ""1120148771"", ""*"": ""core.8691"", ""DATE"": ""2"", ""FLOAT"": ""26.11.626795""}",1,4
run_BGL_sample_20260521T043549_42,2026-05-21T04:35:49.997880+00:00,- 1120149021 2005.06.30 R23-M1-ND-C:J16-U01 2005-06-30-09.30.21.891142 R23-M1-ND-C:J16-U01 RAS KERNEL INFO generating core.5512,- <LARGE_INT> <*> <*> <DATE><FLOAT>.<FLOAT> <*> RAS KERNEL <*> <*> <*>,"{""LARGE_INT"": ""1120149021"", ""*"": ""core.5512"", ""DATE"": ""2"", ""FLOAT"": ""30.21.891142""}",1,4
run_BGL_sample_20260521T043549_42,2026-05-21T04:35:49.997880+00:00,- 1120150857 2005.06.30 R05-M0-N7-C:J04-U01 2005-06-30-10.00.57.531545 R05-M0-N7-C:J04-U01 RAS KERNEL INFO generating core.1123,- <LARGE_INT> <*> <*> <DATE><FLOAT>.<FLOAT> <*> RAS KERNEL <*> <*> <*>,"{""LARGE_INT"": ""1120150857"", ""*"": ""core.1123"", ""DATE"": ""2"", ""FLOAT"": ""00.57.531545""}",1,4
run_BGL_sample_20260521T043549_42,2026-05-21T04:35:49.997880+00:00,- 1120150859 2005.06.30 R05-M0-N3-C:J12-U11 2005-06-30-10.00.59.776334 R05-M0-N3-C:J12-U11 RAS KERNEL INFO generating core.1641,- <LARGE_INT> <*> <*> <DATE><FLOAT>.<FLOAT> <*> RAS KERNEL <*> <*> <*>,"{""LARGE_INT"": ""1120150859"", ""*"": ""core.1641"", ""DATE"": ""2"", ""FLOAT"": ""00.59.776334""}",1,4
run_BGL_sample_20260521T043549_42,2026-05-21T04:35:49.997880+00:00,"- 1120155328 2005.06.30 R16-M1-N2-C:J17-U01 2005-06-30-11.15.28.804669 R16-M1-N2-C:J17-U01 RAS KERNEL INFO CE sym 0, at 0x1b858c",- <LARGE_INT> <*> <*> <DATE><FLOAT>.<FLOAT> <*> RAS KERNEL INFO <*> <*> <*> <*> <*>,"{""LARGE_INT"": ""1120155328"", ""*"": ""0x1b858c"", ""DATE"": ""2"", ""FLOAT"": ""15.28.804669""}",1,4
run_BGL_sample_20260521T043549_42,2026-05-21T04:35:49.997880+00:00,- 1120173883 2005.06.30 R36-M1-N4-I:J18-U01 2005-06-30-16.24.43.164196 R36-M1-N4-I:J18-U01 RAS APP FATAL ciod: Error creating no,- <LARGE_INT> <*> <*> <DATE><FLOAT>.<FLOAT> <*> RAS <*> <*> <*> <*> <*> <*>,"{""LARGE_INT"": ""1120173883"", ""*"": ""no"", ""DATE"": ""2"", ""FLOAT"": ""24.43.164196""}",1,4
run_BGL_sample_20260521T043549_42,2026-05-21T04:35:49.997880+00:00,"- 1120177846 2005.06.30 R16-M1-N2-C:J17-U01 2005-06-30-17.30.46.535444 R16-M1-N2-C:J17-U01 RAS KERNEL INFO CE sym 0, at 0x1b8582",- <LARGE_INT> <*> <*> <DATE><FLOAT>.<FLOAT> <*> RAS KERNEL INFO <*> <*> <*> <*> <*>,"{""LARGE_INT"": ""1120177846"", ""*"": ""0x1b8582"", ""DATE"": ""2"", ""FLOAT"": ""30.46.535444""}",1,4
run_BGL_sample_20260521T043549_42,2026-05-21T04:35:49.997880+00:00,"- 1120201391 2005.07.01 R01-M1-ND-C:J03-U01 2005-07-01-00.03.11.095704 R01-M1-ND-C:J03-U01 RAS KERNEL INFO CE sym 22, at 0x049af",- <LARGE_INT> <*> <*> <DATE><FLOAT>.<FLOAT> <*> RAS KERNEL INFO <*> <*> <*> <*> <*>,"{""LARGE_INT"": ""1120201391"", ""*"": ""0x049af"", ""DATE"": ""2"", ""FLOAT"": ""03.11.095704""}",1,4
run_BGL_sample_20260521T043549_42,2026-05-21T04:35:49.997880+00:00,- 1120209808 2005.07.01 R07-M1-NC-C:J12-U11 2005-07-01-02.23.28.948917 R07-M1-NC-C:J12-U11 RAS KERNEL INFO generating core.1165,- <LARGE_INT> <*> <*> <DATE><FLOAT>.<FLOAT> <*> RAS KERNEL <*> <*> <*>,"{""LARGE_INT"": ""1120209808"", ""*"": ""core.1165"", ""DATE"": ""2"", ""FLOAT"": ""23.28.948917""}",1,4
run_BGL_sample_20260521T043549_42,2026-05-21T04:35:49.997880+00:00,- 1120216069 2005.07.01 R21-M1-N8-C:J05-U11 2005-07-01-04.07.49.783918 R21-M1-N8-C:J05-U11 RAS KERNEL INFO generating core.23615,- <LARGE_INT> <*> <*> <DATE><FLOAT>.<FLOAT> <*> RAS KERNEL <*> <*> <*>,"{""LARGE_INT"": ""1120216069"", ""*"": ""core.23615"", ""DATE"": ""2"", ""FLOAT"": ""07.49.783918""}",1,4
run_BGL_sample_20260521T043549_42,2026-05-21T04:35:49.997880+00:00,- 1120216139 2005.07.01 R36-M0-N7-C:J11-U01 2005-07-01-04.08.59.340805 R36-M0-N7-C:J11-U01 RAS KERNEL INFO generating core.865,- <LARGE_INT> <*> <*> <DATE><FLOAT>.<FLOAT> <*> RAS KERNEL <*> <*> <*>,"{""LARGE_INT"": ""1120216139"", ""*"": ""core.865"", ""DATE"": ""2"", ""FLOAT"": ""08.59.340805""}",1,4
run_BGL_sample_20260521T043549_42,2026-05-21T04:35:49.997880+00:00,- 1120216148 2005.07.01 R20-M1-N5-C:J06-U11 2005-07-01-04.09.08.743891 R20-M1-N5-C:J06-U11 RAS KERNEL INFO generating core.1626,- <LARGE_INT> <*> <*> <DATE><FLOAT>.<FLOAT> <*> RAS KERNEL <*> <*> <*>,"{""LARGE_INT"": ""1120216148"", ""*"": ""core.1626"", ""DATE"": ""2"", ""FLOAT"": ""09.08.743891""}",1,4
run_BGL_sample_20260521T043549_42,2026-05-21T04:35:49.997880+00:00,- 1120216152 2005.07.01 R34-M0-N7-C:J08-U11 2005-07-01-04.09.12.043520 R34-M0-N7-C:J08-U11 RAS KERNEL INFO generating core.16594,- <LARGE_INT> <*> <*> <DATE><FLOAT>.<FLOAT> <*> RAS KERNEL <*> <*> <*>,"{""LARGE_INT"": ""1120216152"", ""*"": ""core.16594"", ""DATE"": ""2"", ""FLOAT"": ""09.12.043520""}",1,4
run_BGL_sample_20260521T043549_42,2026-05-21T04:35:49.997880+00:00,- 1120216232 2005.07.01 R26-M0-N5-C:J07-U11 2005-07-01-04.10.32.786113 R26-M0-N5-C:J07-U11 RAS KERNEL INFO generating core.30586,- <LARGE_INT> <*> <*> <DATE><FLOAT>.<FLOAT> <*> RAS KERNEL <*> <*> <*>,"{""LARGE_INT"": ""1120216232"", ""*"": ""core.30586"", ""DATE"": ""2"", ""FLOAT"": ""10.32.786113""}",1,4
run_BGL_sample_20260521T043549_42,2026-05-21T04:35:49.997880+00:00,- 1120216240 2005.07.01 R20-M1-N2-C:J17-U01 2005-07-01-04.10.40.232817 R20-M1-N2-C:J17-U01 RAS KERNEL INFO generating core.18540,- <LARGE_INT> <*> <*> <DATE><FLOAT>.<FLOAT> <*> RAS KERNEL <*> <*> <*>,"{""LARGE_INT"": ""1120216240"", ""*"": ""core.18540"", ""DATE"": ""2"", ""FLOAT"": ""10.40.232817""}",1,4
run_BGL_sample_20260521T043549_42,2026-05-21T04:35:49.997880+00:00,- 1120216246 2005.07.01 R31-M1-N5-C:J11-U01 2005-07-01-04.10.46.426573 R31-M1-N5-C:J11-U01 RAS KERNEL INFO generating core.9825,- <LARGE_INT> <*> <*> <DATE><FLOAT>.<FLOAT> <*> RAS KERNEL <*> <*> <*>,"{""LARGE_INT"": ""1120216246"", ""*"": ""core.9825"", ""DATE"": ""2"", ""FLOAT"": ""10.46.426573""}",1,4
run_BGL_sample_20260521T043549_42,2026-05-21T04:35:49.997880+00:00,- 1120216290 2005.07.01 R21-M1-NB-C:J07-U01 2005-07-01-04.11.30.534564 R21-M1-NB-C:J07-U01 RAS KERNEL INFO generating core.6698,- <LARGE_INT> <*> <*> <DATE><FLOAT>.<FLOAT> <*> RAS KERNEL <*> <*> <*>,"{""LARGE_INT"": ""1120216290"", ""*"": ""core.6698"", ""DATE"": ""2"", ""FLOAT"": ""11.30.534564""}",1,4
run_BGL_sample_20260521T043549_42,2026-05-21T04:35:49.997880+00:00,- 1120216479 2005.07.01 R23-M1-NE-C:J13-U01 2005-07-01-04.14.39.846764 R23-M1-NE-C:J13-U01 RAS KERNEL INFO generating core.4525,- <LARGE_INT> <*> <*> <DATE><FLOAT>.<FLOAT> <*> RAS KERNEL <*> <*> <*>,"{""LARGE_INT"": ""1120216479"", ""*"": ""core.4525"", ""DATE"": ""2"", ""FLOAT"": ""14.39.846764""}",1,4
run_BGL_sample_20260521T043549_42,2026-05-21T04:35:49.997880+00:00,- 1120216591 2005.07.01 R33-M1-N8-C:J17-U11 2005-07-01-04.16.31.056361 R33-M1-N8-C:J17-U11 RAS KERNEL INFO generating core.28084,- <LARGE_INT> <*> <*> <DATE><FLOAT>.<FLOAT> <*> RAS KERNEL <*> <*> <*>,"{""LARGE_INT"": ""1120216591"", ""*"": ""core.28084"", ""DATE"": ""2"", ""FLOAT"": ""16.31.056361""}",1,4
run_BGL_sample_20260521T043549_42,2026-05-21T04:35:49.997880+00:00,- 1120216621 2005.07.01 R23-M1-NC-C:J14-U01 2005-07-01-04.17.01.697115 R23-M1-NC-C:J14-U01 RAS KERNEL INFO generating core.6028,- <LARGE_INT> <*> <*> <DATE><FLOAT>.<FLOAT> <*> RAS KERNEL <*> <*> <*>,"{""LARGE_INT"": ""1120216621"", ""*"": ""core.6028"", ""DATE"": ""2"", ""FLOAT"": ""17.01.697115""}",1,4
run_BGL_sample_20260521T043549_42,2026-05-21T04:35:49.997880+00:00,- 1120216963 2005.07.01 R10-M1-ND-C:J17-U11 2005-07-01-04.22.43.382322 R10-M1-ND-C:J17-U11 RAS KERNEL INFO generating core.536,- <LARGE_INT> <*> <*> <DATE><FLOAT>.<FLOAT> <*> RAS KERNEL <*> <*> <*>,"{""LARGE_INT"": ""1120216963"", ""*"": ""core.536"", ""DATE"": ""2"", ""FLOAT"": ""22.43.382322""}",1,4
run_BGL_sample_20260521T043549_42,2026-05-21T04:35:49.997880+00:00,- 1120216974 2005.07.01 R10-M0-N2-C:J02-U01 2005-07-01-04.22.54.950859 R10-M0-N2-C:J02-U01 RAS KERNEL INFO generating core.15655,- <LARGE_INT> <*> <*> <DATE><FLOAT>.<FLOAT> <*> RAS KERNEL <*> <*> <*>,"{""LARGE_INT"": ""1120216974"", ""*"": ""core.15655"", ""DATE"": ""2"", ""FLOAT"": ""22.54.950859""}",1,4
run_BGL_sample_20260521T043549_42,2026-05-21T04:35:49.997880+00:00,- 1120217012 2005.07.01 R16-M1-N6-C:J15-U01 2005-07-01-04.23.32.012882 R16-M1-N6-C:J15-U01 RAS KERNEL INFO generating core.8628,- <LARGE_INT> <*> <*> <DATE><FLOAT>.<FLOAT> <*> RAS KERNEL <*> <*> <*>,"{""LARGE_INT"": ""1120217012"", ""*"": ""core.8628"", ""DATE"": ""2"", ""FLOAT"": ""23.32.012882""}",1,4
run_BGL_sample_20260521T043549_42,2026-05-21T04:35:49.997880+00:00,- 1120217049 2005.07.01 R15-M1-N9-C:J07-U11 2005-07-01-04.24.09.678810 R15-M1-N9-C:J07-U11 RAS KERNEL INFO generating core.12122,- <LARGE_INT> <*> <*> <DATE><FLOAT>.<FLOAT> <*> RAS KERNEL <*> <*> <*>,"{""LARGE_INT"": ""1120217049"", ""*"": ""core.12122"", ""DATE"": ""2"", ""FLOAT"": ""24.09.678810""}",1,4
run_BGL_sample_20260521T043549_42,2026-05-21T04:35:49.997880+00:00,- 1120217052 2005.07.01 R17-M1-N7-C:J08-U01 2005-07-01-04.24.12.881758 R17-M1-N7-C:J08-U01 RAS KERNEL INFO generating core.2210,- <LARGE_INT> <*> <*> <DATE><FLOAT>.<FLOAT> <*> RAS KERNEL <*> <*> <*>,"{""LARGE_INT"": ""1120217052"", ""*"": ""core.2210"", ""DATE"": ""2"", ""FLOAT"": ""24.12.881758""}",1,4
run_BGL_sample_20260521T043549_42,2026-05-21T04:35:49.997880+00:00,- 1120217064 2005.07.01 R15-M1-NF-C:J16-U11 2005-07-01-04.24.24.044042 R15-M1-NF-C:J16-U11 RAS KERNEL INFO generating core.10312,- <LARGE_INT> <*> <*> <DATE><FLOAT>.<FLOAT> <*> RAS KERNEL <*> <*> <*>,"{""LARGE_INT"": ""1120217064"", ""*"": ""core.10312"", ""DATE"": ""2"", ""FLOAT"": ""24.24.044042""}",1,4
run_BGL_sample_20260521T043549_42,2026-05-21T04:35:49.997880+00:00,- 1120217117 2005.07.01 R12-M1-N6-C:J16-U01 2005-07-01-04.25.17.269721 R12-M1-N6-C:J16-U01 RAS KERNEL INFO generating core.228,- <LARGE_INT> <*> <*> <DATE><FLOAT>.<FLOAT> <*> RAS KERNEL <*> <*> <*>,"{""LARGE_INT"": ""1120217117"", ""*"": ""core.228"", ""DATE"": ""2"", ""FLOAT"": ""25.17.269721""}",1,4
run_BGL_sample_20260521T043549_42,2026-05-21T04:35:49.997880+00:00,- 1120217126 2005.07.01 R14-M1-NE-C:J14-U11 2005-07-01-04.25.26.994401 R14-M1-NE-C:J14-U11 RAS KERNEL INFO generating core.332,- <LARGE_INT> <*> <*> <DATE><FLOAT>.<FLOAT> <*> RAS KERNEL <*> <*> <*>,"{""LARGE_INT"": ""1120217126"", ""*"": ""core.332"", ""DATE"": ""2"", ""FLOAT"": ""25.26.994401""}",1,4
run_BGL_sample_20260521T043549_42,2026-05-21T04:35:49.997880+00:00,- 1120217169 2005.07.01 R14-M0-N2-C:J15-U11 2005-07-01-04.26.09.649848 R14-M0-N2-C:J15-U11 RAS KERNEL INFO generating core.15740,- <LARGE_INT> <*> <*> <DATE><FLOAT>.<FLOAT> <*> RAS KERNEL <*> <*> <*>,"{""LARGE_INT"": ""1120217169"", ""*"": ""core.15740"", ""DATE"": ""2"", ""FLOAT"": ""26.09.649848""}",1,4
run_BGL_sample_20260521T043549_42,2026-05-21T04:35:49.997880+00:00,- 1120217184 2005.07.01 R11-M1-N2-C:J11-U11 2005-07-01-04.26.24.856056 R11-M1-N2-C:J11-U11 RAS KERNEL INFO generating core.3389,- <LARGE_INT> <*> <*> <DATE><FLOAT>.<FLOAT> <*> RAS KERNEL <*> <*> <*>,"{""LARGE_INT"": ""1120217184"", ""*"": ""core.3389"", ""DATE"": ""2"", ""FLOAT"": ""26.24.856056""}",1,4
run_BGL_sample_20260521T043549_42,2026-05-21T04:35:49.997880+00:00,- 1120231520 2005.07.01 UNKNOWN_LOCATION 2005-07-01-08.25.20.466953 UNKNOWN_LOCATION NULL DISCOVERY INFO Ido chip status changed,- <LARGE_INT> <FLOAT>.01 U<FAB_TOKEN> <DATE><FLOAT>.<FLOAT> U<FAB_TOKEN> NULL DISCOVERY INFO Ido chip status changed,"{""LARGE_INT"": ""1120231520"", ""FLOAT"": ""25.20.466953"", ""FAB_TOKEN"": ""NKNOWN_LOCATION"", ""DATE"": ""2""}",1,4
run_BGL_sample_20260521T043549_42,2026-05-21T04:35:49.997880+00:00,- 1120241131 2005.07.01 R37-M1-N4 2005-07-01-11.05.31.120732 R37-M1-N4 NULL DISCOVERY SEVERE Can not get assembly information fo,- <LARGE_INT> <*> <*> <DATE><FLOAT>.<FLOAT> <*> NULL DISCOVERY <*> <*> <*> <*> <*> <*> <*>,"{""LARGE_INT"": ""1120241131"", ""*"": ""fo"", ""DATE"": ""2"", ""FLOAT"": ""05.31.120732""}",1,4
run_BGL_sample_20260521T043549_42,2026-05-21T04:35:49.997880+00:00,- 1120259710 2005.07.01 R33-M1-N2-C:J17-U11 2005-07-01-16.15.10.056728 R33-M1-N2-C:J17-U11 RAS KERNEL INFO 1146800 double-hummer,- <LARGE_INT> <*> <*> <DATE><FLOAT>.<FLOAT> <*> RAS KERNEL <*> <*> <*>,"{""LARGE_INT"": ""1120259710"", ""*"": ""double-hummer"", ""DATE"": ""2"", ""FLOAT"": ""15.10.056728""}",1,4
run_BGL_sample_20260521T043549_42,2026-05-21T04:35:49.997880+00:00,- 1120259762 2005.07.01 R37-M0-NE-C:J10-U01 2005-07-01-16.16.02.658866 R37-M0-NE-C:J10-U01 RAS KERNEL INFO 1146800 double-hummer,- <LARGE_INT> <*> <*> <DATE><FLOAT>.<FLOAT> <*> RAS KERNEL <*> <*> <*>,"{""LARGE_INT"": ""1120259762"", ""*"": ""double-hummer"", ""DATE"": ""2"", ""FLOAT"": ""16.02.658866""}",1,4
run_BGL_sample_20260521T043549_42,2026-05-21T04:35:49.997880+00:00,- 1120259871 2005.07.01 R33-M0-N6-C:J07-U01 2005-07-01-16.17.51.960797 R33-M0-N6-C:J07-U01 RAS KERNEL INFO 1146800 double-hummer,- <LARGE_INT> <*> <*> <DATE><FLOAT>.<FLOAT> <*> RAS KERNEL <*> <*> <*>,"{""LARGE_INT"": ""1120259871"", ""*"": ""double-hummer"", ""DATE"": ""2"", ""FLOAT"": ""17.51.960797""}",1,4
run_BGL_sample_20260521T043549_42,2026-05-21T04:35:49.997880+00:00,- 1120259888 2005.07.01 R25-M0-N7-C:J11-U01 2005-07-01-16.18.08.272925 R25-M0-N7-C:J11-U01 RAS KERNEL INFO 1146800 double-hummer,- <LARGE_INT> <*> <*> <DATE><FLOAT>.<FLOAT> <*> RAS KERNEL <*> <*> <*>,"{""LARGE_INT"": ""1120259888"", ""*"": ""double-hummer"", ""DATE"": ""2"", ""FLOAT"": ""18.08.272925""}",1,4
run_BGL_sample_20260521T043549_42,2026-05-21T04:35:49.997880+00:00,- 1120259941 2005.07.01 R25-M1-N2-C:J08-U01 2005-07-01-16.19.01.600033 R25-M1-N2-C:J08-U01 RAS KERNEL INFO 1146800 double-hummer,- <LARGE_INT> <*> <*> <DATE><FLOAT>.<FLOAT> <*> RAS KERNEL <*> <*> <*>,"{""LARGE_INT"": ""1120259941"", ""*"": ""double-hummer"", ""DATE"": ""2"", ""FLOAT"": ""19.01.600033""}",1,4
run_BGL_sample_20260521T043549_42,2026-05-21T04:35:49.997880+00:00,- 1120260065 2005.07.01 R27-M1-N8-C:J17-U01 2005-07-01-16.21.05.938269 R27-M1-N8-C:J17-U01 RAS KERNEL INFO 1146800 double-hummer,- <LARGE_INT> <*> <*> <DATE><FLOAT>.<FLOAT> <*> RAS KERNEL <*> <*> <*>,"{""LARGE_INT"": ""1120260065"", ""*"": ""double-hummer"", ""DATE"": ""2"", ""FLOAT"": ""21.05.938269""}",1,4
run_BGL_sample_20260521T043549_42,2026-05-21T04:35:49.997880+00:00,- 1120260098 2005.07.01 R33-M0-N8-C:J07-U01 2005-07-01-16.21.38.233353 R33-M0-N8-C:J07-U01 RAS KERNEL INFO 1146800 double-hummer,- <LARGE_INT> <*> <*> <DATE><FLOAT>.<FLOAT> <*> RAS KERNEL <*> <*> <*>,"{""LARGE_INT"": ""1120260098"", ""*"": ""double-hummer"", ""DATE"": ""2"", ""FLOAT"": ""21.38.233353""}",1,4
run_BGL_sample_20260521T043549_42,2026-05-21T04:35:49.997880+00:00,- 1120260870 2005.07.01 R20-M0-N5-C:J15-U01 2005-07-01-16.34.30.861885 R20-M0-N5-C:J15-U01 RAS KERNEL INFO 1146800 double-hummer,- <LARGE_INT> <*> <*> <DATE><FLOAT>.<FLOAT> <*> RAS KERNEL <*> <*> <*>,"{""LARGE_INT"": ""1120260870"", ""*"": ""double-hummer"", ""DATE"": ""2"", ""FLOAT"": ""34.30.861885""}",1,4
run_BGL_sample_20260521T043549_42,2026-05-21T04:35:49.997880+00:00,- 1120260976 2005.07.01 R30-M1-NE-C:J02-U01 2005-07-01-16.36.16.829568 R30-M1-NE-C:J02-U01 RAS KERNEL INFO 1146800 double-hummer,- <LARGE_INT> <*> <*> <DATE><FLOAT>.<FLOAT> <*> RAS KERNEL <*> <*> <*>,"{""LARGE_INT"": ""1120260976"", ""*"": ""double-hummer"", ""DATE"": ""2"", ""FLOAT"": ""36.16.829568""}",1,4
run_BGL_sample_20260521T043549_42,2026-05-21T04:35:49.997880+00:00,- 1120261034 2005.07.01 R23-M0-N1-C:J02-U11 2005-07-01-16.37.14.984043 R23-M0-N1-C:J02-U11 RAS KERNEL INFO 1146800 double-hummer,- <LARGE_INT> <*> <*> <DATE><FLOAT>.<FLOAT> <*> RAS KERNEL <*> <*> <*>,"{""LARGE_INT"": ""1120261034"", ""*"": ""double-hummer"", ""DATE"": ""2"", ""FLOAT"": ""37.14.984043""}",1,4
run_BGL_sample_20260521T043549_42,2026-05-21T04:35:49.997880+00:00,- 1120262099 2005.07.01 R24-M1-NB-C:J14-U11 2005-07-01-16.54.59.334330 R24-M1-NB-C:J14-U11 RAS KERNEL INFO 1146800 double-hummer,- <LARGE_INT> <*> <*> <DATE><FLOAT>.<FLOAT> <*> RAS KERNEL <*> <*> <*>,"{""LARGE_INT"": ""1120262099"", ""*"": ""double-hummer"", ""DATE"": ""2"", ""FLOAT"": ""54.59.334330""}",1,4
run_BGL_sample_20260521T043549_42,2026-05-21T04:35:49.997880+00:00,- 1120262185 2005.07.01 R35-M1-N7-C:J04-U01 2005-07-01-16.56.25.711911 R35-M1-N7-C:J04-U01 RAS KERNEL INFO 1146800 double-hummer,- <LARGE_INT> <*> <*> <DATE><FLOAT>.<FLOAT> <*> RAS KERNEL <*> <*> <*>,"{""LARGE_INT"": ""1120262185"", ""*"": ""double-hummer"", ""DATE"": ""2"", ""FLOAT"": ""56.25.711911""}",1,4
run_BGL_sample_20260521T043549_42,2026-05-21T04:35:49.997880+00:00,- 1120262310 2005.07.01 R32-M1-ND-C:J11-U11 2005-07-01-16.58.30.209233 R32-M1-ND-C:J11-U11 RAS KERNEL INFO 1146800 double-hummer,- <LARGE_INT> <*> <*> <DATE><FLOAT>.<FLOAT> <*> RAS KERNEL <*> <*> <*>,"{""LARGE_INT"": ""1120262310"", ""*"": ""double-hummer"", ""DATE"": ""2"", ""FLOAT"": ""58.30.209233""}",1,4
run_BGL_sample_20260521T043549_42,2026-05-21T04:35:49.997880+00:00,- 1120262314 2005.07.01 R32-M1-NB-C:J04-U11 2005-07-01-16.58.34.595623 R32-M1-NB-C:J04-U11 RAS KERNEL INFO 1146800 double-hummer,- <LARGE_INT> <*> <*> <DATE><FLOAT>.<FLOAT> <*> RAS KERNEL <*> <*> <*>,"{""LARGE_INT"": ""1120262314"", ""*"": ""double-hummer"", ""DATE"": ""2"", ""FLOAT"": ""58.34.595623""}",1,4
run_BGL_sample_20260521T043549_42,2026-05-21T04:35:49.997880+00:00,- 1120262332 2005.07.01 R36-M0-N4-C:J15-U01 2005-07-01-16.58.52.572817 R36-M0-N4-C:J15-U01 RAS KERNEL INFO 1146800 double-hummer,- <LARGE_INT> <*> <*> <DATE><FLOAT>.<FLOAT> <*> RAS KERNEL <*> <*> <*>,"{""LARGE_INT"": ""1120262332"", ""*"": ""double-hummer"", ""DATE"": ""2"", ""FLOAT"": ""58.52.572817""}",1,4
run_BGL_sample_20260521T043549_42,2026-05-21T04:35:49.997880+00:00,- 1120262354 2005.07.01 R24-M1-NC-C:J07-U11 2005-07-01-16.59.14.798327 R24-M1-NC-C:J07-U11 RAS KERNEL INFO 1146800 double-hummer,- <LARGE_INT> <*> <*> <DATE><FLOAT>.<FLOAT> <*> RAS KERNEL <*> <*> <*>,"{""LARGE_INT"": ""1120262354"", ""*"": ""double-hummer"", ""DATE"": ""2"", ""FLOAT"": ""59.14.798327""}",1,4
run_BGL_sample_20260521T043549_42,2026-05-21T04:35:49.997880+00:00,- 1120263044 2005.07.01 R36-M0-N5-C:J16-U11 2005-07-01-17.10.44.021307 R36-M0-N5-C:J16-U11 RAS KERNEL INFO 1146800 double-hummer,- <LARGE_INT> <*> <*> <DATE><FLOAT>.<FLOAT> <*> RAS KERNEL <*> <*> <*>,"{""LARGE_INT"": ""1120263044"", ""*"": ""double-hummer"", ""DATE"": ""2"", ""FLOAT"": ""10.44.021307""}",1,4
run_BGL_sample_20260521T043549_42,2026-05-21T04:35:49.997880+00:00,- 1120263061 2005.07.01 R31-M1-N2-C:J14-U01 2005-07-01-17.11.01.016985 R31-M1-N2-C:J14-U01 RAS KERNEL INFO 1146800 double-hummer,- <LARGE_INT> <*> <*> <DATE><FLOAT>.<FLOAT> <*> RAS KERNEL <*> <*> <*>,"{""LARGE_INT"": ""1120263061"", ""*"": ""double-hummer"", ""DATE"": ""2"", ""FLOAT"": ""11.01.016985""}",1,4
run_BGL_sample_20260521T043549_42,2026-05-21T04:35:49.997880+00:00,- 1120263168 2005.07.01 R24-M0-N3-C:J09-U01 2005-07-01-17.12.48.485919 R24-M0-N3-C:J09-U01 RAS KERNEL INFO 1146800 double-hummer,- <LARGE_INT> <*> <*> <DATE><FLOAT>.<FLOAT> <*> RAS KERNEL <*> <*> <*>,"{""LARGE_INT"": ""1120263168"", ""*"": ""double-hummer"", ""DATE"": ""2"", ""FLOAT"": ""12.48.485919""}",1,4
run_BGL_sample_20260521T043549_42,2026-05-21T04:35:49.997880+00:00,- 1120263355 2005.07.01 R35-M0-N6-C:J17-U11 2005-07-01-17.15.55.227258 R35-M0-N6-C:J17-U11 RAS KERNEL INFO 1146800 double-hummer,- <LARGE_INT> <*> <*> <DATE><FLOAT>.<FLOAT> <*> RAS KERNEL <*> <*> <*>,"{""LARGE_INT"": ""1120263355"", ""*"": ""double-hummer"", ""DATE"": ""2"", ""FLOAT"": ""15.55.227258""}",1,4
run_BGL_sample_20260521T043549_42,2026-05-21T04:35:49.997880+00:00,- 1120265452 2005.07.01 R33-M1-NE-C:J11-U01 2005-07-01-17.50.52.851643 R33-M1-NE-C:J11-U01 RAS KERNEL INFO 458720 double-hummer,- <LARGE_INT> <*> <*> <DATE><FLOAT>.<FLOAT> <*> RAS KERNEL <*> <*> <*>,"{""LARGE_INT"": ""1120265452"", ""*"": ""double-hummer"", ""DATE"": ""2"", ""FLOAT"": ""50.52.851643""}",1,4
run_BGL_sample_20260521T043549_42,2026-05-21T04:35:49.997880+00:00,- 1120265503 2005.07.01 R24-M1-NB-C:J06-U01 2005-07-01-17.51.43.600692 R24-M1-NB-C:J06-U01 RAS KERNEL INFO 458720 double-hummer,- <LARGE_INT> <*> <*> <DATE><FLOAT>.<FLOAT> <*> RAS KERNEL <*> <*> <*>,"{""LARGE_INT"": ""1120265503"", ""*"": ""double-hummer"", ""DATE"": ""2"", ""FLOAT"": ""51.43.600692""}",1,4
run_BGL_sample_20260521T043549_42,2026-05-21T04:35:49.997880+00:00,- 1120265529 2005.07.01 R27-M1-N2-C:J03-U01 2005-07-01-17.52.09.980967 R27-M1-N2-C:J03-U01 RAS KERNEL INFO 458720 double-hummer,- <LARGE_INT> <*> <*> <DATE><FLOAT>.<FLOAT> <*> RAS KERNEL <*> <*> <*>,"{""LARGE_INT"": ""1120265529"", ""*"": ""double-hummer"", ""DATE"": ""2"", ""FLOAT"": ""52.09.980967""}",1,4
run_BGL_sample_20260521T043549_42,2026-05-21T04:35:49.997880+00:00,- 1120265540 2005.07.01 R24-M1-NA-C:J14-U01 2005-07-01-17.52.20.409124 R24-M1-NA-C:J14-U01 RAS KERNEL INFO 458720 double-hummer,- <LARGE_INT> <*> <*> <DATE><FLOAT>.<FLOAT> <*> RAS KERNEL <*> <*> <*>,"{""LARGE_INT"": ""1120265540"", ""*"": ""double-hummer"", ""DATE"": ""2"", ""FLOAT"": ""52.20.409124""}",1,4
run_BGL_sample_20260521T043549_42,2026-05-21T04:35:49.997880+00:00,- 1120265568 2005.07.01 R34-M0-N9-C:J08-U01 2005-07-01-17.52.48.085606 R34-M0-N9-C:J08-U01 RAS KERNEL INFO 458720 double-hummer,- <LARGE_INT> <*> <*> <DATE><FLOAT>.<FLOAT> <*> RAS KERNEL <*> <*> <*>,"{""LARGE_INT"": ""1120265568"", ""*"": ""double-hummer"", ""DATE"": ""2"", ""FLOAT"": ""52.48.085606""}",1,4
run_BGL_sample_20260521T043549_42,2026-05-21T04:35:49.997880+00:00,- 1120265591 2005.07.01 R30-M1-NB-C:J17-U11 2005-07-01-17.53.11.746402 R30-M1-NB-C:J17-U11 RAS KERNEL INFO 458720 double-hummer,- <LARGE_INT> <*> <*> <DATE><FLOAT>.<FLOAT> <*> RAS KERNEL <*> <*> <*>,"{""LARGE_INT"": ""1120265591"", ""*"": ""double-hummer"", ""DATE"": ""2"", ""FLOAT"": ""53.11.746402""}",1,4
run_BGL_sample_20260521T043549_42,2026-05-21T04:35:49.997880+00:00,- 1120265616 2005.07.01 R35-M1-N1-C:J09-U01 2005-07-01-17.53.36.360670 R35-M1-N1-C:J09-U01 RAS KERNEL INFO 458720 double-hummer,- <LARGE_INT> <*> <*> <DATE><FLOAT>.<FLOAT> <*> RAS KERNEL <*> <*> <*>,"{""LARGE_INT"": ""1120265616"", ""*"": ""double-hummer"", ""DATE"": ""2"", ""FLOAT"": ""53.36.360670""}",1,4
run_BGL_sample_20260521T043549_42,2026-05-21T04:35:49.997880+00:00,- 1120265656 2005.07.01 R23-M0-N6-C:J11-U01 2005-07-01-17.54.16.064998 R23-M0-N6-C:J11-U01 RAS KERNEL INFO 458720 double-hummer,- <LARGE_INT> <*> <*> <DATE><FLOAT>.<FLOAT> <*> RAS KERNEL <*> <*> <*>,"{""LARGE_INT"": ""1120265656"", ""*"": ""double-hummer"", ""DATE"": ""2"", ""FLOAT"": ""54.16.064998""}",1,4
run_BGL_sample_20260521T043549_42,2026-05-21T04:35:49.997880+00:00,- 1120266813 2005.07.01 R21-M0-ND-C:J07-U11 2005-07-01-18.13.33.739748 R21-M0-ND-C:J07-U11 RAS KERNEL INFO 1146800 double-hummer,- <LARGE_INT> <*> <*> <DATE><FLOAT>.<FLOAT> <*> RAS KERNEL <*> <*> <*>,"{""LARGE_INT"": ""1120266813"", ""*"": ""double-hummer"", ""DATE"": ""2"", ""FLOAT"": ""13.33.739748""}",1,4
run_BGL_sample_20260521T043549_42,2026-05-21T04:35:49.997880+00:00,- 1120266847 2005.07.01 R33-M0-N2-C:J10-U01 2005-07-01-18.14.07.256483 R33-M0-N2-C:J10-U01 RAS KERNEL INFO 1146800 double-hummer,- <LARGE_INT> <*> <*> <DATE><FLOAT>.<FLOAT> <*> RAS KERNEL <*> <*> <*>,"{""LARGE_INT"": ""1120266847"", ""*"": ""double-hummer"", ""DATE"": ""2"", ""FLOAT"": ""14.07.256483""}",1,4
run_BGL_sample_20260521T043549_42,2026-05-21T04:35:49.997880+00:00,- 1120266866 2005.07.01 R30-M1-N9-C:J08-U11 2005-07-01-18.14.26.319216 R30-M1-N9-C:J08-U11 RAS KERNEL INFO 1146800 double-hummer,- <LARGE_INT> <*> <*> <DATE><FLOAT>.<FLOAT> <*> RAS KERNEL <*> <*> <*>,"{""LARGE_INT"": ""1120266866"", ""*"": ""double-hummer"", ""DATE"": ""2"", ""FLOAT"": ""14.26.319216""}",1,4
run_BGL_sample_20260521T043549_42,2026-05-21T04:35:49.997880+00:00,- 1120266887 2005.07.01 R35-M1-N5-C:J04-U01 2005-07-01-18.14.47.324202 R35-M1-N5-C:J04-U01 RAS KERNEL INFO 1146800 double-hummer,- <LARGE_INT> <*> <*> <DATE><FLOAT>.<FLOAT> <*> RAS KERNEL <*> <*> <*>,"{""LARGE_INT"": ""1120266887"", ""*"": ""double-hummer"", ""DATE"": ""2"", ""FLOAT"": ""14.47.324202""}",1,4
run_BGL_sample_20260521T043549_42,2026-05-21T04:35:49.997880+00:00,- 1120266925 2005.07.01 R25-M1-N2-C:J10-U01 2005-07-01-18.15.25.287847 R25-M1-N2-C:J10-U01 RAS KERNEL INFO 1146800 double-hummer,- <LARGE_INT> <*> <*> <DATE><FLOAT>.<FLOAT> <*> RAS KERNEL <*> <*> <*>,"{""LARGE_INT"": ""1120266925"", ""*"": ""double-hummer"", ""DATE"": ""2"", ""FLOAT"": ""15.25.287847""}",1,4
run_BGL_sample_20260521T043549_42,2026-05-21T04:35:49.997880+00:00,- 1120266974 2005.07.01 R32-M0-NF-C:J17-U11 2005-07-01-18.16.14.553770 R32-M0-NF-C:J17-U11 RAS KERNEL INFO 1146800 double-hummer,- <LARGE_INT> <*> <*> <DATE><FLOAT>.<FLOAT> <*> RAS KERNEL <*> <*> <*>,"{""LARGE_INT"": ""1120266974"", ""*"": ""double-hummer"", ""DATE"": ""2"", ""FLOAT"": ""16.14.553770""}",1,4
run_BGL_sample_20260521T043549_42,2026-05-21T04:35:49.997880+00:00,- 1120267083 2005.07.01 R33-M0-N8-C:J10-U11 2005-07-01-18.18.03.046965 R33-M0-N8-C:J10-U11 RAS KERNEL INFO 1146800 double-hummer,- <LARGE_INT> <*> <*> <DATE><FLOAT>.<FLOAT> <*> RAS KERNEL <*> <*> <*>,"{""LARGE_INT"": ""1120267083"", ""*"": ""double-hummer"", ""DATE"": ""2"", ""FLOAT"": ""18.03.046965""}",1,4
run_BGL_sample_20260521T043549_42,2026-05-21T04:35:49.997880+00:00,- 1120351622 2005.07.02 R05-M0-NF-C:J09-U11 2005-07-02-17.47.02.835483 R05-M0-NF-C:J09-U11 RAS KERNEL INFO generating core.1114,- <LARGE_INT> <*> <*> <DATE><FLOAT>.<FLOAT> <*> RAS KERNEL <*> <*> <*>,"{""LARGE_INT"": ""1120351622"", ""*"": ""core.1114"", ""DATE"": ""2"", ""FLOAT"": ""47.02.835483""}",1,4
run_BGL_sample_20260521T043549_42,2026-05-21T04:35:49.997880+00:00,- 1120351629 2005.07.02 R04-M0-N9-C:J17-U01 2005-07-02-17.47.09.816142 R04-M0-N9-C:J17-U01 RAS KERNEL INFO generating core.848,- <LARGE_INT> <*> <*> <DATE><FLOAT>.<FLOAT> <*> RAS KERNEL <*> <*> <*>,"{""LARGE_INT"": ""1120351629"", ""*"": ""core.848"", ""DATE"": ""2"", ""FLOAT"": ""47.09.816142""}",1,4
run_BGL_sample_20260521T043549_42,2026-05-21T04:35:49.997880+00:00,- 1120351671 2005.07.02 R05-M1-NE-C:J12-U01 2005-07-02-17.47.51.984240 R05-M1-NE-C:J12-U01 RAS KERNEL INFO generating core.2117,- <LARGE_INT> <*> <*> <DATE><FLOAT>.<FLOAT> <*> RAS KERNEL <*> <*> <*>,"{""LARGE_INT"": ""1120351671"", ""*"": ""core.2117"", ""DATE"": ""2"", ""FLOAT"": ""47.51.984240""}",1,4
run_BGL_sample_20260521T043549_42,2026-05-21T04:35:49.997880+00:00,- 1120351682 2005.07.02 R04-M1-NE-C:J11-U11 2005-07-02-17.48.02.615045 R04-M1-NE-C:J11-U11 RAS KERNEL INFO generating core.3293,- <LARGE_INT> <*> <*> <DATE><FLOAT>.<FLOAT> <*> RAS KERNEL <*> <*> <*>,"{""LARGE_INT"": ""1120351682"", ""*"": ""core.3293"", ""DATE"": ""2"", ""FLOAT"": ""48.02.615045""}",1,4
run_BGL_sample_20260521T043549_42,2026-05-21T04:35:49.997880+00:00,- 1120351719 2005.07.02 R05-M0-NC-C:J04-U01 2005-07-02-17.48.39.742843 R05-M0-NC-C:J04-U01 RAS KERNEL INFO generating core.1351,- <LARGE_INT> <*> <*> <DATE><FLOAT>.<FLOAT> <*> RAS KERNEL <*> <*> <*>,"{""LARGE_INT"": ""1120351719"", ""*"": ""core.1351"", ""DATE"": ""2"", ""FLOAT"": ""48.39.742843""}",1,4
run_BGL_sample_20260521T043549_42,2026-05-21T04:35:49.997880+00:00,- 1120446972 2005.07.03 R36-M0-N6-C:J06-U01 2005-07-03-20.16.12.324256 R36-M0-N6-C:J06-U01 RAS KERNEL INFO generating core.17222,- <LARGE_INT> <*> <*> <DATE><FLOAT>.<FLOAT> <*> RAS KERNEL <*> <*> <*>,"{""LARGE_INT"": ""1120446972"", ""*"": ""core.17222"", ""DATE"": ""2"", ""FLOAT"": ""16.12.324256""}",1,4
run_BGL_sample_20260521T043549_42,2026-05-21T04:35:49.997880+00:00,- 1120446979 2005.07.03 R22-M1-N9-C:J15-U01 2005-07-03-20.16.19.279199 R22-M1-N9-C:J15-U01 RAS KERNEL INFO generating core.20392,- <LARGE_INT> <*> <*> <DATE><FLOAT>.<FLOAT> <*> RAS KERNEL <*> <*> <*>,"{""LARGE_INT"": ""1120446979"", ""*"": ""core.20392"", ""DATE"": ""2"", ""FLOAT"": ""16.19.279199""}",1,4
run_BGL_sample_20260521T043549_42,2026-05-21T04:35:49.997880+00:00,- 1120447005 2005.07.03 R26-M0-NA-C:J08-U11 2005-07-03-20.16.45.820915 R26-M0-NA-C:J08-U11 RAS KERNEL INFO generating core.31006,- <LARGE_INT> <*> <*> <DATE><FLOAT>.<FLOAT> <*> RAS KERNEL <*> <*> <*>,"{""LARGE_INT"": ""1120447005"", ""*"": ""core.31006"", ""DATE"": ""2"", ""FLOAT"": ""16.45.820915""}",1,4
run_BGL_sample_20260521T043549_42,2026-05-21T04:35:49.997880+00:00,- 1120447017 2005.07.03 R20-M1-N1-C:J15-U11 2005-07-03-20.16.57.187615 R20-M1-N1-C:J15-U11 RAS KERNEL INFO generating core.20088,- <LARGE_INT> <*> <*> <DATE><FLOAT>.<FLOAT> <*> RAS KERNEL <*> <*> <*>,"{""LARGE_INT"": ""1120447017"", ""*"": ""core.20088"", ""DATE"": ""2"", ""FLOAT"": ""16.57.187615""}",1,4
run_BGL_sample_20260521T043549_42,2026-05-21T04:35:49.997880+00:00,- 1120447042 2005.07.03 R37-M1-N3-C:J13-U11 2005-07-03-20.17.22.293433 R37-M1-N3-C:J13-U11 RAS KERNEL INFO generating core.26993,- <LARGE_INT> <*> <*> <DATE><FLOAT>.<FLOAT> <*> RAS KERNEL <*> <*> <*>,"{""LARGE_INT"": ""1120447042"", ""*"": ""core.26993"", ""DATE"": ""2"", ""FLOAT"": ""17.22.293433""}",1,4
run_BGL_sample_20260521T043549_42,2026-05-21T04:35:49.997880+00:00,- 1120447058 2005.07.03 R23-M1-N7-C:J08-U11 2005-07-03-20.17.38.727762 R23-M1-N7-C:J08-U11 RAS KERNEL INFO generating core.20954,- <LARGE_INT> <*> <*> <DATE><FLOAT>.<FLOAT> <*> RAS KERNEL <*> <*> <*>,"{""LARGE_INT"": ""1120447058"", ""*"": ""core.20954"", ""DATE"": ""2"", ""FLOAT"": ""17.38.727762""}",1,4
run_BGL_sample_20260521T043549_42,2026-05-21T04:35:49.997880+00:00,- 1120447377 2005.07.03 R23-M1-N5-C:J03-U11 2005-07-03-20.22.57.506170 R23-M1-N5-C:J03-U11 RAS KERNEL INFO generating core.6139,- <LARGE_INT> <*> <*> <DATE><FLOAT>.<FLOAT> <*> RAS KERNEL <*> <*> <*>,"{""LARGE_INT"": ""1120447377"", ""*"": ""core.6139"", ""DATE"": ""2"", ""FLOAT"": ""22.57.506170""}",1,4
run_BGL_sample_20260521T043549_42,2026-05-21T04:35:49.997880+00:00,- 1120447387 2005.07.03 R23-M0-N5-C:J10-U01 2005-07-03-20.23.07.488351 R23-M0-N5-C:J10-U01 RAS KERNEL INFO generating core.10185,- <LARGE_INT> <*> <*> <DATE><FLOAT>.<FLOAT> <*> RAS KERNEL <*> <*> <*>,"{""LARGE_INT"": ""1120447387"", ""*"": ""core.10185"", ""DATE"": ""2"", ""FLOAT"": ""23.07.488351""}",1,4
run_BGL_sample_20260521T043549_42,2026-05-21T04:35:49.997880+00:00,- 1120447451 2005.07.03 R32-M1-N5-C:J16-U11 2005-07-03-20.24.11.514321 R32-M1-N5-C:J16-U11 RAS KERNEL INFO generating core.13776,- <LARGE_INT> <*> <*> <DATE><FLOAT>.<FLOAT> <*> RAS KERNEL <*> <*> <*>,"{""LARGE_INT"": ""1120447451"", ""*"": ""core.13776"", ""DATE"": ""2"", ""FLOAT"": ""24.11.514321""}",1,4
run_BGL_sample_20260521T043549_42,2026-05-21T04:35:49.997880+00:00,- 1120447561 2005.07.03 R24-M1-N8-C:J16-U01 2005-07-03-20.26.01.608125 R24-M1-N8-C:J16-U01 RAS KERNEL INFO generating core.19596,- <LARGE_INT> <*> <*> <DATE><FLOAT>.<FLOAT> <*> RAS KERNEL <*> <*> <*>,"{""LARGE_INT"": ""1120447561"", ""*"": ""core.19596"", ""DATE"": ""2"", ""FLOAT"": ""26.01.608125""}",1,4
run_BGL_sample_20260521T043549_42,2026-05-21T04:35:49.997880+00:00,- 1120447592 2005.07.03 R34-M1-N0-C:J12-U01 2005-07-03-20.26.32.492671 R34-M1-N0-C:J12-U01 RAS KERNEL INFO generating core.15557,- <LARGE_INT> <*> <*> <DATE><FLOAT>.<FLOAT> <*> RAS KERNEL <*> <*> <*>,"{""LARGE_INT"": ""1120447592"", ""*"": ""core.15557"", ""DATE"": ""2"", ""FLOAT"": ""26.32.492671""}",1,4
run_BGL_sample_20260521T043549_42,2026-05-21T04:35:49.997880+00:00,- 1120449671 2005.07.03 R31-M0-N7-C:J13-U01 2005-07-03-21.01.11.603590 R31-M0-N7-C:J13-U01 RAS KERNEL INFO generating core.4193,- <LARGE_INT> <*> <*> <DATE><FLOAT>.<FLOAT> <*> RAS KERNEL <*> <*> <*>,"{""LARGE_INT"": ""1120449671"", ""*"": ""core.4193"", ""DATE"": ""2"", ""FLOAT"": ""01.11.603590""}",1,4
run_BGL_sample_20260521T043549_42,2026-05-21T04:35:49.997880+00:00,- 1120449678 2005.07.03 R37-M0-N1-C:J05-U11 2005-07-03-21.01.18.368546 R37-M0-N1-C:J05-U11 RAS KERNEL INFO generating core.7539,- <LARGE_INT> <*> <*> <DATE><FLOAT>.<FLOAT> <*> RAS KERNEL <*> <*> <*>,"{""LARGE_INT"": ""1120449678"", ""*"": ""core.7539"", ""DATE"": ""2"", ""FLOAT"": ""01.18.368546""}",1,4
run_BGL_sample_20260521T043549_42,2026-05-21T04:35:49.997880+00:00,- 1120449800 2005.07.03 R21-M1-ND-C:J14-U01 2005-07-03-21.03.20.655726 R21-M1-ND-C:J14-U01 RAS KERNEL INFO generating core.22024,- <LARGE_INT> <*> <*> <DATE><FLOAT>.<FLOAT> <*> RAS KERNEL <*> <*> <*>,"{""LARGE_INT"": ""1120449800"", ""*"": ""core.22024"", ""DATE"": ""2"", ""FLOAT"": ""03.20.655726""}",1,4
run_BGL_sample_20260521T043549_42,2026-05-21T04:35:49.997880+00:00,- 1120449840 2005.07.03 R27-M1-N3-C:J13-U11 2005-07-03-21.04.00.795038 R27-M1-N3-C:J13-U11 RAS KERNEL INFO generating core.22905,- <LARGE_INT> <*> <*> <DATE><FLOAT>.<FLOAT> <*> RAS KERNEL <*> <*> <*>,"{""LARGE_INT"": ""1120449840"", ""*"": ""core.22905"", ""DATE"": ""2"", ""FLOAT"": ""04.00.795038""}",1,4
run_BGL_sample_20260521T043549_42,2026-05-21T04:35:49.997880+00:00,- 1120449964 2005.07.03 R21-M0-N6-C:J04-U11 2005-07-03-21.06.04.793853 R21-M0-N6-C:J04-U11 RAS KERNEL INFO generating core.24671,- <LARGE_INT> <*> <*> <DATE><FLOAT>.<FLOAT> <*> RAS KERNEL <*> <*> <*>,"{""LARGE_INT"": ""1120449964"", ""*"": ""core.24671"", ""DATE"": ""2"", ""FLOAT"": ""06.04.793853""}",1,4
run_BGL_sample_20260521T043549_42,2026-05-21T04:35:49.997880+00:00,- 1120450102 2005.07.03 R22-M1-NC-C:J13-U11 2005-07-03-21.08.22.110006 R22-M1-NC-C:J13-U11 RAS KERNEL INFO generating core.17853,- <LARGE_INT> <*> <*> <DATE><FLOAT>.<FLOAT> <*> RAS KERNEL <*> <*> <*>,"{""LARGE_INT"": ""1120450102"", ""*"": ""core.17853"", ""DATE"": ""2"", ""FLOAT"": ""08.22.110006""}",1,4
run_BGL_sample_20260521T043549_42,2026-05-21T04:35:49.997880+00:00,- 1120469475 2005.07.04 R33-M1-N7-C:J15-U01 2005-07-04-02.31.15.977001 R33-M1-N7-C:J15-U01 RAS KERNEL INFO generating core.25568,- <LARGE_INT> <*> <*> <DATE><FLOAT>.<FLOAT> <*> RAS KERNEL <*> <*> <*>,"{""LARGE_INT"": ""1120469475"", ""*"": ""core.25568"", ""DATE"": ""2"", ""FLOAT"": ""31.15.977001""}",1,4
run_BGL_sample_20260521T043549_42,2026-05-21T04:35:49.997880+00:00,- 1120469605 2005.07.04 R21-M1-NB-C:J15-U01 2005-07-04-02.33.25.435620 R21-M1-NB-C:J15-U01 RAS KERNEL INFO generating core.23080,- <LARGE_INT> <*> <*> <DATE><FLOAT>.<FLOAT> <*> RAS KERNEL <*> <*> <*>,"{""LARGE_INT"": ""1120469605"", ""*"": ""core.23080"", ""DATE"": ""2"", ""FLOAT"": ""33.25.435620""}",1,4
run_BGL_sample_20260521T043549_42,2026-05-21T04:35:49.997880+00:00,- 1120469660 2005.07.04 R21-M0-ND-C:J02-U01 2005-07-04-02.34.20.029089 R21-M0-ND-C:J02-U01 RAS KERNEL INFO generating core.9739,- <LARGE_INT> <*> <*> <DATE><FLOAT>.<FLOAT> <*> RAS KERNEL <*> <*> <*>,"{""LARGE_INT"": ""1120469660"", ""*"": ""core.9739"", ""DATE"": ""2"", ""FLOAT"": ""34.20.029089""}",1,4
run_BGL_sample_20260521T043549_42,2026-05-21T04:35:49.997880+00:00,- 1120469698 2005.07.04 R31-M0-N9-C:J04-U11 2005-07-04-02.34.58.039555 R31-M0-N9-C:J04-U11 RAS KERNEL INFO generating core.7187,- <LARGE_INT> <*> <*> <DATE><FLOAT>.<FLOAT> <*> RAS KERNEL <*> <*> <*>,"{""LARGE_INT"": ""1120469698"", ""*"": ""core.7187"", ""DATE"": ""2"", ""FLOAT"": ""34.58.039555""}",1,4
run_BGL_sample_20260521T043549_42,2026-05-21T04:35:49.997880+00:00,- 1120469722 2005.07.04 R23-M1-NA-C:J06-U01 2005-07-04-02.35.22.626530 R23-M1-NA-C:J06-U01 RAS KERNEL INFO generating core.23438,- <LARGE_INT> <*> <*> <DATE><FLOAT>.<FLOAT> <*> RAS KERNEL <*> <*> <*>,"{""LARGE_INT"": ""1120469722"", ""*"": ""core.23438"", ""DATE"": ""2"", ""FLOAT"": ""35.22.626530""}",1,4
run_BGL_sample_20260521T043549_42,2026-05-21T04:35:49.997880+00:00,- 1120469778 2005.07.04 R25-M1-N1-C:J10-U01 2005-07-04-02.36.18.807780 R25-M1-N1-C:J10-U01 RAS KERNEL INFO generating core.7881,- <LARGE_INT> <*> <*> <DATE><FLOAT>.<FLOAT> <*> RAS KERNEL <*> <*> <*>,"{""LARGE_INT"": ""1120469778"", ""*"": ""core.7881"", ""DATE"": ""2"", ""FLOAT"": ""36.18.807780""}",1,4
run_BGL_sample_20260521T043549_42,2026-05-21T04:35:49.997880+00:00,- 1120486467 2005.07.04 R10-M1-N1-C:J09-U01 2005-07-04-07.14.27.442953 R10-M1-N1-C:J09-U01 RAS KERNEL INFO generating core.9778,- <LARGE_INT> <*> <*> <DATE><FLOAT>.<FLOAT> <*> RAS KERNEL <*> <*> <*>,"{""LARGE_INT"": ""1120486467"", ""*"": ""core.9778"", ""DATE"": ""2"", ""FLOAT"": ""14.27.442953""}",1,4
run_BGL_sample_20260521T043549_42,2026-05-21T04:35:49.997880+00:00,- 1120486586 2005.07.04 R12-M0-N1-C:J04-U11 2005-07-04-07.16.26.811512 R12-M0-N1-C:J04-U11 RAS KERNEL INFO generating core.7915,- <LARGE_INT> <*> <*> <DATE><FLOAT>.<FLOAT> <*> RAS KERNEL <*> <*> <*>,"{""LARGE_INT"": ""1120486586"", ""*"": ""core.7915"", ""DATE"": ""2"", ""FLOAT"": ""16.26.811512""}",1,4
run_BGL_sample_20260521T043549_42,2026-05-21T04:35:49.997880+00:00,- 1120486728 2005.07.04 R17-M1-N4-C:J07-U11 2005-07-04-07.18.48.526515 R17-M1-N4-C:J07-U11 RAS KERNEL INFO generating core.3006,- <LARGE_INT> <*> <*> <DATE><FLOAT>.<FLOAT> <*> RAS KERNEL <*> <*> <*>,"{""LARGE_INT"": ""1120486728"", ""*"": ""core.3006"", ""DATE"": ""2"", ""FLOAT"": ""18.48.526515""}",1,4
run_BGL_sample_20260521T043549_42,2026-05-21T04:35:49.997880+00:00,- 1120487288 2005.07.04 R36-M1-NB-C:J05-U01 2005-07-04-07.28.08.559194 R36-M1-NB-C:J05-U01 RAS KERNEL INFO generating core.14627,- <LARGE_INT> <*> <*> <DATE><FLOAT>.<FLOAT> <*> RAS KERNEL <*> <*> <*>,"{""LARGE_INT"": ""1120487288"", ""*"": ""core.14627"", ""DATE"": ""2"", ""FLOAT"": ""28.08.559194""}",1,4
run_BGL_sample_20260521T043549_42,2026-05-21T04:35:49.997880+00:00,- 1120487397 2005.07.04 R26-M1-NA-C:J17-U01 2005-07-04-07.29.57.172516 R26-M1-NA-C:J17-U01 RAS KERNEL INFO generating core.2348,- <LARGE_INT> <*> <*> <DATE><FLOAT>.<FLOAT> <*> RAS KERNEL <*> <*> <*>,"{""LARGE_INT"": ""1120487397"", ""*"": ""core.2348"", ""DATE"": ""2"", ""FLOAT"": ""29.57.172516""}",1,4
run_BGL_sample_20260521T043549_42,2026-05-21T04:35:49.997880+00:00,- 1120487464 2005.07.04 R34-M0-N7-C:J09-U01 2005-07-04-07.31.04.927617 R34-M0-N7-C:J09-U01 RAS KERNEL INFO generating core.226,- <LARGE_INT> <*> <*> <DATE><FLOAT>.<FLOAT> <*> RAS KERNEL <*> <*> <*>,"{""LARGE_INT"": ""1120487464"", ""*"": ""core.226"", ""DATE"": ""2"", ""FLOAT"": ""31.04.927617""}",1,4
run_BGL_sample_20260521T043549_42,2026-05-21T04:35:49.997880+00:00,- 1120487466 2005.07.04 R34-M0-N5-C:J04-U01 2005-07-04-07.31.06.190628 R34-M0-N5-C:J04-U01 RAS KERNEL INFO generating core.1219,- <LARGE_INT> <*> <*> <DATE><FLOAT>.<FLOAT> <*> RAS KERNEL <*> <*> <*>,"{""LARGE_INT"": ""1120487466"", ""*"": ""core.1219"", ""DATE"": ""2"", ""FLOAT"": ""31.06.190628""}",1,4
run_BGL_sample_20260521T043549_42,2026-05-21T04:35:49.997880+00:00,- 1120487503 2005.07.04 R25-M0-NE-C:J11-U01 2005-07-04-07.31.43.800074 R25-M0-NE-C:J11-U01 RAS KERNEL INFO generating core.8877,- <LARGE_INT> <*> <*> <DATE><FLOAT>.<FLOAT> <*> RAS KERNEL <*> <*> <*>,"{""LARGE_INT"": ""1120487503"", ""*"": ""core.8877"", ""DATE"": ""2"", ""FLOAT"": ""31.43.800074""}",1,4
run_BGL_sample_20260521T043549_42,2026-05-21T04:35:49.997880+00:00,- 1120487708 2005.07.04 R34-M1-N4-C:J09-U11 2005-07-04-07.35.08.890879 R34-M1-N4-C:J09-U11 RAS KERNEL INFO generating core.13558,- <LARGE_INT> <*> <*> <DATE><FLOAT>.<FLOAT> <*> RAS KERNEL <*> <*> <*>,"{""LARGE_INT"": ""1120487708"", ""*"": ""core.13558"", ""DATE"": ""2"", ""FLOAT"": ""35.08.890879""}",1,4
run_BGL_sample_20260521T043549_42,2026-05-21T04:35:49.997880+00:00,- 1120487796 2005.07.04 R02-M1-N8-C:J17-U01 2005-07-04-07.36.36.338885 R02-M1-N8-C:J17-U01 RAS KERNEL INFO generating core.404,- <LARGE_INT> <*> <*> <DATE><FLOAT>.<FLOAT> <*> RAS KERNEL <*> <*> <*>,"{""LARGE_INT"": ""1120487796"", ""*"": ""core.404"", ""DATE"": ""2"", ""FLOAT"": ""36.36.338885""}",1,4
run_BGL_sample_20260521T043549_42,2026-05-21T04:35:49.997880+00:00,- 1120591331 2005.07.05 R32-M0-N4-I:J18-U01 2005-07-05-12.22.11.843446 R32-M0-N4-I:J18-U01 RAS KERNEL INFO ciod: Missing or inva,- <LARGE_INT> <*> <*> <DATE><FLOAT>.<FLOAT> <*> <*> <*> INFO <*> <*> <*> <*>,"{""LARGE_INT"": ""1120591331"", ""*"": ""inva"", ""DATE"": ""2"", ""FLOAT"": ""22.11.843446""}",1,4
run_BGL_sample_20260521T043549_42,2026-05-21T04:35:49.997880+00:00,- 1120658382 2005.07.06 R27-M1-N1-C:J02-U11 2005-07-06-06.59.42.777345 R27-M1-N1-C:J02-U11 RAS KERNEL INFO 1 torus receiver z+ i,- <LARGE_INT> <*> <*> <DATE><FLOAT>.<FLOAT> <*> RAS KERNEL INFO <*> <*> <*> <*> <*>,"{""LARGE_INT"": ""1120658382"", ""*"": ""i"", ""DATE"": ""2"", ""FLOAT"": ""59.42.777345""}",1,4
run_BGL_sample_20260521T043549_42,2026-05-21T04:35:49.997880+00:00,- 1120746917 2005.07.07 R07-M0-N6-C:J03-U01 2005-07-07-07.35.17.360203 R07-M0-N6-C:J03-U01 RAS KERNEL INFO generating core.631,- <LARGE_INT> <*> <*> <DATE><FLOAT>.<FLOAT> <*> RAS KERNEL <*> <*> <*>,"{""LARGE_INT"": ""1120746917"", ""*"": ""core.631"", ""DATE"": ""2"", ""FLOAT"": ""35.17.360203""}",1,4
run_BGL_sample_20260521T043549_42,2026-05-21T04:35:49.997880+00:00,- 1120746970 2005.07.07 R07-M0-N0-C:J06-U01 2005-07-07-07.36.10.216237 R07-M0-N0-C:J06-U01 RAS KERNEL INFO generating core.998,- <LARGE_INT> <*> <*> <DATE><FLOAT>.<FLOAT> <*> RAS KERNEL <*> <*> <*>,"{""LARGE_INT"": ""1120746970"", ""*"": ""core.998"", ""DATE"": ""2"", ""FLOAT"": ""36.10.216237""}",1,4
run_BGL_sample_20260521T043549_42,2026-05-21T04:35:49.997880+00:00,- 1120748233 2005.07.07 R07-M1-N7-C:J10-U11 2005-07-07-07.57.13.121223 R07-M1-N7-C:J10-U11 RAS KERNEL INFO generating core.1129,- <LARGE_INT> <*> <*> <DATE><FLOAT>.<FLOAT> <*> RAS KERNEL <*> <*> <*>,"{""LARGE_INT"": ""1120748233"", ""*"": ""core.1129"", ""DATE"": ""2"", ""FLOAT"": ""57.13.121223""}",1,4
run_BGL_sample_20260521T043549_42,2026-05-21T04:35:49.997880+00:00,- 1120748250 2005.07.07 R06-M0-N1-C:J16-U11 2005-07-07-07.57.30.872998 R06-M0-N1-C:J16-U11 RAS KERNEL INFO generating core.424,- <LARGE_INT> <*> <*> <DATE><FLOAT>.<FLOAT> <*> RAS KERNEL <*> <*> <*>,"{""LARGE_INT"": ""1120748250"", ""*"": ""core.424"", ""DATE"": ""2"", ""FLOAT"": ""57.30.872998""}",1,4
run_BGL_sample_20260521T043549_42,2026-05-21T04:35:49.997880+00:00,- 1120772478 2005.07.07 R01-M0-N6-C:J11-U11 2005-07-07-14.41.18.953461 R01-M0-N6-C:J11-U11 RAS KERNEL INFO generating core.1213,- <LARGE_INT> <*> <*> <DATE><FLOAT>.<FLOAT> <*> RAS KERNEL <*> <*> <*>,"{""LARGE_INT"": ""1120772478"", ""*"": ""core.1213"", ""DATE"": ""2"", ""FLOAT"": ""41.18.953461""}",1,4
run_BGL_sample_20260521T043549_42,2026-05-21T04:35:49.997880+00:00,- 1120772499 2005.07.07 R01-M0-ND-C:J11-U11 2005-07-07-14.41.39.016623 R01-M0-ND-C:J11-U11 RAS KERNEL INFO generating core.1433,- <LARGE_INT> <*> <*> <DATE><FLOAT>.<FLOAT> <*> RAS KERNEL <*> <*> <*>,"{""LARGE_INT"": ""1120772499"", ""*"": ""core.1433"", ""DATE"": ""2"", ""FLOAT"": ""41.39.016623""}",1,4
run_BGL_sample_20260521T043549_42,2026-05-21T04:35:49.997880+00:00,- 1120772538 2005.07.07 R01-M1-N8-C:J06-U01 2005-07-07-14.42.18.270771 R01-M1-N8-C:J06-U01 RAS KERNEL INFO generating core.2950,- <LARGE_INT> <*> <*> <DATE><FLOAT>.<FLOAT> <*> RAS KERNEL <*> <*> <*>,"{""LARGE_INT"": ""1120772538"", ""*"": ""core.2950"", ""DATE"": ""2"", ""FLOAT"": ""42.18.270771""}",1,4
run_BGL_sample_20260521T043549_42,2026-05-21T04:35:49.997880+00:00,- 1120772792 2005.07.07 R00-M0-N4-C:J05-U11 2005-07-07-14.46.32.754236 R00-M0-N4-C:J05-U11 RAS KERNEL INFO generating core.319,- <LARGE_INT> <*> <*> <DATE><FLOAT>.<FLOAT> <*> RAS KERNEL <*> <*> <*>,"{""LARGE_INT"": ""1120772792"", ""*"": ""core.319"", ""DATE"": ""2"", ""FLOAT"": ""46.32.754236""}",1,4
run_BGL_sample_20260521T043549_42,2026-05-21T04:35:49.997880+00:00,- 1120772793 2005.07.07 R00-M0-N4-C:J04-U11 2005-07-07-14.46.33.219615 R00-M0-N4-C:J04-U11 RAS KERNEL INFO generating core.303,- <LARGE_INT> <*> <*> <DATE><FLOAT>.<FLOAT> <*> RAS KERNEL <*> <*> <*>,"{""LARGE_INT"": ""1120772793"", ""*"": ""core.303"", ""DATE"": ""2"", ""FLOAT"": ""46.33.219615""}",1,4
run_BGL_sample_20260521T043549_42,2026-05-21T04:35:49.997880+00:00,- 1120772805 2005.07.07 R05-M0-N8-C:J06-U11 2005-07-07-14.46.45.171689 R05-M0-N8-C:J06-U11 RAS KERNEL INFO generating core.1998,- <LARGE_INT> <*> <*> <DATE><FLOAT>.<FLOAT> <*> RAS KERNEL <*> <*> <*>,"{""LARGE_INT"": ""1120772805"", ""*"": ""core.1998"", ""DATE"": ""2"", ""FLOAT"": ""46.45.171689""}",1,4
run_BGL_sample_20260521T043549_42,2026-05-21T04:35:49.997880+00:00,- 1120776001 2005.07.07 R26-M0-N5-C:J12-U01 2005-07-07-15.40.01.608873 R26-M0-N5-C:J12-U01 RAS KERNEL INFO 632431728 double-humm,- <LARGE_INT> <*> <*> <DATE><FLOAT>.<FLOAT> <*> RAS KERNEL <*> <*> <*>,"{""LARGE_INT"": ""1120776001"", ""*"": ""double-humm"", ""DATE"": ""2"", ""FLOAT"": ""40.01.608873""}",1,4
run_BGL_sample_20260521T043549_42,2026-05-21T04:35:49.997880+00:00,- 1120776057 2005.07.07 R37-M0-NF-C:J17-U11 2005-07-07-15.40.57.457814 R37-M0-NF-C:J17-U11 RAS KERNEL INFO 634368144 double-humm,- <LARGE_INT> <*> <*> <DATE><FLOAT>.<FLOAT> <*> RAS KERNEL <*> <*> <*>,"{""LARGE_INT"": ""1120776057"", ""*"": ""double-humm"", ""DATE"": ""2"", ""FLOAT"": ""40.57.457814""}",1,4
run_BGL_sample_20260521T043549_42,2026-05-21T04:35:49.997880+00:00,- 1120776186 2005.07.07 R24-M0-NE-C:J03-U11 2005-07-07-15.43.06.075797 R24-M0-NE-C:J03-U11 RAS KERNEL INFO 632254896 double-humm,- <LARGE_INT> <*> <*> <DATE><FLOAT>.<FLOAT> <*> RAS KERNEL <*> <*> <*>,"{""LARGE_INT"": ""1120776186"", ""*"": ""double-humm"", ""DATE"": ""2"", ""FLOAT"": ""43.06.075797""}",1,4
run_BGL_sample_20260521T043549_42,2026-05-21T04:35:49.997880+00:00,- 1120776206 2005.07.07 R20-M0-N5-C:J16-U01 2005-07-07-15.43.26.852210 R20-M0-N5-C:J16-U01 RAS KERNEL INFO 633283776 double-humm,- <LARGE_INT> <*> <*> <DATE><FLOAT>.<FLOAT> <*> RAS KERNEL <*> <*> <*>,"{""LARGE_INT"": ""1120776206"", ""*"": ""double-humm"", ""DATE"": ""2"", ""FLOAT"": ""43.26.852210""}",1,4
run_BGL_sample_20260521T043549_42,2026-05-21T04:35:49.997880+00:00,- 1120786826 2005.07.07 R12-M1-NF-C:J13-U01 2005-07-07-18.40.26.584600 R12-M1-NF-C:J13-U01 RAS KERNEL INFO generating core.841,- <LARGE_INT> <*> <*> <DATE><FLOAT>.<FLOAT> <*> RAS KERNEL <*> <*> <*>,"{""LARGE_INT"": ""1120786826"", ""*"": ""core.841"", ""DATE"": ""2"", ""FLOAT"": ""40.26.584600""}",1,4
run_BGL_sample_20260521T043549_42,2026-05-21T04:35:49.997880+00:00,- 1120786879 2005.07.07 R12-M1-NE-C:J04-U11 2005-07-07-18.41.19.670878 R12-M1-NE-C:J04-U11 RAS KERNEL INFO generating core.815,- <LARGE_INT> <*> <*> <DATE><FLOAT>.<FLOAT> <*> RAS KERNEL <*> <*> <*>,"{""LARGE_INT"": ""1120786879"", ""*"": ""core.815"", ""DATE"": ""2"", ""FLOAT"": ""41.19.670878""}",1,4
run_BGL_sample_20260521T043549_42,2026-05-21T04:35:49.997880+00:00,- 1120786954 2005.07.07 R04-M1-N7-C:J08-U11 2005-07-07-18.42.34.152599 R04-M1-N7-C:J08-U11 RAS KERNEL INFO generating core.57762,- <LARGE_INT> <*> <*> <DATE><FLOAT>.<FLOAT> <*> RAS KERNEL <*> <*> <*>,"{""LARGE_INT"": ""1120786954"", ""*"": ""core.57762"", ""DATE"": ""2"", ""FLOAT"": ""42.34.152599""}",1,4
run_BGL_sample_20260521T043549_42,2026-05-21T04:35:49.997880+00:00,- 1120787008 2005.07.07 R14-M1-NC-C:J15-U11 2005-07-07-18.43.28.027906 R14-M1-NC-C:J15-U11 RAS KERNEL INFO generating core.3436,- <LARGE_INT> <*> <*> <DATE><FLOAT>.<FLOAT> <*> RAS KERNEL <*> <*> <*>,"{""LARGE_INT"": ""1120787008"", ""*"": ""core.3436"", ""DATE"": ""2"", ""FLOAT"": ""43.28.027906""}",1,4
run_BGL_sample_20260521T043549_42,2026-05-21T04:35:49.997880+00:00,- 1120788451 2005.07.07 R34-M0-N3-C:J17-U11 2005-07-07-19.07.31.240935 R34-M0-N3-C:J17-U11 RAS KERNEL INFO generating core.4592,- <LARGE_INT> <*> <*> <DATE><FLOAT>.<FLOAT> <*> RAS KERNEL <*> <*> <*>,"{""LARGE_INT"": ""1120788451"", ""*"": ""core.4592"", ""DATE"": ""2"", ""FLOAT"": ""07.31.240935""}",1,4
run_BGL_sample_20260521T043549_42,2026-05-21T04:35:49.997880+00:00,- 1120788495 2005.07.07 R30-M0-N6-C:J12-U01 2005-07-07-19.08.15.840409 R30-M0-N6-C:J12-U01 RAS KERNEL INFO generating core.149,- <LARGE_INT> <*> <*> <DATE><FLOAT>.<FLOAT> <*> RAS KERNEL <*> <*> <*>,"{""LARGE_INT"": ""1120788495"", ""*"": ""core.149"", ""DATE"": ""2"", ""FLOAT"": ""08.15.840409""}",1,4
run_BGL_sample_20260521T043549_42,2026-05-21T04:35:49.997880+00:00,- 1120788544 2005.07.07 R10-M0-NB-C:J02-U11 2005-07-07-19.09.04.167736 R10-M0-NB-C:J02-U11 RAS KERNEL INFO generating core.62507,- <LARGE_INT> <*> <*> <DATE><FLOAT>.<FLOAT> <*> RAS KERNEL <*> <*> <*>,"{""LARGE_INT"": ""1120788544"", ""*"": ""core.62507"", ""DATE"": ""2"", ""FLOAT"": ""09.04.167736""}",1,4
run_BGL_sample_20260521T043549_42,2026-05-21T04:35:49.997880+00:00,- 1120788590 2005.07.07 R12-M1-NE-C:J02-U01 2005-07-07-19.09.50.668802 R12-M1-NE-C:J02-U01 RAS KERNEL INFO generating core.1807,- <LARGE_INT> <*> <*> <DATE><FLOAT>.<FLOAT> <*> RAS KERNEL <*> <*> <*>,"{""LARGE_INT"": ""1120788590"", ""*"": ""core.1807"", ""DATE"": ""2"", ""FLOAT"": ""09.50.668802""}",1,4
run_BGL_sample_20260521T043549_42,2026-05-21T04:35:49.997880+00:00,- 1120889703 2005.07.08 R05-M0-N2 2005-07-08-23.15.03.798449 R05-M0-N2 NULL DISCOVERY WARNING Node card is not fully functional,- <LARGE_INT> <*> <*> <DATE><FLOAT>.<FLOAT> <*> NULL DISCOVERY <*> <*> <*> <*> <*> <*> <*>,"{""LARGE_INT"": ""1120889703"", ""*"": ""functional"", ""DATE"": ""2"", ""FLOAT"": ""15.03.798449""}",1,4
run_BGL_sample_20260521T043549_42,2026-05-21T04:35:49.997880+00:00,- 1120908821 2005.07.09 R20-M0-N8-I:J18-U01 2005-07-09-04.33.41.091472 R20-M0-N8-I:J18-U01 RAS KERNEL INFO ciod: duplicate canon,- <LARGE_INT> <*> <*> <DATE><FLOAT>.<FLOAT> <*> RAS <*> <*> <*> <*> <*>,"{""LARGE_INT"": ""1120908821"", ""*"": ""canon"", ""DATE"": ""2"", ""FLOAT"": ""33.41.091472""}",1,4
run_BGL_sample_20260521T043549_42,2026-05-21T04:35:49.997880+00:00,- 1120909906 2005.07.09 R16-M1-NC-I:J18-U11 2005-07-09-04.51.46.753675 R16-M1-NC-I:J18-U11 RAS APP FATAL ciod: Error creating no,- <LARGE_INT> <*> <*> <DATE><FLOAT>.<FLOAT> <*> RAS <*> <*> <*> <*> <*> <*>,"{""LARGE_INT"": ""1120909906"", ""*"": ""no"", ""DATE"": ""2"", ""FLOAT"": ""51.46.753675""}",1,4
run_BGL_sample_20260521T043549_42,2026-05-21T04:35:49.997880+00:00,- 1120917279 2005.07.09 R16-M1-N2-C:J15-U01 2005-07-09-06.54.39.086324 R16-M1-N2-C:J15-U01 RAS KERNEL INFO generating core.9652,- <LARGE_INT> <*> <*> <DATE><FLOAT>.<FLOAT> <*> RAS KERNEL <*> <*> <*>,"{""LARGE_INT"": ""1120917279"", ""*"": ""core.9652"", ""DATE"": ""2"", ""FLOAT"": ""54.39.086324""}",1,4
run_BGL_sample_20260521T043549_42,2026-05-21T04:35:49.997880+00:00,- 1120917299 2005.07.09 R17-M1-ND-C:J07-U01 2005-07-09-06.54.59.161891 R17-M1-ND-C:J07-U01 RAS KERNEL INFO generating core.11154,- <LARGE_INT> <*> <*> <DATE><FLOAT>.<FLOAT> <*> RAS KERNEL <*> <*> <*>,"{""LARGE_INT"": ""1120917299"", ""*"": ""core.11154"", ""DATE"": ""2"", ""FLOAT"": ""54.59.161891""}",1,4
run_BGL_sample_20260521T043549_42,2026-05-21T04:35:49.997880+00:00,- 1120923499 2005.07.09 R33-M0-N9-C:J04-U11 2005-07-09-08.38.19.481016 R33-M0-N9-C:J04-U11 RAS KERNEL INFO generating core.7571,- <LARGE_INT> <*> <*> <DATE><FLOAT>.<FLOAT> <*> RAS KERNEL <*> <*> <*>,"{""LARGE_INT"": ""1120923499"", ""*"": ""core.7571"", ""DATE"": ""2"", ""FLOAT"": ""38.19.481016""}",1,4
run_BGL_sample_20260521T043549_42,2026-05-21T04:35:49.997880+00:00,- 1120923521 2005.07.09 R20-M0-N6-C:J16-U01 2005-07-09-08.38.41.325656 R20-M0-N6-C:J16-U01 RAS KERNEL INFO generating core.12364,- <LARGE_INT> <*> <*> <DATE><FLOAT>.<FLOAT> <*> RAS KERNEL <*> <*> <*>,"{""LARGE_INT"": ""1120923521"", ""*"": ""core.12364"", ""DATE"": ""2"", ""FLOAT"": ""38.41.325656""}",1,4
run_BGL_sample_20260521T043549_42,2026-05-21T04:35:49.997880+00:00,- 1120924431 2005.07.09 R22-M0-N5-C:J13-U11 2005-07-09-08.53.51.797283 R22-M0-N5-C:J13-U11 RAS KERNEL INFO generating core.13817,- <LARGE_INT> <*> <*> <DATE><FLOAT>.<FLOAT> <*> RAS KERNEL <*> <*> <*>,"{""LARGE_INT"": ""1120924431"", ""*"": ""core.13817"", ""DATE"": ""2"", ""FLOAT"": ""53.51.797283""}",1,4
run_BGL_sample_20260521T043549_42,2026-05-21T04:35:49.997880+00:00,- 1120924519 2005.07.09 R20-M0-NA-C:J12-U01 2005-07-09-08.55.19.014398 R20-M0-NA-C:J12-U01 RAS KERNEL INFO generating core.14349,- <LARGE_INT> <*> <*> <DATE><FLOAT>.<FLOAT> <*> RAS KERNEL <*> <*> <*>,"{""LARGE_INT"": ""1120924519"", ""*"": ""core.14349"", ""DATE"": ""2"", ""FLOAT"": ""55.19.014398""}",1,4
run_BGL_sample_20260521T043549_42,2026-05-21T04:35:49.997880+00:00,- 1120924566 2005.07.09 R35-M1-N7-C:J10-U01 2005-07-09-08.56.06.557539 R35-M1-N7-C:J10-U01 RAS KERNEL INFO generating core.8897,- <LARGE_INT> <*> <*> <DATE><FLOAT>.<FLOAT> <*> RAS KERNEL <*> <*> <*>,"{""LARGE_INT"": ""1120924566"", ""*"": ""core.8897"", ""DATE"": ""2"", ""FLOAT"": ""56.06.557539""}",1,4
run_BGL_sample_20260521T043549_42,2026-05-21T04:35:49.997880+00:00,- 1120928196 2005.07.09 R27-M1-N9-C:J06-U01 2005-07-09-09.56.36.409760 R27-M1-N9-C:J06-U01 RAS KERNEL INFO generating core.7946,- <LARGE_INT> <*> <*> <DATE><FLOAT>.<FLOAT> <*> RAS KERNEL <*> <*> <*>,"{""LARGE_INT"": ""1120928196"", ""*"": ""core.7946"", ""DATE"": ""2"", ""FLOAT"": ""56.36.409760""}",1,4
run_BGL_sample_20260521T043549_42,2026-05-21T04:35:49.997880+00:00,- 1120928280 2005.07.09 R21-M0-NB-C:J05-U11 2005-07-09-09.58.00.188544 R21-M0-NB-C:J05-U11 RAS KERNEL INFO generating core.10299,- <LARGE_INT> <*> <*> <DATE><FLOAT>.<FLOAT> <*> RAS KERNEL <*> <*> <*>,"{""LARGE_INT"": ""1120928280"", ""*"": ""core.10299"", ""DATE"": ""2"", ""FLOAT"": ""58.00.188544""}",1,4
run_BGL_sample_20260521T043549_42,2026-05-21T04:35:49.997880+00:00,- 1120928332 2005.07.09 R25-M0-N4-C:J10-U11 2005-07-09-09.58.52.758252 R25-M0-N4-C:J10-U11 RAS KERNEL INFO generating core.9949,- <LARGE_INT> <*> <*> <DATE><FLOAT>.<FLOAT> <*> RAS KERNEL <*> <*> <*>,"{""LARGE_INT"": ""1120928332"", ""*"": ""core.9949"", ""DATE"": ""2"", ""FLOAT"": ""58.52.758252""}",1,4
run_BGL_sample_20260521T043549_42,2026-05-21T04:35:49.997880+00:00,- 1120928349 2005.07.09 R25-M0-N0-C:J15-U01 2005-07-09-09.59.09.533825 R25-M0-N0-C:J15-U01 RAS KERNEL INFO generating core.12012,- <LARGE_INT> <*> <*> <DATE><FLOAT>.<FLOAT> <*> RAS KERNEL <*> <*> <*>,"{""LARGE_INT"": ""1120928349"", ""*"": ""core.12012"", ""DATE"": ""2"", ""FLOAT"": ""59.09.533825""}",1,4
run_BGL_sample_20260521T043549_42,2026-05-21T04:35:49.997880+00:00,- 1120929103 2005.07.09 R14-M1-ND-C:J03-U11 2005-07-09-10.11.43.673631 R14-M1-ND-C:J03-U11 RAS KERNEL INFO generating core.9051,- <LARGE_INT> <*> <*> <DATE><FLOAT>.<FLOAT> <*> RAS KERNEL <*> <*> <*>,"{""LARGE_INT"": ""1120929103"", ""*"": ""core.9051"", ""DATE"": ""2"", ""FLOAT"": ""11.43.673631""}",1,4
run_BGL_sample_20260521T043549_42,2026-05-21T04:35:49.997880+00:00,- 1120929257 2005.07.09 R14-M0-N9-C:J16-U11 2005-07-09-10.14.17.214294 R14-M0-N9-C:J16-U11 RAS KERNEL INFO generating core.7752,- <LARGE_INT> <*> <*> <DATE><FLOAT>.<FLOAT> <*> RAS KERNEL <*> <*> <*>,"{""LARGE_INT"": ""1120929257"", ""*"": ""core.7752"", ""DATE"": ""2"", ""FLOAT"": ""14.17.214294""}",1,4
run_BGL_sample_20260521T043549_42,2026-05-21T04:35:49.997880+00:00,- 1120929262 2005.07.09 R11-M1-N5-C:J12-U11 2005-07-09-10.14.22.332626 R11-M1-N5-C:J12-U11 RAS KERNEL INFO generating core.10793,- <LARGE_INT> <*> <*> <DATE><FLOAT>.<FLOAT> <*> RAS KERNEL <*> <*> <*>,"{""LARGE_INT"": ""1120929262"", ""*"": ""core.10793"", ""DATE"": ""2"", ""FLOAT"": ""14.22.332626""}",1,4
run_BGL_sample_20260521T043549_42,2026-05-21T04:35:49.997880+00:00,- 1120931195 2005.07.09 R20-M0-NE-C:J05-U01 2005-07-09-10.46.35.976265 R20-M0-NE-C:J05-U01 RAS KERNEL INFO generating core.24671,- <LARGE_INT> <*> <*> <DATE><FLOAT>.<FLOAT> <*> RAS KERNEL <*> <*> <*>,"{""LARGE_INT"": ""1120931195"", ""*"": ""core.24671"", ""DATE"": ""2"", ""FLOAT"": ""46.35.976265""}",1,4
run_BGL_sample_20260521T043549_42,2026-05-21T04:35:49.997880+00:00,- 1120931199 2005.07.09 R31-M0-NF-C:J04-U01 2005-07-09-10.46.39.218896 R31-M0-NF-C:J04-U01 RAS KERNEL INFO generating core.40979,- <LARGE_INT> <*> <*> <DATE><FLOAT>.<FLOAT> <*> RAS KERNEL <*> <*> <*>,"{""LARGE_INT"": ""1120931199"", ""*"": ""core.40979"", ""DATE"": ""2"", ""FLOAT"": ""46.39.218896""}",1,4
run_BGL_sample_20260521T043549_42,2026-05-21T04:35:49.997880+00:00,- 1120931244 2005.07.09 R37-M1-N7-C:J11-U01 2005-07-09-10.47.24.204096 R37-M1-N7-C:J11-U01 RAS KERNEL INFO generating core.18129,- <LARGE_INT> <*> <*> <DATE><FLOAT>.<FLOAT> <*> RAS KERNEL <*> <*> <*>,"{""LARGE_INT"": ""1120931244"", ""*"": ""core.18129"", ""DATE"": ""2"", ""FLOAT"": ""47.24.204096""}",1,4
run_BGL_sample_20260521T043549_42,2026-05-21T04:35:49.997880+00:00,- 1120931305 2005.07.09 R27-M1-N9-C:J09-U11 2005-07-09-10.48.25.280918 R27-M1-N9-C:J09-U11 RAS KERNEL INFO generating core.47738,- <LARGE_INT> <*> <*> <DATE><FLOAT>.<FLOAT> <*> RAS KERNEL <*> <*> <*>,"{""LARGE_INT"": ""1120931305"", ""*"": ""core.47738"", ""DATE"": ""2"", ""FLOAT"": ""48.25.280918""}",1,4
run_BGL_sample_20260521T043549_42,2026-05-21T04:35:49.997880+00:00,- 1120931338 2005.07.09 R21-M1-NE-C:J11-U11 2005-07-09-10.48.58.719782 R21-M1-NE-C:J11-U11 RAS KERNEL INFO generating core.42109,- <LARGE_INT> <*> <*> <DATE><FLOAT>.<FLOAT> <*> RAS KERNEL <*> <*> <*>,"{""LARGE_INT"": ""1120931338"", ""*"": ""core.42109"", ""DATE"": ""2"", ""FLOAT"": ""48.58.719782""}",1,4
run_BGL_sample_20260521T043549_42,2026-05-21T04:35:49.997880+00:00,- 1120931379 2005.07.09 R26-M1-N9-C:J08-U01 2005-07-09-10.49.39.479084 R26-M1-N9-C:J08-U01 RAS KERNEL INFO generating core.6682,- <LARGE_INT> <*> <*> <DATE><FLOAT>.<FLOAT> <*> RAS KERNEL <*> <*> <*>,"{""LARGE_INT"": ""1120931379"", ""*"": ""core.6682"", ""DATE"": ""2"", ""FLOAT"": ""49.39.479084""}",1,4
run_BGL_sample_20260521T043549_42,2026-05-21T04:35:49.997880+00:00,- 1120931429 2005.07.09 R24-M1-N1-C:J15-U11 2005-07-09-10.50.29.748945 R24-M1-N1-C:J15-U11 RAS KERNEL INFO generating core.7672,- <LARGE_INT> <*> <*> <DATE><FLOAT>.<FLOAT> <*> RAS KERNEL <*> <*> <*>,"{""LARGE_INT"": ""1120931429"", ""*"": ""core.7672"", ""DATE"": ""2"", ""FLOAT"": ""50.29.748945""}",1,4
run_BGL_sample_20260521T043549_42,2026-05-21T04:35:49.997880+00:00,- 1120931465 2005.07.09 R31-M0-N9-C:J08-U01 2005-07-09-10.51.05.319040 R31-M0-N9-C:J08-U01 RAS KERNEL INFO generating core.47122,- <LARGE_INT> <*> <*> <DATE><FLOAT>.<FLOAT> <*> RAS KERNEL <*> <*> <*>,"{""LARGE_INT"": ""1120931465"", ""*"": ""core.47122"", ""DATE"": ""2"", ""FLOAT"": ""51.05.319040""}",1,4
run_BGL_sample_20260521T043549_42,2026-05-21T04:35:49.997880+00:00,- 1120931504 2005.07.09 R31-M1-NE-C:J11-U01 2005-07-09-10.51.44.555371 R31-M1-NE-C:J11-U01 RAS KERNEL INFO generating core.17493,- <LARGE_INT> <*> <*> <DATE><FLOAT>.<FLOAT> <*> RAS KERNEL <*> <*> <*>,"{""LARGE_INT"": ""1120931504"", ""*"": ""core.17493"", ""DATE"": ""2"", ""FLOAT"": ""51.44.555371""}",1,4
run_BGL_sample_20260521T043549_42,2026-05-21T04:35:49.997880+00:00,- 1120932365 2005.07.09 R31-M1-N9-C:J15-U11 2005-07-09-11.06.05.052923 R31-M1-N9-C:J15-U11 RAS KERNEL INFO generating core.23664,- <LARGE_INT> <*> <*> <DATE><FLOAT>.<FLOAT> <*> RAS KERNEL <*> <*> <*>,"{""LARGE_INT"": ""1120932365"", ""*"": ""core.23664"", ""DATE"": ""2"", ""FLOAT"": ""06.05.052923""}",1,4
run_BGL_sample_20260521T043549_42,2026-05-21T04:35:49.997880+00:00,- 1120932577 2005.07.09 R03-M1-ND-C:J17-U11 2005-07-09-11.09.37.100403 R03-M1-ND-C:J17-U11 RAS KERNEL INFO generating core.19296,- <LARGE_INT> <*> <*> <DATE><FLOAT>.<FLOAT> <*> RAS KERNEL <*> <*> <*>,"{""LARGE_INT"": ""1120932577"", ""*"": ""core.19296"", ""DATE"": ""2"", ""FLOAT"": ""09.37.100403""}",1,4
run_BGL_sample_20260521T043549_42,2026-05-21T04:35:49.997880+00:00,- 1120932589 2005.07.09 R24-M1-N1-C:J12-U01 2005-07-09-11.09.49.772584 R24-M1-N1-C:J12-U01 RAS KERNEL INFO generating core.6553,- <LARGE_INT> <*> <*> <DATE><FLOAT>.<FLOAT> <*> RAS KERNEL <*> <*> <*>,"{""LARGE_INT"": ""1120932589"", ""*"": ""core.6553"", ""DATE"": ""2"", ""FLOAT"": ""09.49.772584""}",1,4
run_BGL_sample_20260521T043549_42,2026-05-21T04:35:49.997880+00:00,- 1120932594 2005.07.09 R01-M1-N9-C:J14-U01 2005-07-09-11.09.54.062141 R01-M1-N9-C:J14-U01 RAS KERNEL INFO generating core.56320,- <LARGE_INT> <*> <*> <DATE><FLOAT>.<FLOAT> <*> RAS KERNEL <*> <*> <*>,"{""LARGE_INT"": ""1120932594"", ""*"": ""core.56320"", ""DATE"": ""2"", ""FLOAT"": ""09.54.062141""}",1,4
run_BGL_sample_20260521T043549_42,2026-05-21T04:35:49.997880+00:00,- 1120932606 2005.07.09 R36-M0-N5-C:J15-U11 2005-07-09-11.10.06.424632 R36-M0-N5-C:J15-U11 RAS KERNEL INFO generating core.3824,- <LARGE_INT> <*> <*> <DATE><FLOAT>.<FLOAT> <*> RAS KERNEL <*> <*> <*>,"{""LARGE_INT"": ""1120932606"", ""*"": ""core.3824"", ""DATE"": ""2"", ""FLOAT"": ""10.06.424632""}",1,4
run_BGL_sample_20260521T043549_42,2026-05-21T04:35:49.997880+00:00,- 1120932622 2005.07.09 R36-M0-N2-C:J10-U01 2005-07-09-11.10.22.118843 R36-M0-N2-C:J10-U01 RAS KERNEL INFO generating core.5781,- <LARGE_INT> <*> <*> <DATE><FLOAT>.<FLOAT> <*> RAS KERNEL <*> <*> <*>,"{""LARGE_INT"": ""1120932622"", ""*"": ""core.5781"", ""DATE"": ""2"", ""FLOAT"": ""10.22.118843""}",1,4
run_BGL_sample_20260521T043549_42,2026-05-21T04:35:49.997880+00:00,- 1120932658 2005.07.09 R33-M1-N2-C:J02-U01 2005-07-09-11.10.58.820525 R33-M1-N2-C:J02-U01 RAS KERNEL INFO generating core.55191,- <LARGE_INT> <*> <*> <DATE><FLOAT>.<FLOAT> <*> RAS KERNEL <*> <*> <*>,"{""LARGE_INT"": ""1120932658"", ""*"": ""core.55191"", ""DATE"": ""2"", ""FLOAT"": ""10.58.820525""}",1,4
run_BGL_sample_20260521T043549_42,2026-05-21T04:35:49.997880+00:00,- 1120932709 2005.07.09 R20-M1-N2-C:J10-U11 2005-07-09-11.11.49.090815 R20-M1-N2-C:J10-U11 RAS KERNEL INFO generating core.38077,- <LARGE_INT> <*> <*> <DATE><FLOAT>.<FLOAT> <*> RAS KERNEL <*> <*> <*>,"{""LARGE_INT"": ""1120932709"", ""*"": ""core.38077"", ""DATE"": ""2"", ""FLOAT"": ""11.49.090815""}",1,4
run_BGL_sample_20260521T043549_42,2026-05-21T04:35:49.997880+00:00,- 1120932758 2005.07.09 R37-M0-NE-C:J13-U01 2005-07-09-11.12.38.927629 R37-M0-NE-C:J13-U01 RAS KERNEL INFO generating core.41557,- <LARGE_INT> <*> <*> <DATE><FLOAT>.<FLOAT> <*> RAS KERNEL <*> <*> <*>,"{""LARGE_INT"": ""1120932758"", ""*"": ""core.41557"", ""DATE"": ""2"", ""FLOAT"": ""12.38.927629""}",1,4
run_BGL_sample_20260521T043549_42,2026-05-21T04:35:49.997880+00:00,- 1120932797 2005.07.09 R26-M1-N5-C:J02-U11 2005-07-09-11.13.17.589543 R26-M1-N5-C:J02-U11 RAS KERNEL INFO generating core.36539,- <LARGE_INT> <*> <*> <DATE><FLOAT>.<FLOAT> <*> RAS KERNEL <*> <*> <*>,"{""LARGE_INT"": ""1120932797"", ""*"": ""core.36539"", ""DATE"": ""2"", ""FLOAT"": ""13.17.589543""}",1,4
run_BGL_sample_20260521T043549_42,2026-05-21T04:35:49.997880+00:00,- 1120933688 2005.07.09 R27-M0-N4-C:J16-U11 2005-07-09-11.28.08.835803 R27-M0-N4-C:J16-U11 RAS KERNEL INFO generating core.51900,- <LARGE_INT> <*> <*> <DATE><FLOAT>.<FLOAT> <*> RAS KERNEL <*> <*> <*>,"{""LARGE_INT"": ""1120933688"", ""*"": ""core.51900"", ""DATE"": ""2"", ""FLOAT"": ""28.08.835803""}",1,4
run_BGL_sample_20260521T043549_42,2026-05-21T04:35:49.997880+00:00,- 1120933818 2005.07.09 R20-M1-N7-C:J09-U11 2005-07-09-11.30.18.267700 R20-M1-N7-C:J09-U11 RAS KERNEL INFO generating core.33018,- <LARGE_INT> <*> <*> <DATE><FLOAT>.<FLOAT> <*> RAS KERNEL <*> <*> <*>,"{""LARGE_INT"": ""1120933818"", ""*"": ""core.33018"", ""DATE"": ""2"", ""FLOAT"": ""30.18.267700""}",1,4
run_BGL_sample_20260521T043549_42,2026-05-21T04:35:49.997880+00:00,- 1120933839 2005.07.09 R26-M0-N3-C:J13-U11 2005-07-09-11.30.39.600360 R26-M0-N3-C:J13-U11 RAS KERNEL INFO generating core.29433,- <LARGE_INT> <*> <*> <DATE><FLOAT>.<FLOAT> <*> RAS KERNEL <*> <*> <*>,"{""LARGE_INT"": ""1120933839"", ""*"": ""core.29433"", ""DATE"": ""2"", ""FLOAT"": ""30.39.600360""}",1,4
run_BGL_sample_20260521T043549_42,2026-05-21T04:35:49.997880+00:00,- 1120934002 2005.07.09 R24-M1-N5-C:J14-U01 2005-07-09-11.33.22.478541 R24-M1-N5-C:J14-U01 RAS KERNEL INFO generating core.36248,- <LARGE_INT> <*> <*> <DATE><FLOAT>.<FLOAT> <*> RAS KERNEL <*> <*> <*>,"{""LARGE_INT"": ""1120934002"", ""*"": ""core.36248"", ""DATE"": ""2"", ""FLOAT"": ""33.22.478541""}",1,4
run_BGL_sample_20260521T043549_42,2026-05-21T04:35:49.997880+00:00,- 1120934069 2005.07.09 R21-M1-NF-C:J17-U11 2005-07-09-11.34.29.833311 R21-M1-NF-C:J17-U11 RAS KERNEL INFO generating core.41080,- <LARGE_INT> <*> <*> <DATE><FLOAT>.<FLOAT> <*> RAS KERNEL <*> <*> <*>,"{""LARGE_INT"": ""1120934069"", ""*"": ""core.41080"", ""DATE"": ""2"", ""FLOAT"": ""34.29.833311""}",1,4
run_BGL_sample_20260521T043549_42,2026-05-21T04:35:49.997880+00:00,- 1120934108 2005.07.09 R36-M1-NE-C:J08-U01 2005-07-09-11.35.08.564220 R36-M1-NE-C:J08-U01 RAS KERNEL INFO generating core.57878,- <LARGE_INT> <*> <*> <DATE><FLOAT>.<FLOAT> <*> RAS KERNEL <*> <*> <*>,"{""LARGE_INT"": ""1120934108"", ""*"": ""core.57878"", ""DATE"": ""2"", ""FLOAT"": ""35.08.564220""}",1,4
run_BGL_sample_20260521T043549_42,2026-05-21T04:35:49.997880+00:00,- 1120934392 2005.07.09 R30-M0-N6-C:J13-U11 2005-07-09-11.39.52.674271 R30-M0-N6-C:J13-U11 RAS KERNEL INFO generating core.245,- <LARGE_INT> <*> <*> <DATE><FLOAT>.<FLOAT> <*> RAS KERNEL <*> <*> <*>,"{""LARGE_INT"": ""1120934392"", ""*"": ""core.245"", ""DATE"": ""2"", ""FLOAT"": ""39.52.674271""}",1,4
run_BGL_sample_20260521T043549_42,2026-05-21T04:35:49.997880+00:00,- 1120934665 2005.07.09 R14-M1-ND-C:J04-U01 2005-07-09-11.44.25.948722 R14-M1-ND-C:J04-U01 RAS KERNEL INFO generating core.2315,- <LARGE_INT> <*> <*> <DATE><FLOAT>.<FLOAT> <*> RAS KERNEL <*> <*> <*>,"{""LARGE_INT"": ""1120934665"", ""*"": ""core.2315"", ""DATE"": ""2"", ""FLOAT"": ""44.25.948722""}",1,4
run_BGL_sample_20260521T043549_42,2026-05-21T04:35:49.997880+00:00,- 1120934747 2005.07.09 R12-M0-N3-C:J02-U01 2005-07-09-11.45.47.078028 R12-M0-N3-C:J02-U01 RAS KERNEL INFO generating core.30603,- <LARGE_INT> <*> <*> <DATE><FLOAT>.<FLOAT> <*> RAS KERNEL <*> <*> <*>,"{""LARGE_INT"": ""1120934747"", ""*"": ""core.30603"", ""DATE"": ""2"", ""FLOAT"": ""45.47.078028""}",1,4
run_BGL_sample_20260521T043549_42,2026-05-21T04:35:49.997880+00:00,- 1120934788 2005.07.09 R11-M0-NE-C:J11-U11 2005-07-09-11.46.28.950400 R11-M0-NE-C:J11-U11 RAS KERNEL INFO generating core.17517,- <LARGE_INT> <*> <*> <DATE><FLOAT>.<FLOAT> <*> RAS KERNEL <*> <*> <*>,"{""LARGE_INT"": ""1120934788"", ""*"": ""core.17517"", ""DATE"": ""2"", ""FLOAT"": ""46.28.950400""}",1,4
run_BGL_sample_20260521T043549_42,2026-05-21T04:35:49.997880+00:00,- 1120934845 2005.07.09 R16-M1-ND-C:J13-U01 2005-07-09-11.47.25.418111 R16-M1-ND-C:J13-U01 RAS KERNEL INFO generating core.2633,- <LARGE_INT> <*> <*> <DATE><FLOAT>.<FLOAT> <*> RAS KERNEL <*> <*> <*>,"{""LARGE_INT"": ""1120934845"", ""*"": ""core.2633"", ""DATE"": ""2"", ""FLOAT"": ""47.25.418111""}",1,4
run_BGL_sample_20260521T043549_42,2026-05-21T04:35:49.997880+00:00,- 1120934940 2005.07.09 R01-M1-NF-C:J15-U01 2005-07-09-11.49.00.675162 R01-M1-NF-C:J15-U01 RAS KERNEL INFO generating core.50240,- <LARGE_INT> <*> <*> <DATE><FLOAT>.<FLOAT> <*> RAS KERNEL <*> <*> <*>,"{""LARGE_INT"": ""1120934940"", ""*"": ""core.50240"", ""DATE"": ""2"", ""FLOAT"": ""49.00.675162""}",1,4
run_BGL_sample_20260521T043549_42,2026-05-21T04:35:49.997880+00:00,- 1120934979 2005.07.09 R03-M0-N7-C:J03-U11 2005-07-09-11.49.39.697036 R03-M0-N7-C:J03-U11 RAS KERNEL INFO generating core.10211,- <LARGE_INT> <*> <*> <DATE><FLOAT>.<FLOAT> <*> RAS KERNEL <*> <*> <*>,"{""LARGE_INT"": ""1120934979"", ""*"": ""core.10211"", ""DATE"": ""2"", ""FLOAT"": ""49.39.697036""}",1,4
run_BGL_sample_20260521T043549_42,2026-05-21T04:35:49.997880+00:00,- 1120935001 2005.07.09 R06-M1-NE-C:J04-U01 2005-07-09-11.50.01.726751 R06-M1-NE-C:J04-U01 RAS KERNEL INFO generating core.57863,- <LARGE_INT> <*> <*> <DATE><FLOAT>.<FLOAT> <*> RAS KERNEL <*> <*> <*>,"{""LARGE_INT"": ""1120935001"", ""*"": ""core.57863"", ""DATE"": ""2"", ""FLOAT"": ""50.01.726751""}",1,4
run_BGL_sample_20260521T043549_42,2026-05-21T04:35:49.997880+00:00,- 1120935040 2005.07.09 R07-M1-ND-C:J17-U11 2005-07-09-11.50.40.338378 R07-M1-ND-C:J17-U11 RAS KERNEL INFO generating core.51808,- <LARGE_INT> <*> <*> <DATE><FLOAT>.<FLOAT> <*> RAS KERNEL <*> <*> <*>,"{""LARGE_INT"": ""1120935040"", ""*"": ""core.51808"", ""DATE"": ""2"", ""FLOAT"": ""50.40.338378""}",1,4
run_BGL_sample_20260521T043549_42,2026-05-21T04:35:49.997880+00:00,- 1120935068 2005.07.09 R06-M1-ND-C:J04-U01 2005-07-09-11.51.08.686968 R06-M1-ND-C:J04-U01 RAS KERNEL INFO generating core.59907,- <LARGE_INT> <*> <*> <DATE><FLOAT>.<FLOAT> <*> RAS KERNEL <*> <*> <*>,"{""LARGE_INT"": ""1120935068"", ""*"": ""core.59907"", ""DATE"": ""2"", ""FLOAT"": ""51.08.686968""}",1,4
run_BGL_sample_20260521T043549_42,2026-05-21T04:35:49.997880+00:00,- 1120935076 2005.07.09 R02-M1-NE-C:J08-U11 2005-07-09-11.51.16.012286 R02-M1-NE-C:J08-U11 RAS KERNEL INFO generating core.25382,- <LARGE_INT> <*> <*> <DATE><FLOAT>.<FLOAT> <*> RAS KERNEL <*> <*> <*>,"{""LARGE_INT"": ""1120935076"", ""*"": ""core.25382"", ""DATE"": ""2"", ""FLOAT"": ""51.16.012286""}",1,4
run_BGL_sample_20260521T043549_42,2026-05-21T04:35:49.997880+00:00,- 1120935133 2005.07.09 R05-M0-N6-C:J09-U01 2005-07-09-11.52.13.812405 R05-M0-N6-C:J09-U01 RAS KERNEL INFO generating core.8646,- <LARGE_INT> <*> <*> <DATE><FLOAT>.<FLOAT> <*> RAS KERNEL <*> <*> <*>,"{""LARGE_INT"": ""1120935133"", ""*"": ""core.8646"", ""DATE"": ""2"", ""FLOAT"": ""52.13.812405""}",1,4
run_BGL_sample_20260521T043549_42,2026-05-21T04:35:49.997880+00:00,- 1120935238 2005.07.09 R22-M1-N0-C:J05-U11 2005-07-09-11.53.58.430277 R22-M1-N0-C:J05-U11 RAS KERNEL INFO generating core.7167,- <LARGE_INT> <*> <*> <DATE><FLOAT>.<FLOAT> <*> RAS KERNEL <*> <*> <*>,"{""LARGE_INT"": ""1120935238"", ""*"": ""core.7167"", ""DATE"": ""2"", ""FLOAT"": ""53.58.430277""}",1,4
run_BGL_sample_20260521T043549_42,2026-05-21T04:35:49.997880+00:00,- 1120935334 2005.07.09 R21-M1-N0-C:J13-U11 2005-07-09-11.55.34.841282 R21-M1-N0-C:J13-U11 RAS KERNEL INFO generating core.14589,- <LARGE_INT> <*> <*> <DATE><FLOAT>.<FLOAT> <*> RAS KERNEL <*> <*> <*>,"{""LARGE_INT"": ""1120935334"", ""*"": ""core.14589"", ""DATE"": ""2"", ""FLOAT"": ""55.34.841282""}",1,4
run_BGL_sample_20260521T043549_42,2026-05-21T04:35:49.997880+00:00,- 1120935388 2005.07.09 R20-M1-N4-C:J17-U11 2005-07-09-11.56.28.685591 R20-M1-N4-C:J17-U11 RAS KERNEL INFO generating core.2300,- <LARGE_INT> <*> <*> <DATE><FLOAT>.<FLOAT> <*> RAS KERNEL <*> <*> <*>,"{""LARGE_INT"": ""1120935388"", ""*"": ""core.2300"", ""DATE"": ""2"", ""FLOAT"": ""56.28.685591""}",1,4
run_BGL_sample_20260521T043549_42,2026-05-21T04:35:49.997880+00:00,- 1120935398 2005.07.09 R25-M1-N8-C:J16-U11 2005-07-09-11.56.38.939515 R25-M1-N8-C:J16-U11 RAS KERNEL INFO generating core.14652,- <LARGE_INT> <*> <*> <DATE><FLOAT>.<FLOAT> <*> RAS KERNEL <*> <*> <*>,"{""LARGE_INT"": ""1120935398"", ""*"": ""core.14652"", ""DATE"": ""2"", ""FLOAT"": ""56.38.939515""}",1,4
run_BGL_sample_20260521T043549_42,2026-05-21T04:35:49.997880+00:00,- 1120935446 2005.07.09 R35-M0-N0-C:J05-U01 2005-07-09-11.57.26.222399 R35-M0-N0-C:J05-U01 RAS KERNEL INFO generating core.14807,- <LARGE_INT> <*> <*> <DATE><FLOAT>.<FLOAT> <*> RAS KERNEL <*> <*> <*>,"{""LARGE_INT"": ""1120935446"", ""*"": ""core.14807"", ""DATE"": ""2"", ""FLOAT"": ""57.26.222399""}",1,4
run_BGL_sample_20260521T043549_42,2026-05-21T04:35:49.997880+00:00,- 1120935483 2005.07.09 R10-M0-N8-C:J06-U01 2005-07-09-11.58.03.523153 R10-M0-N8-C:J06-U01 RAS KERNEL INFO generating core.31758,- <LARGE_INT> <*> <*> <DATE><FLOAT>.<FLOAT> <*> RAS KERNEL <*> <*> <*>,"{""LARGE_INT"": ""1120935483"", ""*"": ""core.31758"", ""DATE"": ""2"", ""FLOAT"": ""58.03.523153""}",1,4
run_BGL_sample_20260521T043549_42,2026-05-21T04:35:49.997880+00:00,- 1120935590 2005.07.09 R00-M0-N8-C:J10-U11 2005-07-09-11.59.50.155121 R00-M0-N8-C:J10-U11 RAS KERNEL INFO generating core.7205,- <LARGE_INT> <*> <*> <DATE><FLOAT>.<FLOAT> <*> RAS KERNEL <*> <*> <*>,"{""LARGE_INT"": ""1120935590"", ""*"": ""core.7205"", ""DATE"": ""2"", ""FLOAT"": ""59.50.155121""}",1,4
run_BGL_sample_20260521T043549_42,2026-05-21T04:35:49.997880+00:00,- 1120935660 2005.07.09 R01-M0-NC-C:J04-U01 2005-07-09-12.01.00.789241 R01-M0-NC-C:J04-U01 RAS KERNEL INFO generating core.10247,- <LARGE_INT> <*> <*> <DATE><FLOAT>.<FLOAT> <*> RAS KERNEL <*> <*> <*>,"{""LARGE_INT"": ""1120935660"", ""*"": ""core.10247"", ""DATE"": ""2"", ""FLOAT"": ""01.00.789241""}",1,4
run_BGL_sample_20260521T043549_42,2026-05-21T04:35:49.997880+00:00,- 1120937467 2005.07.09 R36-M1-NA-C:J06-U01 2005-07-09-12.31.07.283740 R36-M1-NA-C:J06-U01 RAS KERNEL INFO generating core.30230,- <LARGE_INT> <*> <*> <DATE><FLOAT>.<FLOAT> <*> RAS KERNEL <*> <*> <*>,"{""LARGE_INT"": ""1120937467"", ""*"": ""core.30230"", ""DATE"": ""2"", ""FLOAT"": ""31.07.283740""}",1,4
run_BGL_sample_20260521T043549_42,2026-05-21T04:35:49.997880+00:00,- 1120937630 2005.07.09 R20-M1-N5-C:J05-U11 2005-07-09-12.33.50.353460 R20-M1-N5-C:J05-U11 RAS KERNEL INFO generating core.2299,- <LARGE_INT> <*> <*> <DATE><FLOAT>.<FLOAT> <*> RAS KERNEL <*> <*> <*>,"{""LARGE_INT"": ""1120937630"", ""*"": ""core.2299"", ""DATE"": ""2"", ""FLOAT"": ""33.50.353460""}",1,4
run_BGL_sample_20260521T043549_42,2026-05-21T04:35:49.997880+00:00,- 1120937817 2005.07.09 R22-M0-N5-C:J07-U11 2005-07-09-12.36.57.597431 R22-M0-N5-C:J07-U11 RAS KERNEL INFO generating core.28666,- <LARGE_INT> <*> <*> <DATE><FLOAT>.<FLOAT> <*> RAS KERNEL <*> <*> <*>,"{""LARGE_INT"": ""1120937817"", ""*"": ""core.28666"", ""DATE"": ""2"", ""FLOAT"": ""36.57.597431""}",1,4
run_BGL_sample_20260521T043549_42,2026-05-21T04:35:49.997880+00:00,- 1120937836 2005.07.09 R34-M0-N5-C:J12-U11 2005-07-09-12.37.16.494245 R34-M0-N5-C:J12-U11 RAS KERNEL INFO generating core.2481,- <LARGE_INT> <*> <*> <DATE><FLOAT>.<FLOAT> <*> RAS KERNEL <*> <*> <*>,"{""LARGE_INT"": ""1120937836"", ""*"": ""core.2481"", ""DATE"": ""2"", ""FLOAT"": ""37.16.494245""}",1,4
run_BGL_sample_20260521T043549_42,2026-05-21T04:35:49.997880+00:00,- 1120938039 2005.07.09 R21-M0-N5-C:J14-U01 2005-07-09-12.40.39.809863 R21-M0-N5-C:J14-U01 RAS KERNEL INFO generating core.52376,- <LARGE_INT> <*> <*> <DATE><FLOAT>.<FLOAT> <*> RAS KERNEL <*> <*> <*>,"{""LARGE_INT"": ""1120938039"", ""*"": ""core.52376"", ""DATE"": ""2"", ""FLOAT"": ""40.39.809863""}",1,4
run_BGL_sample_20260521T043549_42,2026-05-21T04:35:49.997880+00:00,- 1120938041 2005.07.09 R37-M0-N5-C:J08-U11 2005-07-09-12.40.41.552838 R37-M0-N5-C:J08-U11 RAS KERNEL INFO generating core.10930,- <LARGE_INT> <*> <*> <DATE><FLOAT>.<FLOAT> <*> RAS KERNEL <*> <*> <*>,"{""LARGE_INT"": ""1120938041"", ""*"": ""core.10930"", ""DATE"": ""2"", ""FLOAT"": ""40.41.552838""}",1,4
run_BGL_sample_20260521T043549_42,2026-05-21T04:35:49.997880+00:00,- 1120938043 2005.07.09 R23-M0-N6-C:J06-U11 2005-07-09-12.40.43.695648 R23-M0-N6-C:J06-U11 RAS KERNEL INFO generating core.51134,- <LARGE_INT> <*> <*> <DATE><FLOAT>.<FLOAT> <*> RAS KERNEL <*> <*> <*>,"{""LARGE_INT"": ""1120938043"", ""*"": ""core.51134"", ""DATE"": ""2"", ""FLOAT"": ""40.43.695648""}",1,4
run_BGL_sample_20260521T043549_42,2026-05-21T04:35:49.997880+00:00,- 1120938048 2005.07.09 R30-M0-NB-C:J03-U11 2005-07-09-12.40.48.888712 R30-M0-NB-C:J03-U11 RAS KERNEL INFO generating core.5235,- <LARGE_INT> <*> <*> <DATE><FLOAT>.<FLOAT> <*> RAS KERNEL <*> <*> <*>,"{""LARGE_INT"": ""1120938048"", ""*"": ""core.5235"", ""DATE"": ""2"", ""FLOAT"": ""40.48.888712""}",1,4
run_BGL_sample_20260521T043549_42,2026-05-21T04:35:49.997880+00:00,- 1120938093 2005.07.09 R27-M0-N7-C:J10-U01 2005-07-09-12.41.33.279413 R27-M0-N7-C:J10-U01 RAS KERNEL INFO generating core.50841,- <LARGE_INT> <*> <*> <DATE><FLOAT>.<FLOAT> <*> RAS KERNEL <*> <*> <*>,"{""LARGE_INT"": ""1120938093"", ""*"": ""core.50841"", ""DATE"": ""2"", ""FLOAT"": ""41.33.279413""}",1,4
run_BGL_sample_20260521T043549_42,2026-05-21T04:35:49.997880+00:00,- 1120938234 2005.07.09 R35-M0-N9-C:J10-U11 2005-07-09-12.43.54.033821 R35-M0-N9-C:J10-U11 RAS KERNEL INFO generating core.48433,- <LARGE_INT> <*> <*> <DATE><FLOAT>.<FLOAT> <*> RAS KERNEL <*> <*> <*>,"{""LARGE_INT"": ""1120938234"", ""*"": ""core.48433"", ""DATE"": ""2"", ""FLOAT"": ""43.54.033821""}",1,4
run_BGL_sample_20260521T043549_42,2026-05-21T04:35:49.997880+00:00,- 1120938246 2005.07.09 R10-M1-N5-C:J04-U01 2005-07-09-12.44.06.253512 R10-M1-N5-C:J04-U01 RAS KERNEL INFO generating core.34955,- <LARGE_INT> <*> <*> <DATE><FLOAT>.<FLOAT> <*> RAS KERNEL <*> <*> <*>,"{""LARGE_INT"": ""1120938246"", ""*"": ""core.34955"", ""DATE"": ""2"", ""FLOAT"": ""44.06.253512""}",1,4
run_BGL_sample_20260521T043549_42,2026-05-21T04:35:49.997880+00:00,- 1120938346 2005.07.09 R15-M1-NB-C:J15-U01 2005-07-09-12.45.46.326910 R15-M1-NB-C:J15-U01 RAS KERNEL INFO generating core.46408,- <LARGE_INT> <*> <*> <DATE><FLOAT>.<FLOAT> <*> RAS KERNEL <*> <*> <*>,"{""LARGE_INT"": ""1120938346"", ""*"": ""core.46408"", ""DATE"": ""2"", ""FLOAT"": ""45.46.326910""}",1,4
run_BGL_sample_20260521T043549_42,2026-05-21T04:35:49.997880+00:00,- 1120938410 2005.07.09 R00-M0-ND-C:J14-U11 2005-07-09-12.46.50.657088 R00-M0-ND-C:J14-U11 RAS KERNEL INFO generating core.35872,- <LARGE_INT> <*> <*> <DATE><FLOAT>.<FLOAT> <*> RAS KERNEL <*> <*> <*>,"{""LARGE_INT"": ""1120938410"", ""*"": ""core.35872"", ""DATE"": ""2"", ""FLOAT"": ""46.50.657088""}",1,4
run_BGL_sample_20260521T043549_42,2026-05-21T04:35:49.997880+00:00,- 1120938420 2005.07.09 R00-M0-N6-C:J12-U01 2005-07-09-12.47.00.644304 R00-M0-N6-C:J12-U01 RAS KERNEL INFO generating core.133,- <LARGE_INT> <*> <*> <DATE><FLOAT>.<FLOAT> <*> RAS KERNEL <*> <*> <*>,"{""LARGE_INT"": ""1120938420"", ""*"": ""core.133"", ""DATE"": ""2"", ""FLOAT"": ""47.00.644304""}",1,4
run_BGL_sample_20260521T043549_42,2026-05-21T04:35:49.997880+00:00,- 1120938451 2005.07.09 R16-M1-NA-C:J08-U01 2005-07-09-12.47.31.928637 R16-M1-NA-C:J08-U01 RAS KERNEL INFO generating core.4622,- <LARGE_INT> <*> <*> <DATE><FLOAT>.<FLOAT> <*> RAS KERNEL <*> <*> <*>,"{""LARGE_INT"": ""1120938451"", ""*"": ""core.4622"", ""DATE"": ""2"", ""FLOAT"": ""47.31.928637""}",1,4
run_BGL_sample_20260521T043549_42,2026-05-21T04:35:49.997880+00:00,- 1120938541 2005.07.09 R12-M0-N6-C:J05-U11 2005-07-09-12.49.01.731883 R12-M0-N6-C:J05-U11 RAS KERNEL INFO generating core.58351,- <LARGE_INT> <*> <*> <DATE><FLOAT>.<FLOAT> <*> RAS KERNEL <*> <*> <*>,"{""LARGE_INT"": ""1120938541"", ""*"": ""core.58351"", ""DATE"": ""2"", ""FLOAT"": ""49.01.731883""}",1,4
run_BGL_sample_20260521T043549_42,2026-05-21T04:35:49.997880+00:00,- 1120938585 2005.07.09 R03-M0-N6-C:J09-U01 2005-07-09-12.49.45.827456 R03-M0-N6-C:J09-U01 RAS KERNEL INFO generating core.9158,- <LARGE_INT> <*> <*> <DATE><FLOAT>.<FLOAT> <*> RAS KERNEL <*> <*> <*>,"{""LARGE_INT"": ""1120938585"", ""*"": ""core.9158"", ""DATE"": ""2"", ""FLOAT"": ""49.45.827456""}",1,4
run_BGL_sample_20260521T043549_42,2026-05-21T04:35:49.997880+00:00,- 1120938606 2005.07.09 R13-M0-NB-C:J15-U11 2005-07-09-12.50.06.846867 R13-M0-NB-C:J15-U11 RAS KERNEL INFO generating core.22376,- <LARGE_INT> <*> <*> <DATE><FLOAT>.<FLOAT> <*> RAS KERNEL <*> <*> <*>,"{""LARGE_INT"": ""1120938606"", ""*"": ""core.22376"", ""DATE"": ""2"", ""FLOAT"": ""50.06.846867""}",1,4
run_BGL_sample_20260521T043549_42,2026-05-21T04:35:49.997880+00:00,- 1120938631 2005.07.09 R11-M1-NB-C:J12-U11 2005-07-09-12.50.31.927917 R11-M1-NB-C:J12-U11 RAS KERNEL INFO generating core.12329,- <LARGE_INT> <*> <*> <DATE><FLOAT>.<FLOAT> <*> RAS KERNEL <*> <*> <*>,"{""LARGE_INT"": ""1120938631"", ""*"": ""core.12329"", ""DATE"": ""2"", ""FLOAT"": ""50.31.927917""}",1,4
run_BGL_sample_20260521T043549_42,2026-05-21T04:35:49.997880+00:00,- 1120938674 2005.07.09 R02-M0-N5-C:J03-U01 2005-07-09-12.51.14.943043 R02-M0-N5-C:J03-U01 RAS KERNEL INFO generating core.4035,- <LARGE_INT> <*> <*> <DATE><FLOAT>.<FLOAT> <*> RAS KERNEL <*> <*> <*>,"{""LARGE_INT"": ""1120938674"", ""*"": ""core.4035"", ""DATE"": ""2"", ""FLOAT"": ""51.14.943043""}",1,4
run_BGL_sample_20260521T043549_42,2026-05-21T04:35:49.997880+00:00,- 1120938682 2005.07.09 R01-M0-N9-C:J03-U11 2005-07-09-12.51.22.917676 R01-M0-N9-C:J03-U11 RAS KERNEL INFO generating core.15459,- <LARGE_INT> <*> <*> <DATE><FLOAT>.<FLOAT> <*> RAS KERNEL <*> <*> <*>,"{""LARGE_INT"": ""1120938682"", ""*"": ""core.15459"", ""DATE"": ""2"", ""FLOAT"": ""51.22.917676""}",1,4
run_BGL_sample_20260521T043549_42,2026-05-21T04:35:49.997880+00:00,- 1120939508 2005.07.09 R21-M0-N9-C:J17-U01 2005-07-09-13.05.08.134359 R21-M0-N9-C:J17-U01 RAS KERNEL INFO generating core.55384,- <LARGE_INT> <*> <*> <DATE><FLOAT>.<FLOAT> <*> RAS KERNEL <*> <*> <*>,"{""LARGE_INT"": ""1120939508"", ""*"": ""core.55384"", ""DATE"": ""2"", ""FLOAT"": ""05.08.134359""}",1,4
run_BGL_sample_20260521T043549_42,2026-05-21T04:35:49.997880+00:00,- 1120939518 2005.07.09 R20-M1-N2-C:J07-U01 2005-07-09-13.05.18.662491 R20-M1-N2-C:J07-U01 RAS KERNEL INFO generating core.5342,- <LARGE_INT> <*> <*> <DATE><FLOAT>.<FLOAT> <*> RAS KERNEL <*> <*> <*>,"{""LARGE_INT"": ""1120939518"", ""*"": ""core.5342"", ""DATE"": ""2"", ""FLOAT"": ""05.18.662491""}",1,4
run_BGL_sample_20260521T043549_42,2026-05-21T04:35:49.997880+00:00,- 1120939553 2005.07.09 R25-M1-N2-C:J03-U01 2005-07-09-13.05.53.029625 R25-M1-N2-C:J03-U01 RAS KERNEL INFO generating core.46559,- <LARGE_INT> <*> <*> <DATE><FLOAT>.<FLOAT> <*> RAS KERNEL <*> <*> <*>,"{""LARGE_INT"": ""1120939553"", ""*"": ""core.46559"", ""DATE"": ""2"", ""FLOAT"": ""05.53.029625""}",1,4
run_BGL_sample_20260521T043549_42,2026-05-21T04:35:49.997880+00:00,- 1120939573 2005.07.09 R00-M1-NE-C:J14-U01 2005-07-09-13.06.13.254915 R00-M1-NE-C:J14-U01 RAS KERNEL INFO generating core.25604,- <LARGE_INT> <*> <*> <DATE><FLOAT>.<FLOAT> <*> RAS KERNEL <*> <*> <*>,"{""LARGE_INT"": ""1120939573"", ""*"": ""core.25604"", ""DATE"": ""2"", ""FLOAT"": ""06.13.254915""}",1,4
run_BGL_sample_20260521T043549_42,2026-05-21T04:35:49.997880+00:00,- 1120939626 2005.07.09 R36-M1-N4-C:J15-U11 2005-07-09-13.07.06.107122 R36-M1-N4-C:J15-U11 RAS KERNEL INFO generating core.61172,- <LARGE_INT> <*> <*> <DATE><FLOAT>.<FLOAT> <*> RAS KERNEL <*> <*> <*>,"{""LARGE_INT"": ""1120939626"", ""*"": ""core.61172"", ""DATE"": ""2"", ""FLOAT"": ""07.06.107122""}",1,4
run_BGL_sample_20260521T043549_42,2026-05-21T04:35:49.997880+00:00,- 1120939761 2005.07.09 R36-M1-N6-C:J04-U11 2005-07-09-13.09.21.726410 R36-M1-N6-C:J04-U11 RAS KERNEL INFO generating core.25271,- <LARGE_INT> <*> <*> <DATE><FLOAT>.<FLOAT> <*> RAS KERNEL <*> <*> <*>,"{""LARGE_INT"": ""1120939761"", ""*"": ""core.25271"", ""DATE"": ""2"", ""FLOAT"": ""09.21.726410""}",1,4
run_BGL_sample_20260521T043549_42,2026-05-21T04:35:49.997880+00:00,- 1120939783 2005.07.09 R20-M1-N6-C:J03-U01 2005-07-09-13.09.43.917357 R20-M1-N6-C:J03-U01 RAS KERNEL INFO generating core.34015,- <LARGE_INT> <*> <*> <DATE><FLOAT>.<FLOAT> <*> RAS KERNEL <*> <*> <*>,"{""LARGE_INT"": ""1120939783"", ""*"": ""core.34015"", ""DATE"": ""2"", ""FLOAT"": ""09.43.917357""}",1,4
run_BGL_sample_20260521T043549_42,2026-05-21T04:35:49.997880+00:00,- 1120939798 2005.07.09 R26-M0-NA-C:J07-U01 2005-07-09-13.09.58.154321 R26-M0-NA-C:J07-U01 RAS KERNEL INFO generating core.63070,- <LARGE_INT> <*> <*> <DATE><FLOAT>.<FLOAT> <*> RAS KERNEL <*> <*> <*>,"{""LARGE_INT"": ""1120939798"", ""*"": ""core.63070"", ""DATE"": ""2"", ""FLOAT"": ""09.58.154321""}",1,4
run_BGL_sample_20260521T043549_42,2026-05-21T04:35:49.997880+00:00,- 1120939974 2005.07.09 R24-M0-N1-C:J17-U01 2005-07-09-13.12.54.616018 R24-M0-N1-C:J17-U01 RAS KERNEL INFO generating core.31192,- <LARGE_INT> <*> <*> <DATE><FLOAT>.<FLOAT> <*> RAS KERNEL <*> <*> <*>,"{""LARGE_INT"": ""1120939974"", ""*"": ""core.31192"", ""DATE"": ""2"", ""FLOAT"": ""12.54.616018""}",1,4
run_BGL_sample_20260521T043549_42,2026-05-21T04:35:49.997880+00:00,- 1120940044 2005.07.09 R24-M1-N1-C:J14-U01 2005-07-09-13.14.04.443048 R24-M1-N1-C:J14-U01 RAS KERNEL INFO generating core.40344,- <LARGE_INT> <*> <*> <DATE><FLOAT>.<FLOAT> <*> RAS KERNEL <*> <*> <*>,"{""LARGE_INT"": ""1120940044"", ""*"": ""core.40344"", ""DATE"": ""2"", ""FLOAT"": ""14.04.443048""}",1,4
run_BGL_sample_20260521T043549_42,2026-05-21T04:35:49.997880+00:00,- 1120940045 2005.07.09 R22-M0-N2-C:J09-U11 2005-07-09-13.14.05.050608 R22-M0-N2-C:J09-U11 RAS KERNEL INFO generating core.62462,- <LARGE_INT> <*> <*> <DATE><FLOAT>.<FLOAT> <*> RAS KERNEL <*> <*> <*>,"{""LARGE_INT"": ""1120940045"", ""*"": ""core.62462"", ""DATE"": ""2"", ""FLOAT"": ""14.05.050608""}",1,4
run_BGL_sample_20260521T043549_42,2026-05-21T04:35:49.997880+00:00,- 1120940057 2005.07.09 R36-M0-N9-C:J15-U01 2005-07-09-13.14.17.907696 R36-M0-N9-C:J15-U01 RAS KERNEL INFO generating core.40528,- <LARGE_INT> <*> <*> <DATE><FLOAT>.<FLOAT> <*> RAS KERNEL <*> <*> <*>,"{""LARGE_INT"": ""1120940057"", ""*"": ""core.40528"", ""DATE"": ""2"", ""FLOAT"": ""14.17.907696""}",1,4
run_BGL_sample_20260521T043549_42,2026-05-21T04:35:49.997880+00:00,- 1120940204 2005.07.09 R21-M1-N7-C:J07-U11 2005-07-09-13.16.44.901016 R21-M1-N7-C:J07-U11 RAS KERNEL INFO generating core.42234,- <LARGE_INT> <*> <*> <DATE><FLOAT>.<FLOAT> <*> RAS KERNEL <*> <*> <*>,"{""LARGE_INT"": ""1120940204"", ""*"": ""core.42234"", ""DATE"": ""2"", ""FLOAT"": ""16.44.901016""}",1,4
run_BGL_sample_20260521T043549_42,2026-05-21T04:35:49.997880+00:00,- 1120940220 2005.07.09 R27-M0-N1-C:J05-U01 2005-07-09-13.17.00.152550 R27-M0-N1-C:J05-U01 RAS KERNEL INFO generating core.23259,- <LARGE_INT> <*> <*> <DATE><FLOAT>.<FLOAT> <*> RAS KERNEL <*> <*> <*>,"{""LARGE_INT"": ""1120940220"", ""*"": ""core.23259"", ""DATE"": ""2"", ""FLOAT"": ""17.00.152550""}",1,4
run_BGL_sample_20260521T043549_42,2026-05-21T04:35:49.997880+00:00,- 1120940220 2005.07.09 R27-M0-N1-C:J07-U11 2005-07-09-13.17.00.392088 R27-M0-N1-C:J07-U11 RAS KERNEL INFO generating core.24314,- <LARGE_INT> <*> <*> <DATE><FLOAT>.<FLOAT> <*> RAS KERNEL <*> <*> <*>,"{""LARGE_INT"": ""1120940220"", ""*"": ""core.24314"", ""DATE"": ""2"", ""FLOAT"": ""17.00.392088""}",1,4
run_BGL_sample_20260521T043549_42,2026-05-21T04:35:49.997880+00:00,- 1120940284 2005.07.09 R30-M0-NA-C:J17-U01 2005-07-09-13.18.04.050308 R30-M0-NA-C:J17-U01 RAS KERNEL INFO generating core.4180,- <LARGE_INT> <*> <*> <DATE><FLOAT>.<FLOAT> <*> RAS KERNEL <*> <*> <*>,"{""LARGE_INT"": ""1120940284"", ""*"": ""core.4180"", ""DATE"": ""2"", ""FLOAT"": ""18.04.050308""}",1,4
run_BGL_sample_20260521T043549_42,2026-05-21T04:35:49.997880+00:00,- 1120940300 2005.07.09 R23-M0-N1-C:J07-U01 2005-07-09-13.18.20.009738 R23-M0-N1-C:J07-U01 RAS KERNEL INFO generating core.24538,- <LARGE_INT> <*> <*> <DATE><FLOAT>.<FLOAT> <*> RAS KERNEL <*> <*> <*>,"{""LARGE_INT"": ""1120940300"", ""*"": ""core.24538"", ""DATE"": ""2"", ""FLOAT"": ""18.20.009738""}",1,4
run_BGL_sample_20260521T043549_42,2026-05-21T04:35:49.997880+00:00,- 1120940346 2005.07.09 R24-M0-N6-C:J07-U01 2005-07-09-13.19.06.210518 R24-M0-N6-C:J07-U01 RAS KERNEL INFO generating core.26078,- <LARGE_INT> <*> <*> <DATE><FLOAT>.<FLOAT> <*> RAS KERNEL <*> <*> <*>,"{""LARGE_INT"": ""1120940346"", ""*"": ""core.26078"", ""DATE"": ""2"", ""FLOAT"": ""19.06.210518""}",1,4
run_BGL_sample_20260521T043549_42,2026-05-21T04:35:49.997880+00:00,- 1120940349 2005.07.09 R32-M1-N3-C:J07-U11 2005-07-09-13.19.09.983269 R32-M1-N3-C:J07-U11 RAS KERNEL INFO generating core.30706,- <LARGE_INT> <*> <*> <DATE><FLOAT>.<FLOAT> <*> RAS KERNEL <*> <*> <*>,"{""LARGE_INT"": ""1120940349"", ""*"": ""core.30706"", ""DATE"": ""2"", ""FLOAT"": ""19.09.983269""}",1,4
run_BGL_sample_20260521T043549_42,2026-05-21T04:35:49.997880+00:00,- 1120940357 2005.07.09 R32-M0-N1-C:J03-U01 2005-07-09-13.19.17.680850 R32-M0-N1-C:J03-U01 RAS KERNEL INFO generating core.8147,- <LARGE_INT> <*> <*> <DATE><FLOAT>.<FLOAT> <*> RAS KERNEL <*> <*> <*>,"{""LARGE_INT"": ""1120940357"", ""*"": ""core.8147"", ""DATE"": ""2"", ""FLOAT"": ""19.17.680850""}",1,4
run_BGL_sample_20260521T043549_42,2026-05-21T04:35:49.997880+00:00,- 1120940402 2005.07.09 R10-M0-NE-C:J04-U11 2005-07-09-13.20.02.961250 R10-M0-NE-C:J04-U11 RAS KERNEL INFO generating core.57391,- <LARGE_INT> <*> <*> <DATE><FLOAT>.<FLOAT> <*> RAS KERNEL <*> <*> <*>,"{""LARGE_INT"": ""1120940402"", ""*"": ""core.57391"", ""DATE"": ""2"", ""FLOAT"": ""20.02.961250""}",1,4
run_BGL_sample_20260521T043549_42,2026-05-21T04:35:49.997880+00:00,- 1120940548 2005.07.09 R17-M1-ND-C:J14-U01 2005-07-09-13.22.28.887665 R17-M1-ND-C:J14-U01 RAS KERNEL INFO generating core.11784,- <LARGE_INT> <*> <*> <DATE><FLOAT>.<FLOAT> <*> RAS KERNEL <*> <*> <*>,"{""LARGE_INT"": ""1120940548"", ""*"": ""core.11784"", ""DATE"": ""2"", ""FLOAT"": ""22.28.887665""}",1,4
run_BGL_sample_20260521T043549_42,2026-05-21T04:35:49.997880+00:00,- 1120940599 2005.07.09 R16-M0-NB-C:J04-U01 2005-07-09-13.23.19.130183 R16-M0-NB-C:J04-U01 RAS KERNEL INFO generating core.61963,- <LARGE_INT> <*> <*> <DATE><FLOAT>.<FLOAT> <*> RAS KERNEL <*> <*> <*>,"{""LARGE_INT"": ""1120940599"", ""*"": ""core.61963"", ""DATE"": ""2"", ""FLOAT"": ""23.19.130183""}",1,4
run_BGL_sample_20260521T043549_42,2026-05-21T04:35:49.997880+00:00,- 1120940618 2005.07.09 R14-M1-N7-C:J04-U01 2005-07-09-13.23.38.492029 R14-M1-N7-C:J04-U01 RAS KERNEL INFO generating core.33163,- <LARGE_INT> <*> <*> <DATE><FLOAT>.<FLOAT> <*> RAS KERNEL <*> <*> <*>,"{""LARGE_INT"": ""1120940618"", ""*"": ""core.33163"", ""DATE"": ""2"", ""FLOAT"": ""23.38.492029""}",1,4
run_BGL_sample_20260521T043549_42,2026-05-21T04:35:49.997880+00:00,- 1120940634 2005.07.09 R06-M1-NB-C:J03-U01 2005-07-09-13.23.54.723073 R06-M1-NB-C:J03-U01 RAS KERNEL INFO generating core.30275,- <LARGE_INT> <*> <*> <DATE><FLOAT>.<FLOAT> <*> RAS KERNEL <*> <*> <*>,"{""LARGE_INT"": ""1120940634"", ""*"": ""core.30275"", ""DATE"": ""2"", ""FLOAT"": ""23.54.723073""}",1,4
run_BGL_sample_20260521T043549_42,2026-05-21T04:35:49.997880+00:00,- 1120940659 2005.07.09 R15-M1-N1-C:J10-U01 2005-07-09-13.24.19.559994 R15-M1-N1-C:J10-U01 RAS KERNEL INFO generating core.15753,- <LARGE_INT> <*> <*> <DATE><FLOAT>.<FLOAT> <*> RAS KERNEL <*> <*> <*>,"{""LARGE_INT"": ""1120940659"", ""*"": ""core.15753"", ""DATE"": ""2"", ""FLOAT"": ""24.19.559994""}",1,4
run_BGL_sample_20260521T043549_42,2026-05-21T04:35:49.997880+00:00,- 1120940700 2005.07.09 R00-M0-N1-C:J07-U01 2005-07-09-13.25.00.218073 R00-M0-N1-C:J07-U01 RAS KERNEL INFO generating core.7362,- <LARGE_INT> <*> <*> <DATE><FLOAT>.<FLOAT> <*> RAS KERNEL <*> <*> <*>,"{""LARGE_INT"": ""1120940700"", ""*"": ""core.7362"", ""DATE"": ""2"", ""FLOAT"": ""25.00.218073""}",1,4
run_BGL_sample_20260521T043549_42,2026-05-21T04:35:49.997880+00:00,- 1120953127 2005.07.09 R27-M0-N6-C:J05-U11 2005-07-09-16.52.07.005910 R27-M0-N6-C:J05-U11 RAS KERNEL INFO generating core.8575,- <LARGE_INT> <*> <*> <DATE><FLOAT>.<FLOAT> <*> RAS KERNEL <*> <*> <*>,"{""LARGE_INT"": ""1120953127"", ""*"": ""core.8575"", ""DATE"": ""2"", ""FLOAT"": ""52.07.005910""}",1,4
run_BGL_sample_20260521T043549_42,2026-05-21T04:35:49.997880+00:00,- 1120953142 2005.07.09 R21-M0-ND-C:J15-U11 2005-07-09-16.52.22.961118 R21-M0-ND-C:J15-U11 RAS KERNEL INFO generating core.9784,- <LARGE_INT> <*> <*> <DATE><FLOAT>.<FLOAT> <*> RAS KERNEL <*> <*> <*>,"{""LARGE_INT"": ""1120953142"", ""*"": ""core.9784"", ""DATE"": ""2"", ""FLOAT"": ""52.22.961118""}",1,4
run_BGL_sample_20260521T043549_42,2026-05-21T04:35:49.997880+00:00,- 1120953217 2005.07.09 R35-M1-N9-C:J10-U11 2005-07-09-16.53.37.285437 R35-M1-N9-C:J10-U11 RAS KERNEL INFO generating core.11921,- <LARGE_INT> <*> <*> <DATE><FLOAT>.<FLOAT> <*> RAS KERNEL <*> <*> <*>,"{""LARGE_INT"": ""1120953217"", ""*"": ""core.11921"", ""DATE"": ""2"", ""FLOAT"": ""53.37.285437""}",1,4
run_BGL_sample_20260521T043549_42,2026-05-21T04:35:49.997880+00:00,- 1120953260 2005.07.09 R31-M1-N0-C:J03-U01 2005-07-09-16.54.20.026465 R31-M1-N0-C:J03-U01 RAS KERNEL INFO generating core.11879,- <LARGE_INT> <*> <*> <DATE><FLOAT>.<FLOAT> <*> RAS KERNEL <*> <*> <*>,"{""LARGE_INT"": ""1120953260"", ""*"": ""core.11879"", ""DATE"": ""2"", ""FLOAT"": ""54.20.026465""}",1,4
run_BGL_sample_20260521T043549_42,2026-05-21T04:35:49.997880+00:00,- 1120955479 2005.07.09 R26-M0-NF-C:J02-U01 2005-07-09-17.31.19.922132 R26-M0-NF-C:J02-U01 RAS KERNEL INFO generating core.13067,- <LARGE_INT> <*> <*> <DATE><FLOAT>.<FLOAT> <*> RAS KERNEL <*> <*> <*>,"{""LARGE_INT"": ""1120955479"", ""*"": ""core.13067"", ""DATE"": ""2"", ""FLOAT"": ""31.19.922132""}",1,4
run_BGL_sample_20260521T043549_42,2026-05-21T04:35:49.997880+00:00,- 1120955633 2005.07.09 R26-M0-N7-C:J02-U01 2005-07-09-17.33.53.777163 R26-M0-N7-C:J02-U01 RAS KERNEL INFO generating core.13131,- <LARGE_INT> <*> <*> <DATE><FLOAT>.<FLOAT> <*> RAS KERNEL <*> <*> <*>,"{""LARGE_INT"": ""1120955633"", ""*"": ""core.13131"", ""DATE"": ""2"", ""FLOAT"": ""33.53.777163""}",1,4
run_BGL_sample_20260521T043549_42,2026-05-21T04:35:49.997880+00:00,- 1120955677 2005.07.09 R34-M1-N4-C:J03-U11 2005-07-09-17.34.37.516117 R34-M1-N4-C:J03-U11 RAS KERNEL INFO generating core.14071,- <LARGE_INT> <*> <*> <DATE><FLOAT>.<FLOAT> <*> RAS KERNEL <*> <*> <*>,"{""LARGE_INT"": ""1120955677"", ""*"": ""core.14071"", ""DATE"": ""2"", ""FLOAT"": ""34.37.516117""}",1,4
run_BGL_sample_20260521T043549_42,2026-05-21T04:35:49.997880+00:00,- 1120956526 2005.07.09 R37-M1-N7-C:J17-U01 2005-07-09-17.48.46.717674 R37-M1-N7-C:J17-U01 RAS KERNEL INFO generating core.8544,- <LARGE_INT> <*> <*> <DATE><FLOAT>.<FLOAT> <*> RAS KERNEL <*> <*> <*>,"{""LARGE_INT"": ""1120956526"", ""*"": ""core.8544"", ""DATE"": ""2"", ""FLOAT"": ""48.46.717674""}",1,4
run_BGL_sample_20260521T043549_42,2026-05-21T04:35:49.997880+00:00,- 1120956527 2005.07.09 R37-M1-N7-C:J04-U11 2005-07-09-17.48.47.234245 R37-M1-N7-C:J04-U11 RAS KERNEL INFO generating core.8531,- <LARGE_INT> <*> <*> <DATE><FLOAT>.<FLOAT> <*> RAS KERNEL <*> <*> <*>,"{""LARGE_INT"": ""1120956527"", ""*"": ""core.8531"", ""DATE"": ""2"", ""FLOAT"": ""48.47.234245""}",1,4
run_BGL_sample_20260521T043549_42,2026-05-21T04:35:49.997880+00:00,- 1120956557 2005.07.09 R20-M0-N5-C:J07-U11 2005-07-09-17.49.17.958580 R20-M0-N5-C:J07-U11 RAS KERNEL INFO generating core.13946,- <LARGE_INT> <*> <*> <DATE><FLOAT>.<FLOAT> <*> RAS KERNEL <*> <*> <*>,"{""LARGE_INT"": ""1120956557"", ""*"": ""core.13946"", ""DATE"": ""2"", ""FLOAT"": ""49.17.958580""}",1,4
run_BGL_sample_20260521T043549_42,2026-05-21T04:35:49.997880+00:00,- 1120956704 2005.07.09 R24-M0-N0-C:J02-U11 2005-07-09-17.51.44.447891 R24-M0-N0-C:J02-U11 RAS KERNEL INFO generating core.16095,- <LARGE_INT> <*> <*> <DATE><FLOAT>.<FLOAT> <*> RAS KERNEL <*> <*> <*>,"{""LARGE_INT"": ""1120956704"", ""*"": ""core.16095"", ""DATE"": ""2"", ""FLOAT"": ""51.44.447891""}",1,4
run_BGL_sample_20260521T043549_42,2026-05-21T04:35:49.997880+00:00,- 1120956736 2005.07.09 R21-M1-N8-C:J04-U01 2005-07-09-17.52.16.641372 R21-M1-N8-C:J04-U01 RAS KERNEL INFO generating core.7183,- <LARGE_INT> <*> <*> <DATE><FLOAT>.<FLOAT> <*> RAS KERNEL <*> <*> <*>,"{""LARGE_INT"": ""1120956736"", ""*"": ""core.7183"", ""DATE"": ""2"", ""FLOAT"": ""52.16.641372""}",1,4
run_BGL_sample_20260521T043549_42,2026-05-21T04:35:49.997880+00:00,- 1120956863 2005.07.09 R06-M1-N8-C:J14-U01 2005-07-09-17.54.23.740575 R06-M1-N8-C:J14-U01 RAS KERNEL INFO generating core.1988,- <LARGE_INT> <*> <*> <DATE><FLOAT>.<FLOAT> <*> RAS KERNEL <*> <*> <*>,"{""LARGE_INT"": ""1120956863"", ""*"": ""core.1988"", ""DATE"": ""2"", ""FLOAT"": ""54.23.740575""}",1,4
run_BGL_sample_20260521T043549_42,2026-05-21T04:35:49.997880+00:00,- 1120957066 2005.07.09 R01-M1-N5-C:J04-U11 2005-07-09-17.57.46.798518 R01-M1-N5-C:J04-U11 RAS KERNEL INFO generating core.2347,- <LARGE_INT> <*> <*> <DATE><FLOAT>.<FLOAT> <*> RAS KERNEL <*> <*> <*>,"{""LARGE_INT"": ""1120957066"", ""*"": ""core.2347"", ""DATE"": ""2"", ""FLOAT"": ""57.46.798518""}",1,4
run_BGL_sample_20260521T043549_42,2026-05-21T04:35:49.997880+00:00,- 1120957404 2005.07.09 R05-M1-N2-C:J06-U01 2005-07-09-18.03.24.488333 R05-M1-N2-C:J06-U01 RAS KERNEL INFO generating core.2790,- <LARGE_INT> <*> <*> <DATE><FLOAT>.<FLOAT> <*> RAS KERNEL <*> <*> <*>,"{""LARGE_INT"": ""1120957404"", ""*"": ""core.2790"", ""DATE"": ""2"", ""FLOAT"": ""03.24.488333""}",1,4
run_BGL_sample_20260521T043549_42,2026-05-21T04:35:49.997880+00:00,- 1120957410 2005.07.09 R01-M1-NA-C:J12-U11 2005-07-09-18.03.30.488263 R01-M1-NA-C:J12-U11 RAS KERNEL INFO generating core.2573,- <LARGE_INT> <*> <*> <DATE><FLOAT>.<FLOAT> <*> RAS KERNEL <*> <*> <*>,"{""LARGE_INT"": ""1120957410"", ""*"": ""core.2573"", ""DATE"": ""2"", ""FLOAT"": ""03.30.488263""}",1,4
run_BGL_sample_20260521T043549_42,2026-05-21T04:35:49.997880+00:00,- 1120957717 2005.07.09 R00-M1-N9-C:J11-U01 2005-07-09-18.08.37.270465 R00-M1-N9-C:J11-U01 RAS KERNEL INFO generating core.3985,- <LARGE_INT> <*> <*> <DATE><FLOAT>.<FLOAT> <*> RAS KERNEL <*> <*> <*>,"{""LARGE_INT"": ""1120957717"", ""*"": ""core.3985"", ""DATE"": ""2"", ""FLOAT"": ""08.37.270465""}",1,4
run_BGL_sample_20260521T043549_42,2026-05-21T04:35:49.997880+00:00,- 1120958362 2005.07.09 R26-M0-ND-C:J16-U11 2005-07-09-18.19.22.664176 R26-M0-ND-C:J16-U11 RAS KERNEL INFO generating core.13592,- <LARGE_INT> <*> <*> <DATE><FLOAT>.<FLOAT> <*> RAS KERNEL <*> <*> <*>,"{""LARGE_INT"": ""1120958362"", ""*"": ""core.13592"", ""DATE"": ""2"", ""FLOAT"": ""19.22.664176""}",1,4
run_BGL_sample_20260521T043549_42,2026-05-21T04:35:49.997880+00:00,- 1120958385 2005.07.09 R37-M1-ND-C:J03-U01 2005-07-09-18.19.45.976122 R37-M1-ND-C:J03-U01 RAS KERNEL INFO generating core.10019,- <LARGE_INT> <*> <*> <DATE><FLOAT>.<FLOAT> <*> RAS KERNEL <*> <*> <*>,"{""LARGE_INT"": ""1120958385"", ""*"": ""core.10019"", ""DATE"": ""2"", ""FLOAT"": ""19.45.976122""}",1,4
run_BGL_sample_20260521T043549_42,2026-05-21T04:35:49.997880+00:00,- 1120958403 2005.07.09 R21-M0-N3-C:J06-U11 2005-07-09-18.20.03.745197 R21-M0-N3-C:J06-U11 RAS KERNEL INFO generating core.10842,- <LARGE_INT> <*> <*> <DATE><FLOAT>.<FLOAT> <*> RAS KERNEL <*> <*> <*>,"{""LARGE_INT"": ""1120958403"", ""*"": ""core.10842"", ""DATE"": ""2"", ""FLOAT"": ""20.03.745197""}",1,4
run_BGL_sample_20260521T043549_42,2026-05-21T04:35:49.997880+00:00,- 1120958502 2005.07.09 R23-M1-N1-C:J06-U01 2005-07-09-18.21.42.804580 R23-M1-N1-C:J06-U01 RAS KERNEL INFO generating core.8138,- <LARGE_INT> <*> <*> <DATE><FLOAT>.<FLOAT> <*> RAS KERNEL <*> <*> <*>,"{""LARGE_INT"": ""1120958502"", ""*"": ""core.8138"", ""DATE"": ""2"", ""FLOAT"": ""21.42.804580""}",1,4
run_BGL_sample_20260521T043549_42,2026-05-21T04:35:49.997880+00:00,- 1120967799 2005.07.09 R17-M0-NF-C:J13-U11 2005-07-09-20.56.39.594043 R17-M0-NF-C:J13-U11 RAS KERNEL INFO 1365301360 double-hum,- <LARGE_INT> <*> <*> <DATE><FLOAT>.<FLOAT> <*> RAS KERNEL <*> <*> <*>,"{""LARGE_INT"": ""1120967799"", ""*"": ""double-hum"", ""DATE"": ""2"", ""FLOAT"": ""56.39.594043""}",1,4
run_BGL_sample_20260521T043549_42,2026-05-21T04:35:49.997880+00:00,- 1120967919 2005.07.09 R14-M0-NB-C:J13-U11 2005-07-09-20.58.39.414224 R14-M0-NB-C:J13-U11 RAS KERNEL INFO 1315337824 double-hum,- <LARGE_INT> <*> <*> <DATE><FLOAT>.<FLOAT> <*> RAS KERNEL <*> <*> <*>,"{""LARGE_INT"": ""1120967919"", ""*"": ""double-hum"", ""DATE"": ""2"", ""FLOAT"": ""58.39.414224""}",1,4
run_BGL_sample_20260521T043549_42,2026-05-21T04:35:49.997880+00:00,- 1120967922 2005.07.09 R14-M0-N9-C:J14-U01 2005-07-09-20.58.42.972274 R14-M0-N9-C:J14-U01 RAS KERNEL INFO 1401390016 double-hum,- <LARGE_INT> <*> <*> <DATE><FLOAT>.<FLOAT> <*> RAS KERNEL <*> <*> <*>,"{""LARGE_INT"": ""1120967922"", ""*"": ""double-hum"", ""DATE"": ""2"", ""FLOAT"": ""58.42.972274""}",1,4
run_BGL_sample_20260521T043549_42,2026-05-21T04:35:49.997880+00:00,- 1120967952 2005.07.09 R32-M1-N9-C:J10-U11 2005-07-09-20.59.12.577698 R32-M1-N9-C:J10-U11 RAS KERNEL INFO generating core.32657,- <LARGE_INT> <*> <*> <DATE><FLOAT>.<FLOAT> <*> RAS KERNEL <*> <*> <*>,"{""LARGE_INT"": ""1120967952"", ""*"": ""core.32657"", ""DATE"": ""2"", ""FLOAT"": ""59.12.577698""}",1,4
run_BGL_sample_20260521T043549_42,2026-05-21T04:35:49.997880+00:00,- 1120967983 2005.07.09 R35-M1-N3-C:J04-U11 2005-07-09-20.59.43.240343 R35-M1-N3-C:J04-U11 RAS KERNEL INFO generating core.26835,- <LARGE_INT> <*> <*> <DATE><FLOAT>.<FLOAT> <*> RAS KERNEL <*> <*> <*>,"{""LARGE_INT"": ""1120967983"", ""*"": ""core.26835"", ""DATE"": ""2"", ""FLOAT"": ""59.43.240343""}",1,4
run_BGL_sample_20260521T043549_42,2026-05-21T04:35:49.997880+00:00,- 1120968079 2005.07.09 R31-M1-N1-C:J06-U11 2005-07-09-21.01.19.043600 R31-M1-N1-C:J06-U11 RAS KERNEL INFO generating core.28242,- <LARGE_INT> <*> <*> <DATE><FLOAT>.<FLOAT> <*> RAS KERNEL <*> <*> <*>,"{""LARGE_INT"": ""1120968079"", ""*"": ""core.28242"", ""DATE"": ""2"", ""FLOAT"": ""01.19.043600""}",1,4
run_BGL_sample_20260521T043549_42,2026-05-21T04:35:49.997880+00:00,- 1120968107 2005.07.09 R23-M1-N7-C:J09-U01 2005-07-09-21.01.47.593602 R23-M1-N7-C:J09-U01 RAS KERNEL INFO generating core.20970,- <LARGE_INT> <*> <*> <DATE><FLOAT>.<FLOAT> <*> RAS KERNEL <*> <*> <*>,"{""LARGE_INT"": ""1120968107"", ""*"": ""core.20970"", ""DATE"": ""2"", ""FLOAT"": ""01.47.593602""}",1,4
run_BGL_sample_20260521T043549_42,2026-05-21T04:35:49.997880+00:00,- 1120968120 2005.07.09 R30-M0-N3-C:J08-U11 2005-07-09-21.02.00.766575 R30-M0-N3-C:J08-U11 RAS KERNEL INFO generating core.18514,- <LARGE_INT> <*> <*> <DATE><FLOAT>.<FLOAT> <*> RAS KERNEL <*> <*> <*>,"{""LARGE_INT"": ""1120968120"", ""*"": ""core.18514"", ""DATE"": ""2"", ""FLOAT"": ""02.00.766575""}",1,4
run_BGL_sample_20260521T043549_42,2026-05-21T04:35:49.997880+00:00,- 1120968134 2005.07.09 R26-M1-N3-C:J11-U11 2005-07-09-21.02.14.211419 R26-M1-N3-C:J11-U11 RAS KERNEL INFO generating core.19321,- <LARGE_INT> <*> <*> <DATE><FLOAT>.<FLOAT> <*> RAS KERNEL <*> <*> <*>,"{""LARGE_INT"": ""1120968134"", ""*"": ""core.19321"", ""DATE"": ""2"", ""FLOAT"": ""02.14.211419""}",1,4
run_BGL_sample_20260521T043549_42,2026-05-21T04:35:49.997880+00:00,- 1120968137 2005.07.09 R22-M0-ND-C:J13-U11 2005-07-09-21.02.17.017814 R22-M0-ND-C:J13-U11 RAS KERNEL INFO generating core.13753,- <LARGE_INT> <*> <*> <DATE><FLOAT>.<FLOAT> <*> RAS KERNEL <*> <*> <*>,"{""LARGE_INT"": ""1120968137"", ""*"": ""core.13753"", ""DATE"": ""2"", ""FLOAT"": ""02.17.017814""}",1,4
run_BGL_sample_20260521T043549_42,2026-05-21T04:35:49.997880+00:00,- 1120968273 2005.07.09 R33-M0-N2-C:J07-U11 2005-07-09-21.04.33.975556 R33-M0-N2-C:J07-U11 RAS KERNEL INFO generating core.23542,- <LARGE_INT> <*> <*> <DATE><FLOAT>.<FLOAT> <*> RAS KERNEL <*> <*> <*>,"{""LARGE_INT"": ""1120968273"", ""*"": ""core.23542"", ""DATE"": ""2"", ""FLOAT"": ""04.33.975556""}",1,4
run_BGL_sample_20260521T043549_42,2026-05-21T04:35:49.997880+00:00,- 1120968310 2005.07.09 R34-M1-N6-C:J09-U11 2005-07-09-21.05.10.098884 R34-M1-N6-C:J09-U11 RAS KERNEL INFO generating core.28918,- <LARGE_INT> <*> <*> <DATE><FLOAT>.<FLOAT> <*> RAS KERNEL <*> <*> <*>,"{""LARGE_INT"": ""1120968310"", ""*"": ""core.28918"", ""DATE"": ""2"", ""FLOAT"": ""05.10.098884""}",1,4
run_BGL_sample_20260521T043549_42,2026-05-21T04:35:49.997880+00:00,- 1120968439 2005.07.09 R25-M1-NF-C:J10-U11 2005-07-09-21.07.19.074851 R25-M1-NF-C:J10-U11 RAS KERNEL INFO generating core.21145,- <LARGE_INT> <*> <*> <DATE><FLOAT>.<FLOAT> <*> RAS KERNEL <*> <*> <*>,"{""LARGE_INT"": ""1120968439"", ""*"": ""core.21145"", ""DATE"": ""2"", ""FLOAT"": ""07.19.074851""}",1,4
run_BGL_sample_20260521T043549_42,2026-05-21T04:35:49.997880+00:00,- 1120968530 2005.07.09 R35-M1-NF-C:J14-U01 2005-07-09-21.08.50.003067 R35-M1-NF-C:J14-U01 RAS KERNEL INFO generating core.8832,- <LARGE_INT> <*> <*> <DATE><FLOAT>.<FLOAT> <*> RAS KERNEL <*> <*> <*>,"{""LARGE_INT"": ""1120968530"", ""*"": ""core.8832"", ""DATE"": ""2"", ""FLOAT"": ""08.50.003067""}",1,4
run_BGL_sample_20260521T043549_42,2026-05-21T04:35:49.997880+00:00,- 1120968585 2005.07.09 R20-M1-N8-C:J03-U01 2005-07-09-21.09.45.813839 R20-M1-N8-C:J03-U01 RAS KERNEL INFO generating core.20015,- <LARGE_INT> <*> <*> <DATE><FLOAT>.<FLOAT> <*> RAS KERNEL <*> <*> <*>,"{""LARGE_INT"": ""1120968585"", ""*"": ""core.20015"", ""DATE"": ""2"", ""FLOAT"": ""09.45.813839""}",1,4
run_BGL_sample_20260521T043549_42,2026-05-21T04:35:49.997880+00:00,- 1120968609 2005.07.09 R27-M0-N8-C:J17-U01 2005-07-09-21.10.09.468130 R27-M0-N8-C:J17-U01 RAS KERNEL INFO generating core.11564,- <LARGE_INT> <*> <*> <DATE><FLOAT>.<FLOAT> <*> RAS KERNEL <*> <*> <*>,"{""LARGE_INT"": ""1120968609"", ""*"": ""core.11564"", ""DATE"": ""2"", ""FLOAT"": ""10.09.468130""}",1,4
run_BGL_sample_20260521T043549_42,2026-05-21T04:35:49.997880+00:00,- 1120968690 2005.07.09 R30-M0-NC-C:J10-U11 2005-07-09-21.11.30.337616 R30-M0-NC-C:J10-U11 RAS KERNEL INFO generating core.1557,- <LARGE_INT> <*> <*> <DATE><FLOAT>.<FLOAT> <*> RAS KERNEL <*> <*> <*>,"{""LARGE_INT"": ""1120968690"", ""*"": ""core.1557"", ""DATE"": ""2"", ""FLOAT"": ""11.30.337616""}",1,4
run_BGL_sample_20260521T043549_42,2026-05-21T04:35:49.997880+00:00,- 1120968838 2005.07.09 R11-M0-N2-C:J04-U11 2005-07-09-21.13.58.391696 R11-M0-N2-C:J04-U11 RAS KERNEL INFO generating core.5167,- <LARGE_INT> <*> <*> <DATE><FLOAT>.<FLOAT> <*> RAS KERNEL <*> <*> <*>,"{""LARGE_INT"": ""1120968838"", ""*"": ""core.5167"", ""DATE"": ""2"", ""FLOAT"": ""13.58.391696""}",1,4
run_BGL_sample_20260521T043549_42,2026-05-21T04:35:49.997880+00:00,- 1120968857 2005.07.09 R11-M1-N2-C:J04-U01 2005-07-09-21.14.17.975757 R11-M1-N2-C:J04-U01 RAS KERNEL INFO generating core.3111,- <LARGE_INT> <*> <*> <DATE><FLOAT>.<FLOAT> <*> RAS KERNEL <*> <*> <*>,"{""LARGE_INT"": ""1120968857"", ""*"": ""core.3111"", ""DATE"": ""2"", ""FLOAT"": ""14.17.975757""}",1,4
run_BGL_sample_20260521T043549_42,2026-05-21T04:35:49.997880+00:00,- 1120968887 2005.07.09 R10-M0-NB-C:J13-U11 2005-07-09-21.14.47.953574 R10-M0-NB-C:J13-U11 RAS KERNEL INFO generating core.7193,- <LARGE_INT> <*> <*> <DATE><FLOAT>.<FLOAT> <*> RAS KERNEL <*> <*> <*>,"{""LARGE_INT"": ""1120968887"", ""*"": ""core.7193"", ""DATE"": ""2"", ""FLOAT"": ""14.47.953574""}",1,4
run_BGL_sample_20260521T043549_42,2026-05-21T04:35:49.997880+00:00,- 1120968941 2005.07.09 R13-M0-N0-C:J12-U01 2005-07-09-21.15.41.885081 R13-M0-N0-C:J12-U01 RAS KERNEL INFO generating core.5861,- <LARGE_INT> <*> <*> <DATE><FLOAT>.<FLOAT> <*> RAS KERNEL <*> <*> <*>,"{""LARGE_INT"": ""1120968941"", ""*"": ""core.5861"", ""DATE"": ""2"", ""FLOAT"": ""15.41.885081""}",1,4
run_BGL_sample_20260521T043549_42,2026-05-21T04:35:49.997880+00:00,- 1120969022 2005.07.09 R30-M1-N1-C:J12-U01 2005-07-09-21.17.02.803088 R30-M1-N1-C:J12-U01 RAS KERNEL INFO generating core.15425,- <LARGE_INT> <*> <*> <DATE><FLOAT>.<FLOAT> <*> RAS KERNEL <*> <*> <*>,"{""LARGE_INT"": ""1120969022"", ""*"": ""core.15425"", ""DATE"": ""2"", ""FLOAT"": ""17.02.803088""}",1,4
run_BGL_sample_20260521T043549_42,2026-05-21T04:35:49.997880+00:00,- 1120969071 2005.07.09 R30-M0-NF-C:J15-U11 2005-07-09-21.17.51.730570 R30-M0-NF-C:J15-U11 RAS KERNEL INFO generating core.560,- <LARGE_INT> <*> <*> <DATE><FLOAT>.<FLOAT> <*> RAS KERNEL <*> <*> <*>,"{""LARGE_INT"": ""1120969071"", ""*"": ""core.560"", ""DATE"": ""2"", ""FLOAT"": ""17.51.730570""}",1,4
run_BGL_sample_20260521T043549_42,2026-05-21T04:35:49.997880+00:00,- 1120969099 2005.07.09 R35-M0-ND-C:J14-U01 2005-07-09-21.18.19.960414 R35-M0-ND-C:J14-U01 RAS KERNEL INFO generating core.5760,- <LARGE_INT> <*> <*> <DATE><FLOAT>.<FLOAT> <*> RAS KERNEL <*> <*> <*>,"{""LARGE_INT"": ""1120969099"", ""*"": ""core.5760"", ""DATE"": ""2"", ""FLOAT"": ""18.19.960414""}",1,4
run_BGL_sample_20260521T043549_42,2026-05-21T04:35:49.997880+00:00,- 1120969138 2005.07.09 R22-M0-ND-C:J17-U11 2005-07-09-21.18.58.127449 R22-M0-ND-C:J17-U11 RAS KERNEL INFO generating core.13752,- <LARGE_INT> <*> <*> <DATE><FLOAT>.<FLOAT> <*> RAS KERNEL <*> <*> <*>,"{""LARGE_INT"": ""1120969138"", ""*"": ""core.13752"", ""DATE"": ""2"", ""FLOAT"": ""18.58.127449""}",1,4
run_BGL_sample_20260521T043549_42,2026-05-21T04:35:49.997880+00:00,- 1120969145 2005.07.09 R21-M0-N2-C:J15-U01 2005-07-09-21.19.05.376937 R21-M0-N2-C:J15-U01 RAS KERNEL INFO generating core.10860,- <LARGE_INT> <*> <*> <DATE><FLOAT>.<FLOAT> <*> RAS KERNEL <*> <*> <*>,"{""LARGE_INT"": ""1120969145"", ""*"": ""core.10860"", ""DATE"": ""2"", ""FLOAT"": ""19.05.376937""}",1,4
run_BGL_sample_20260521T043549_42,2026-05-21T04:35:49.997880+00:00,- 1120969149 2005.07.09 R24-M0-N7-C:J17-U11 2005-07-09-21.19.09.892450 R24-M0-N7-C:J17-U11 RAS KERNEL INFO generating core.12536,- <LARGE_INT> <*> <*> <DATE><FLOAT>.<FLOAT> <*> RAS KERNEL <*> <*> <*>,"{""LARGE_INT"": ""1120969149"", ""*"": ""core.12536"", ""DATE"": ""2"", ""FLOAT"": ""19.09.892450""}",1,4
run_BGL_sample_20260521T043549_42,2026-05-21T04:35:49.997880+00:00,- 1120969163 2005.07.09 R36-M0-N9-C:J17-U01 2005-07-09-21.19.23.537422 R36-M0-N9-C:J17-U01 RAS KERNEL INFO generating core.19744,- <LARGE_INT> <*> <*> <DATE><FLOAT>.<FLOAT> <*> RAS KERNEL <*> <*> <*>,"{""LARGE_INT"": ""1120969163"", ""*"": ""core.19744"", ""DATE"": ""2"", ""FLOAT"": ""19.23.537422""}",1,4
run_BGL_sample_20260521T043549_42,2026-05-21T04:35:49.997880+00:00,- 1120969179 2005.07.09 R31-M1-N7-C:J03-U01 2005-07-09-21.19.39.649600 R31-M1-N7-C:J03-U01 RAS KERNEL INFO generating core.8803,- <LARGE_INT> <*> <*> <DATE><FLOAT>.<FLOAT> <*> RAS KERNEL <*> <*> <*>,"{""LARGE_INT"": ""1120969179"", ""*"": ""core.8803"", ""DATE"": ""2"", ""FLOAT"": ""19.39.649600""}",1,4
run_BGL_sample_20260521T043549_42,2026-05-21T04:35:49.997880+00:00,- 1120969258 2005.07.09 R21-M0-N0-C:J06-U01 2005-07-09-21.20.58.981208 R21-M0-N0-C:J06-U01 RAS KERNEL INFO generating core.28238,- <LARGE_INT> <*> <*> <DATE><FLOAT>.<FLOAT> <*> RAS KERNEL <*> <*> <*>,"{""LARGE_INT"": ""1120969258"", ""*"": ""core.28238"", ""DATE"": ""2"", ""FLOAT"": ""20.58.981208""}",1,4
run_BGL_sample_20260521T043549_42,2026-05-21T04:35:49.997880+00:00,- 1120969308 2005.07.09 R36-M1-N7-C:J05-U01 2005-07-09-21.21.48.751878 R36-M1-N7-C:J05-U01 RAS KERNEL INFO generating core.12643,- <LARGE_INT> <*> <*> <DATE><FLOAT>.<FLOAT> <*> RAS KERNEL <*> <*> <*>,"{""LARGE_INT"": ""1120969308"", ""*"": ""core.12643"", ""DATE"": ""2"", ""FLOAT"": ""21.48.751878""}",1,4
run_BGL_sample_20260521T043549_42,2026-05-21T04:35:49.997880+00:00,- 1120969332 2005.07.09 R20-M0-N6-C:J03-U11 2005-07-09-21.22.12.020466 R20-M0-N6-C:J03-U11 RAS KERNEL INFO generating core.12927,- <LARGE_INT> <*> <*> <DATE><FLOAT>.<FLOAT> <*> RAS KERNEL <*> <*> <*>,"{""LARGE_INT"": ""1120969332"", ""*"": ""core.12927"", ""DATE"": ""2"", ""FLOAT"": ""22.12.020466""}",1,4
run_BGL_sample_20260521T043549_42,2026-05-21T04:35:49.997880+00:00,- 1120969348 2005.07.09 R37-M0-NA-C:J10-U01 2005-07-09-21.22.28.245426 R37-M0-NA-C:J10-U01 RAS KERNEL INFO generating core.6917,- <LARGE_INT> <*> <*> <DATE><FLOAT>.<FLOAT> <*> RAS KERNEL <*> <*> <*>,"{""LARGE_INT"": ""1120969348"", ""*"": ""core.6917"", ""DATE"": ""2"", ""FLOAT"": ""22.28.245426""}",1,4
run_BGL_sample_20260521T043549_42,2026-05-21T04:35:49.997880+00:00,- 1120969377 2005.07.09 R27-M1-N7-C:J11-U01 2005-07-09-21.22.57.518045 R27-M1-N7-C:J11-U01 RAS KERNEL INFO generating core.21353,- <LARGE_INT> <*> <*> <DATE><FLOAT>.<FLOAT> <*> RAS KERNEL <*> <*> <*>,"{""LARGE_INT"": ""1120969377"", ""*"": ""core.21353"", ""DATE"": ""2"", ""FLOAT"": ""22.57.518045""}",1,4
run_BGL_sample_20260521T043549_42,2026-05-21T04:35:49.997880+00:00,- 1120969383 2005.07.09 R26-M1-N6-C:J15-U11 2005-07-09-21.23.03.768684 R26-M1-N6-C:J15-U11 RAS KERNEL INFO generating core.17276,- <LARGE_INT> <*> <*> <DATE><FLOAT>.<FLOAT> <*> RAS KERNEL <*> <*> <*>,"{""LARGE_INT"": ""1120969383"", ""*"": ""core.17276"", ""DATE"": ""2"", ""FLOAT"": ""23.03.768684""}",1,4
run_BGL_sample_20260521T043549_42,2026-05-21T04:35:49.997880+00:00,- 1120969432 2005.07.09 R27-M0-N3-C:J04-U01 2005-07-09-21.23.52.155670 R27-M0-N3-C:J04-U01 RAS KERNEL INFO generating core.26955,- <LARGE_INT> <*> <*> <DATE><FLOAT>.<FLOAT> <*> RAS KERNEL <*> <*> <*>,"{""LARGE_INT"": ""1120969432"", ""*"": ""core.26955"", ""DATE"": ""2"", ""FLOAT"": ""23.52.155670""}",1,4
run_BGL_sample_20260521T043549_42,2026-05-21T04:35:49.997880+00:00,- 1120969436 2005.07.09 R27-M0-N2-C:J03-U11 2005-07-09-21.23.56.916963 R27-M0-N2-C:J03-U11 RAS KERNEL INFO generating core.11135,- <LARGE_INT> <*> <*> <DATE><FLOAT>.<FLOAT> <*> RAS KERNEL <*> <*> <*>,"{""LARGE_INT"": ""1120969436"", ""*"": ""core.11135"", ""DATE"": ""2"", ""FLOAT"": ""23.56.916963""}",1,4
run_BGL_sample_20260521T043549_42,2026-05-21T04:35:49.997880+00:00,- 1120969467 2005.07.09 R31-M0-NA-C:J03-U11 2005-07-09-21.24.27.695037 R31-M0-NA-C:J03-U11 RAS KERNEL INFO generating core.6711,- <LARGE_INT> <*> <*> <DATE><FLOAT>.<FLOAT> <*> RAS KERNEL <*> <*> <*>,"{""LARGE_INT"": ""1120969467"", ""*"": ""core.6711"", ""DATE"": ""2"", ""FLOAT"": ""24.27.695037""}",1,4
run_BGL_sample_20260521T043549_42,2026-05-21T04:35:49.997880+00:00,- 1120969497 2005.07.09 R27-M1-ND-C:J02-U01 2005-07-09-21.24.57.796889 R27-M1-ND-C:J02-U01 RAS KERNEL INFO generating core.22283,- <LARGE_INT> <*> <*> <DATE><FLOAT>.<FLOAT> <*> RAS KERNEL <*> <*> <*>,"{""LARGE_INT"": ""1120969497"", ""*"": ""core.22283"", ""DATE"": ""2"", ""FLOAT"": ""24.57.796889""}",1,4
run_BGL_sample_20260521T043549_42,2026-05-21T04:35:49.997880+00:00,- 1120969508 2005.07.09 R35-M0-NE-C:J03-U11 2005-07-09-21.25.08.918888 R35-M0-NE-C:J03-U11 RAS KERNEL INFO generating core.21175,- <LARGE_INT> <*> <*> <DATE><FLOAT>.<FLOAT> <*> RAS KERNEL <*> <*> <*>,"{""LARGE_INT"": ""1120969508"", ""*"": ""core.21175"", ""DATE"": ""2"", ""FLOAT"": ""25.08.918888""}",1,4
run_BGL_sample_20260521T043549_42,2026-05-21T04:35:49.997880+00:00,- 1120969527 2005.07.09 R25-M0-N9-C:J11-U01 2005-07-09-21.25.27.506107 R25-M0-N9-C:J11-U01 RAS KERNEL INFO generating core.28329,- <LARGE_INT> <*> <*> <DATE><FLOAT>.<FLOAT> <*> RAS KERNEL <*> <*> <*>,"{""LARGE_INT"": ""1120969527"", ""*"": ""core.28329"", ""DATE"": ""2"", ""FLOAT"": ""25.27.506107""}",1,4
run_BGL_sample_20260521T043549_42,2026-05-21T04:35:49.997880+00:00,- 1120969674 2005.07.09 R22-M1-N8-C:J02-U01 2005-07-09-21.27.54.261842 R22-M1-N8-C:J02-U01 RAS KERNEL INFO generating core.20367,- <LARGE_INT> <*> <*> <DATE><FLOAT>.<FLOAT> <*> RAS KERNEL <*> <*> <*>,"{""LARGE_INT"": ""1120969674"", ""*"": ""core.20367"", ""DATE"": ""2"", ""FLOAT"": ""27.54.261842""}",1,4
run_BGL_sample_20260521T043549_42,2026-05-21T04:35:49.997880+00:00,- 1120969704 2005.07.09 R27-M1-N8-C:J08-U11 2005-07-09-21.28.24.603741 R27-M1-N8-C:J08-U11 RAS KERNEL INFO generating core.23838,- <LARGE_INT> <*> <*> <DATE><FLOAT>.<FLOAT> <*> RAS KERNEL <*> <*> <*>,"{""LARGE_INT"": ""1120969704"", ""*"": ""core.23838"", ""DATE"": ""2"", ""FLOAT"": ""28.24.603741""}",1,4
run_BGL_sample_20260521T043549_42,2026-05-21T04:35:49.997880+00:00,- 1120969709 2005.07.09 R22-M0-N8-C:J15-U01 2005-07-09-21.28.29.361442 R22-M0-N8-C:J15-U01 RAS KERNEL INFO generating core.16300,- <LARGE_INT> <*> <*> <DATE><FLOAT>.<FLOAT> <*> RAS KERNEL <*> <*> <*>,"{""LARGE_INT"": ""1120969709"", ""*"": ""core.16300"", ""DATE"": ""2"", ""FLOAT"": ""28.29.361442""}",1,4
run_BGL_sample_20260521T043549_42,2026-05-21T04:35:49.997880+00:00,- 1120969793 2005.07.09 R33-M0-N0-C:J04-U01 2005-07-09-21.29.53.355653 R33-M0-N0-C:J04-U01 RAS KERNEL INFO generating core.7623,- <LARGE_INT> <*> <*> <DATE><FLOAT>.<FLOAT> <*> RAS KERNEL <*> <*> <*>,"{""LARGE_INT"": ""1120969793"", ""*"": ""core.7623"", ""DATE"": ""2"", ""FLOAT"": ""29.53.355653""}",1,4
run_BGL_sample_20260521T043549_42,2026-05-21T04:35:49.997880+00:00,- 1120969840 2005.07.09 R01-M0-N0-C:J10-U01 2005-07-09-21.30.40.884135 R01-M0-N0-C:J10-U01 RAS KERNEL INFO generating core.1957,- <LARGE_INT> <*> <*> <DATE><FLOAT>.<FLOAT> <*> RAS KERNEL <*> <*> <*>,"{""LARGE_INT"": ""1120969840"", ""*"": ""core.1957"", ""DATE"": ""2"", ""FLOAT"": ""30.40.884135""}",1,4
run_BGL_sample_20260521T043549_42,2026-05-21T04:35:49.997880+00:00,- 1120970168 2005.07.09 R04-M1-NE-C:J15-U11 2005-07-09-21.36.08.377661 R04-M1-NE-C:J15-U11 RAS KERNEL INFO generating core.3292,- <LARGE_INT> <*> <*> <DATE><FLOAT>.<FLOAT> <*> RAS KERNEL <*> <*> <*>,"{""LARGE_INT"": ""1120970168"", ""*"": ""core.3292"", ""DATE"": ""2"", ""FLOAT"": ""36.08.377661""}",1,4
run_BGL_sample_20260521T043549_42,2026-05-21T04:35:49.997880+00:00,- 1120970941 2005.07.09 R00-M1-N7-C:J11-U01 2005-07-09-21.49.01.198976 R00-M1-N7-C:J11-U01 RAS KERNEL INFO generating core.3249,- <LARGE_INT> <*> <*> <DATE><FLOAT>.<FLOAT> <*> RAS KERNEL <*> <*> <*>,"{""LARGE_INT"": ""1120970941"", ""*"": ""core.3249"", ""DATE"": ""2"", ""FLOAT"": ""49.01.198976""}",1,4
run_BGL_sample_20260521T043549_42,2026-05-21T04:35:49.997880+00:00,- 1120970946 2005.07.09 R01-M1-N2-C:J08-U11 2005-07-09-21.49.06.101225 R01-M1-N2-C:J08-U11 RAS KERNEL INFO generating core.2606,- <LARGE_INT> <*> <*> <DATE><FLOAT>.<FLOAT> <*> RAS KERNEL <*> <*> <*>,"{""LARGE_INT"": ""1120970946"", ""*"": ""core.2606"", ""DATE"": ""2"", ""FLOAT"": ""49.06.101225""}",1,4
run_BGL_sample_20260521T043549_42,2026-05-21T04:35:49.997880+00:00,- 1120972565 2005.07.09 R01-M1-N7-C:J11-U11 2005-07-09-22.16.05.307549 R01-M1-N7-C:J11-U11 RAS KERNEL INFO generating core.2233,- <LARGE_INT> <*> <*> <DATE><FLOAT>.<FLOAT> <*> RAS KERNEL <*> <*> <*>,"{""LARGE_INT"": ""1120972565"", ""*"": ""core.2233"", ""DATE"": ""2"", ""FLOAT"": ""16.05.307549""}",1,4
run_BGL_sample_20260521T043549_42,2026-05-21T04:35:49.997880+00:00,- 1120972589 2005.07.09 R04-M1-N0-C:J05-U01 2005-07-09-22.16.29.497623 R04-M1-N0-C:J05-U01 RAS KERNEL INFO generating core.3959,- <LARGE_INT> <*> <*> <DATE><FLOAT>.<FLOAT> <*> RAS KERNEL <*> <*> <*>,"{""LARGE_INT"": ""1120972589"", ""*"": ""core.3959"", ""DATE"": ""2"", ""FLOAT"": ""16.29.497623""}",1,4
run_BGL_sample_20260521T043549_42,2026-05-21T04:35:49.997880+00:00,- 1120972998 2005.07.09 R05-M1-N9-C:J16-U01 2005-07-09-22.23.18.517961 R05-M1-N9-C:J16-U01 RAS KERNEL INFO generating core.2880,- <LARGE_INT> <*> <*> <DATE><FLOAT>.<FLOAT> <*> RAS KERNEL <*> <*> <*>,"{""LARGE_INT"": ""1120972998"", ""*"": ""core.2880"", ""DATE"": ""2"", ""FLOAT"": ""23.18.517961""}",1,4
run_BGL_sample_20260521T043549_42,2026-05-21T04:35:49.997880+00:00,- 1120973021 2005.07.09 R04-M1-NB-C:J15-U01 2005-07-09-22.23.41.495412 R04-M1-NB-C:J15-U01 RAS KERNEL INFO generating core.3792,- <LARGE_INT> <*> <*> <DATE><FLOAT>.<FLOAT> <*> RAS KERNEL <*> <*> <*>,"{""LARGE_INT"": ""1120973021"", ""*"": ""core.3792"", ""DATE"": ""2"", ""FLOAT"": ""23.41.495412""}",1,4
run_BGL_sample_20260521T043549_42,2026-05-21T04:35:49.997880+00:00,- 1120974004 2005.07.09 R01-M1-N9-C:J03-U11 2005-07-09-22.40.04.247442 R01-M1-N9-C:J03-U11 RAS KERNEL INFO generating core.2971,- <LARGE_INT> <*> <*> <DATE><FLOAT>.<FLOAT> <*> RAS KERNEL <*> <*> <*>,"{""LARGE_INT"": ""1120974004"", ""*"": ""core.2971"", ""DATE"": ""2"", ""FLOAT"": ""40.04.247442""}",1,4
run_BGL_sample_20260521T043549_42,2026-05-21T04:35:49.997880+00:00,- 1120975821 2005.07.09 R04-M1-NE-C:J10-U01 2005-07-09-23.10.21.207634 R04-M1-NE-C:J10-U01 RAS KERNEL INFO generating core.3269,- <LARGE_INT> <*> <*> <DATE><FLOAT>.<FLOAT> <*> RAS KERNEL <*> <*> <*>,"{""LARGE_INT"": ""1120975821"", ""*"": ""core.3269"", ""DATE"": ""2"", ""FLOAT"": ""10.21.207634""}",1,4
run_BGL_sample_20260521T043549_42,2026-05-21T04:35:49.997880+00:00,- 1121006513 2005.07.10 R27-M1-N9-C:J15-U11 2005-07-10-07.41.53.770739 R27-M1-N9-C:J15-U11 RAS KERNEL INFO generating core.24376,- <LARGE_INT> <*> <*> <DATE><FLOAT>.<FLOAT> <*> RAS KERNEL <*> <*> <*>,"{""LARGE_INT"": ""1121006513"", ""*"": ""core.24376"", ""DATE"": ""2"", ""FLOAT"": ""41.53.770739""}",1,4
run_BGL_sample_20260521T043549_42,2026-05-21T04:35:49.997880+00:00,- 1121006557 2005.07.10 R24-M0-N3-C:J02-U01 2005-07-10-07.42.37.036562 R24-M0-N3-C:J02-U01 RAS KERNEL INFO generating core.31435,- <LARGE_INT> <*> <*> <DATE><FLOAT>.<FLOAT> <*> RAS KERNEL <*> <*> <*>,"{""LARGE_INT"": ""1121006557"", ""*"": ""core.31435"", ""DATE"": ""2"", ""FLOAT"": ""42.37.036562""}",1,4
run_BGL_sample_20260521T043549_42,2026-05-21T04:35:49.997880+00:00,- 1121006570 2005.07.10 R26-M1-N9-C:J02-U01 2005-07-10-07.42.50.396450 R26-M1-N9-C:J02-U01 RAS KERNEL INFO generating core.3851,- <LARGE_INT> <*> <*> <DATE><FLOAT>.<FLOAT> <*> RAS KERNEL <*> <*> <*>,"{""LARGE_INT"": ""1121006570"", ""*"": ""core.3851"", ""DATE"": ""2"", ""FLOAT"": ""42.50.396450""}",1,4
run_BGL_sample_20260521T043549_42,2026-05-21T04:35:49.997880+00:00,- 1121006621 2005.07.10 R36-M0-N9-C:J11-U01 2005-07-10-07.43.41.076829 R36-M0-N9-C:J11-U01 RAS KERNEL INFO generating core.20257,- <LARGE_INT> <*> <*> <DATE><FLOAT>.<FLOAT> <*> RAS KERNEL <*> <*> <*>,"{""LARGE_INT"": ""1121006621"", ""*"": ""core.20257"", ""DATE"": ""2"", ""FLOAT"": ""43.41.076829""}",1,4
run_BGL_sample_20260521T043549_42,2026-05-21T04:35:49.997880+00:00,- 1121006676 2005.07.10 R30-M1-N9-C:J10-U01 2005-07-10-07.44.36.306387 R30-M1-N9-C:J10-U01 RAS KERNEL INFO generating core.32257,- <LARGE_INT> <*> <*> <DATE><FLOAT>.<FLOAT> <*> RAS KERNEL <*> <*> <*>,"{""LARGE_INT"": ""1121006676"", ""*"": ""core.32257"", ""DATE"": ""2"", ""FLOAT"": ""44.36.306387""}",1,4
run_BGL_sample_20260521T043549_42,2026-05-21T04:35:49.997880+00:00,- 1121006677 2005.07.10 R23-M1-NA-C:J14-U11 2005-07-10-07.44.37.462311 R23-M1-NA-C:J14-U11 RAS KERNEL INFO generating core.7068,- <LARGE_INT> <*> <*> <DATE><FLOAT>.<FLOAT> <*> RAS KERNEL <*> <*> <*>,"{""LARGE_INT"": ""1121006677"", ""*"": ""core.7068"", ""DATE"": ""2"", ""FLOAT"": ""44.37.462311""}",1,4
run_BGL_sample_20260521T043549_42,2026-05-21T04:35:49.997880+00:00,- 1121006797 2005.07.10 R25-M1-N7-C:J13-U01 2005-07-10-07.46.37.300865 R25-M1-N7-C:J13-U01 RAS KERNEL INFO generating core.4329,- <LARGE_INT> <*> <*> <DATE><FLOAT>.<FLOAT> <*> RAS KERNEL <*> <*> <*>,"{""LARGE_INT"": ""1121006797"", ""*"": ""core.4329"", ""DATE"": ""2"", ""FLOAT"": ""46.37.300865""}",1,4
run_BGL_sample_20260521T043549_42,2026-05-21T04:35:49.997880+00:00,- 1121006800 2005.07.10 R24-M1-N7-C:J16-U11 2005-07-10-07.46.40.398797 R24-M1-N7-C:J16-U11 RAS KERNEL INFO generating core.16600,- <LARGE_INT> <*> <*> <DATE><FLOAT>.<FLOAT> <*> RAS KERNEL <*> <*> <*>,"{""LARGE_INT"": ""1121006800"", ""*"": ""core.16600"", ""DATE"": ""2"", ""FLOAT"": ""46.40.398797""}",1,4
run_BGL_sample_20260521T043549_42,2026-05-21T04:35:49.997880+00:00,- 1121006825 2005.07.10 R37-M0-N2-C:J05-U11 2005-07-10-07.47.05.910036 R37-M0-N2-C:J05-U11 RAS KERNEL INFO generating core.6519,- <LARGE_INT> <*> <*> <DATE><FLOAT>.<FLOAT> <*> RAS KERNEL <*> <*> <*>,"{""LARGE_INT"": ""1121006825"", ""*"": ""core.6519"", ""DATE"": ""2"", ""FLOAT"": ""47.05.910036""}",1,4
run_BGL_sample_20260521T043549_42,2026-05-21T04:35:49.997880+00:00,- 1121006882 2005.07.10 R32-M1-N3-C:J10-U11 2005-07-10-07.48.02.079501 R32-M1-N3-C:J10-U11 RAS KERNEL INFO generating core.15313,- <LARGE_INT> <*> <*> <DATE><FLOAT>.<FLOAT> <*> RAS KERNEL <*> <*> <*>,"{""LARGE_INT"": ""1121006882"", ""*"": ""core.15313"", ""DATE"": ""2"", ""FLOAT"": ""48.02.079501""}",1,4
run_BGL_sample_20260521T043549_42,2026-05-21T04:35:49.997880+00:00,- 1121006900 2005.07.10 R24-M1-N6-C:J05-U01 2005-07-10-07.48.20.756795 R24-M1-N6-C:J05-U01 RAS KERNEL INFO generating core.16623,- <LARGE_INT> <*> <*> <DATE><FLOAT>.<FLOAT> <*> RAS KERNEL <*> <*> <*>,"{""LARGE_INT"": ""1121006900"", ""*"": ""core.16623"", ""DATE"": ""2"", ""FLOAT"": ""48.20.756795""}",1,4
run_BGL_sample_20260521T043549_42,2026-05-21T04:35:49.997880+00:00,- 1121006926 2005.07.10 R25-M0-NA-C:J13-U11 2005-07-10-07.48.46.695024 R25-M0-NA-C:J13-U11 RAS KERNEL INFO generating core.10429,- <LARGE_INT> <*> <*> <DATE><FLOAT>.<FLOAT> <*> RAS KERNEL <*> <*> <*>,"{""LARGE_INT"": ""1121006926"", ""*"": ""core.10429"", ""DATE"": ""2"", ""FLOAT"": ""48.46.695024""}",1,4
run_BGL_sample_20260521T043549_42,2026-05-21T04:35:49.997880+00:00,- 1121007023 2005.07.10 R36-M1-N0-C:J17-U11 2005-07-10-07.50.23.201865 R36-M1-N0-C:J17-U11 RAS KERNEL INFO generating core.32116,- <LARGE_INT> <*> <*> <DATE><FLOAT>.<FLOAT> <*> RAS KERNEL <*> <*> <*>,"{""LARGE_INT"": ""1121007023"", ""*"": ""core.32116"", ""DATE"": ""2"", ""FLOAT"": ""50.23.201865""}",1,4
run_BGL_sample_20260521T043549_42,2026-05-21T04:35:49.997880+00:00,- 1121007046 2005.07.10 R30-M1-N8-C:J15-U11 2005-07-10-07.50.46.048460 R30-M1-N8-C:J15-U11 RAS KERNEL INFO generating core.15924,- <LARGE_INT> <*> <*> <DATE><FLOAT>.<FLOAT> <*> RAS KERNEL <*> <*> <*>,"{""LARGE_INT"": ""1121007046"", ""*"": ""core.15924"", ""DATE"": ""2"", ""FLOAT"": ""50.46.048460""}",1,4
run_BGL_sample_20260521T043549_42,2026-05-21T04:35:49.997880+00:00,"- 1121091173 2005.07.11 R30-M0-NB-C:J09-U01 2005-07-11-07.12.53.947417 R30-M0-NB-C:J09-U01 RAS KERNEL INFO CE sym 2, at 0x0d09f1",- <LARGE_INT> <*> <*> <DATE><FLOAT>.<FLOAT> <*> RAS KERNEL INFO <*> <*> <*> <*> <*>,"{""LARGE_INT"": ""1121091173"", ""*"": ""0x0d09f1"", ""DATE"": ""2"", ""FLOAT"": ""12.53.947417""}",1,4
run_BGL_sample_20260521T043549_42,2026-05-21T04:35:49.997880+00:00,- 1121111691 2005.07.11 R22-M0-N0-I:J18-U11 2005-07-11-12.54.51.738880 R22-M0-N0-I:J18-U11 RAS APP FATAL ciod: Error loading /ho,- <LARGE_INT> <*> <*> <DATE><FLOAT>.<FLOAT> <*> RAS <*> <*> <*> <*> <*> <*>,"{""LARGE_INT"": ""1121111691"", ""*"": ""/ho"", ""DATE"": ""2"", ""FLOAT"": ""54.51.738880""}",1,4
run_BGL_sample_20260521T043549_42,2026-05-21T04:35:49.997880+00:00,KERNRTSP 1121115817 2005.07.11 R01-M0-N1-C:J09-U11 2005-07-11-14.03.37.675251 R01-M0-N1-C:J09-U11 RAS KERNEL FATAL rts panic! -,KERNRTSP <LARGE_INT> <FLOAT>.11 R01-M0-N1-C:J09-U11 <DATE><FLOAT>.<FLOAT> R01-M0-N1-C:J09-U11 RAS KERNEL FATAL rts panic! -,"{""LARGE_INT"": ""1121115817"", ""FLOAT"": ""03.37.675251"", ""DATE"": ""2""}",1,3
run_BGL_sample_20260521T043549_42,2026-05-21T04:35:49.997880+00:00,KERNRTSP 1121115819 2005.07.11 R04-M0-N1-C:J02-U01 2005-07-11-14.03.39.101778 R04-M0-N1-C:J02-U01 RAS KERNEL FATAL rts panic! -,KERNRTSP <LARGE_INT> <FLOAT>.11 <*> <DATE><FLOAT>.<FLOAT> <*> RAS KERNEL FATAL rts panic! -,"{""LARGE_INT"": ""1121115819"", ""FLOAT"": ""03.39.101778"", ""*"": ""R04-M0-N1-C:J02-U01"", ""DATE"": ""2""}",1,4
run_BGL_sample_20260521T043549_42,2026-05-21T04:35:49.997880+00:00,- 1121172088 2005.07.12 R37-M1-N6-C:J03-U11 2005-07-12-05.41.28.215496 R37-M1-N6-C:J03-U11 RAS KERNEL INFO generating core.9079,- <LARGE_INT> <*> <*> <DATE><FLOAT>.<FLOAT> <*> RAS KERNEL <*> <*> <*>,"{""LARGE_INT"": ""1121172088"", ""*"": ""core.9079"", ""DATE"": ""2"", ""FLOAT"": ""41.28.215496""}",1,4
run_BGL_sample_20260521T043549_42,2026-05-21T04:35:49.997880+00:00,- 1121172217 2005.07.12 R27-M1-NB-C:J12-U11 2005-07-12-05.43.37.421103 R27-M1-NB-C:J12-U11 RAS KERNEL INFO generating core.6425,- <LARGE_INT> <*> <*> <DATE><FLOAT>.<FLOAT> <*> RAS KERNEL <*> <*> <*>,"{""LARGE_INT"": ""1121172217"", ""*"": ""core.6425"", ""DATE"": ""2"", ""FLOAT"": ""43.37.421103""}",1,4
run_BGL_sample_20260521T043549_42,2026-05-21T04:35:49.997880+00:00,- 1121172239 2005.07.12 R26-M1-N1-C:J16-U01 2005-07-12-05.43.59.502921 R26-M1-N1-C:J16-U01 RAS KERNEL INFO generating core.3400,- <LARGE_INT> <*> <*> <DATE><FLOAT>.<FLOAT> <*> RAS KERNEL <*> <*> <*>,"{""LARGE_INT"": ""1121172239"", ""*"": ""core.3400"", ""DATE"": ""2"", ""FLOAT"": ""43.59.502921""}",1,4
run_BGL_sample_20260521T043549_42,2026-05-21T04:35:49.997880+00:00,- 1121172258 2005.07.12 R31-M0-NA-C:J03-U11 2005-07-12-05.44.18.854186 R31-M0-NA-C:J03-U11 RAS KERNEL INFO generating core.6711,- <LARGE_INT> <*> <*> <DATE><FLOAT>.<FLOAT> <*> RAS KERNEL <*> <*> <*>,"{""LARGE_INT"": ""1121172258"", ""*"": ""core.6711"", ""DATE"": ""2"", ""FLOAT"": ""44.18.854186""}",1,4
run_BGL_sample_20260521T043549_42,2026-05-21T04:35:49.997880+00:00,- 1121172266 2005.07.12 R34-M0-N2-C:J04-U11 2005-07-12-05.44.26.319459 R34-M0-N2-C:J04-U11 RAS KERNEL INFO generating core.2263,- <LARGE_INT> <*> <*> <DATE><FLOAT>.<FLOAT> <*> RAS KERNEL <*> <*> <*>,"{""LARGE_INT"": ""1121172266"", ""*"": ""core.2263"", ""DATE"": ""2"", ""FLOAT"": ""44.26.319459""}",1,4
run_BGL_sample_20260521T043549_42,2026-05-21T04:35:49.997880+00:00,- 1121172311 2005.07.12 R25-M0-ND-C:J09-U01 2005-07-12-05.45.11.854624 R25-M0-ND-C:J09-U01 RAS KERNEL INFO generating core.9386,- <LARGE_INT> <*> <*> <DATE><FLOAT>.<FLOAT> <*> RAS KERNEL <*> <*> <*>,"{""LARGE_INT"": ""1121172311"", ""*"": ""core.9386"", ""DATE"": ""2"", ""FLOAT"": ""45.11.854624""}",1,4
run_BGL_sample_20260521T043549_42,2026-05-21T04:35:49.997880+00:00,- 1121172452 2005.07.12 R22-M1-N0-C:J10-U11 2005-07-12-05.47.32.414558 R22-M1-N0-C:J10-U11 RAS KERNEL INFO generating core.4061,- <LARGE_INT> <*> <*> <DATE><FLOAT>.<FLOAT> <*> RAS KERNEL <*> <*> <*>,"{""LARGE_INT"": ""1121172452"", ""*"": ""core.4061"", ""DATE"": ""2"", ""FLOAT"": ""47.32.414558""}",1,4
run_BGL_sample_20260521T043549_42,2026-05-21T04:35:49.997880+00:00,- 1121172512 2005.07.12 R34-M1-N4-C:J07-U11 2005-07-12-05.48.32.532637 R34-M1-N4-C:J07-U11 RAS KERNEL INFO generating core.14070,- <LARGE_INT> <*> <*> <DATE><FLOAT>.<FLOAT> <*> RAS KERNEL <*> <*> <*>,"{""LARGE_INT"": ""1121172512"", ""*"": ""core.14070"", ""DATE"": ""2"", ""FLOAT"": ""48.32.532637""}",1,4
run_BGL_sample_20260521T043549_42,2026-05-21T04:35:49.997880+00:00,- 1121172512 2005.07.12 R34-M1-N4-C:J10-U01 2005-07-12-05.48.32.925986 R34-M1-N4-C:J10-U01 RAS KERNEL INFO generating core.14021,- <LARGE_INT> <*> <*> <DATE><FLOAT>.<FLOAT> <*> RAS KERNEL <*> <*> <*>,"{""LARGE_INT"": ""1121172512"", ""*"": ""core.14021"", ""DATE"": ""2"", ""FLOAT"": ""48.32.925986""}",1,4
run_BGL_sample_20260521T043549_42,2026-05-21T04:35:49.997880+00:00,- 1121172822 2005.07.12 R16-M1-N1-C:J05-U01 2005-07-12-05.53.42.889632 R16-M1-N1-C:J05-U01 RAS KERNEL INFO generating core.1715,- <LARGE_INT> <*> <*> <DATE><FLOAT>.<FLOAT> <*> RAS KERNEL <*> <*> <*>,"{""LARGE_INT"": ""1121172822"", ""*"": ""core.1715"", ""DATE"": ""2"", ""FLOAT"": ""53.42.889632""}",1,4
run_BGL_sample_20260521T043549_42,2026-05-21T04:35:49.997880+00:00,- 1121172833 2005.07.12 R17-M0-NF-C:J10-U11 2005-07-12-05.53.53.558095 R17-M0-NF-C:J10-U11 RAS KERNEL INFO generating core.4489,- <LARGE_INT> <*> <*> <DATE><FLOAT>.<FLOAT> <*> RAS KERNEL <*> <*> <*>,"{""LARGE_INT"": ""1121172833"", ""*"": ""core.4489"", ""DATE"": ""2"", ""FLOAT"": ""53.53.558095""}",1,4
run_BGL_sample_20260521T043549_42,2026-05-21T04:35:49.997880+00:00,- 1121172957 2005.07.12 R11-M1-N6-C:J16-U11 2005-07-12-05.55.57.631026 R11-M1-N6-C:J16-U11 RAS KERNEL INFO generating core.2092,- <LARGE_INT> <*> <*> <DATE><FLOAT>.<FLOAT> <*> RAS KERNEL <*> <*> <*>,"{""LARGE_INT"": ""1121172957"", ""*"": ""core.2092"", ""DATE"": ""2"", ""FLOAT"": ""55.57.631026""}",1,4
run_BGL_sample_20260521T043549_42,2026-05-21T04:35:49.997880+00:00,- 1121172988 2005.07.12 R15-M0-N8-C:J02-U11 2005-07-12-05.56.28.419299 R15-M0-N8-C:J02-U11 RAS KERNEL INFO generating core.5967,- <LARGE_INT> <*> <*> <DATE><FLOAT>.<FLOAT> <*> RAS KERNEL <*> <*> <*>,"{""LARGE_INT"": ""1121172988"", ""*"": ""core.5967"", ""DATE"": ""2"", ""FLOAT"": ""56.28.419299""}",1,4
run_BGL_sample_20260521T043549_42,2026-05-21T04:35:49.997880+00:00,- 1121238463 2005.07.13 R11-M1-N3-C:J07-U11 2005-07-13-00.07.43.091930 R11-M1-N3-C:J07-U11 RAS KERNEL INFO total of 1 ddr error(,- <LARGE_INT> <*> <*> <DATE><FLOAT>.<FLOAT> <*> RAS KERNEL INFO <*> <*> <*> <*> <*>,"{""LARGE_INT"": ""1121238463"", ""*"": ""error("", ""DATE"": ""2"", ""FLOAT"": ""07.43.091930""}",1,4
run_BGL_sample_20260521T043549_42,2026-05-21T04:35:49.997880+00:00,- 1121252281 2005.07.13 R33-M1-NE-C:J07-U01 2005-07-13-03.58.01.460537 R33-M1-NE-C:J07-U01 RAS KERNEL INFO 118661512 double-humm,- <LARGE_INT> <*> <*> <DATE><FLOAT>.<FLOAT> <*> RAS KERNEL <*> <*> <*>,"{""LARGE_INT"": ""1121252281"", ""*"": ""double-humm"", ""DATE"": ""2"", ""FLOAT"": ""58.01.460537""}",1,4
run_BGL_sample_20260521T043549_42,2026-05-21T04:35:49.997880+00:00,- 1121252310 2005.07.13 R24-M0-N1-C:J03-U01 2005-07-13-03.58.30.362009 R24-M0-N1-C:J03-U01 RAS KERNEL INFO 112099344 double-humm,- <LARGE_INT> <*> <*> <DATE><FLOAT>.<FLOAT> <*> RAS KERNEL <*> <*> <*>,"{""LARGE_INT"": ""1121252310"", ""*"": ""double-humm"", ""DATE"": ""2"", ""FLOAT"": ""58.30.362009""}",1,4
run_BGL_sample_20260521T043549_42,2026-05-21T04:35:49.997880+00:00,- 1121252323 2005.07.13 R22-M1-N3-C:J02-U01 2005-07-13-03.58.43.479838 R22-M1-N3-C:J02-U01 RAS KERNEL INFO 113170696 double-humm,- <LARGE_INT> <*> <*> <DATE><FLOAT>.<FLOAT> <*> RAS KERNEL <*> <*> <*>,"{""LARGE_INT"": ""1121252323"", ""*"": ""double-humm"", ""DATE"": ""2"", ""FLOAT"": ""58.43.479838""}",1,4
run_BGL_sample_20260521T043549_42,2026-05-21T04:35:49.997880+00:00,- 1121252326 2005.07.13 R26-M1-N1-C:J11-U01 2005-07-13-03.58.46.179005 R26-M1-N1-C:J11-U01 RAS KERNEL INFO 117400328 double-humm,- <LARGE_INT> <*> <*> <DATE><FLOAT>.<FLOAT> <*> RAS KERNEL <*> <*> <*>,"{""LARGE_INT"": ""1121252326"", ""*"": ""double-humm"", ""DATE"": ""2"", ""FLOAT"": ""58.46.179005""}",1,4
run_BGL_sample_20260521T043549_42,2026-05-21T04:35:49.997880+00:00,- 1121252377 2005.07.13 R30-M1-N2-C:J11-U11 2005-07-13-03.59.37.615097 R30-M1-N2-C:J11-U11 RAS KERNEL INFO 112762744 double-humm,- <LARGE_INT> <*> <*> <DATE><FLOAT>.<FLOAT> <*> RAS KERNEL <*> <*> <*>,"{""LARGE_INT"": ""1121252377"", ""*"": ""double-humm"", ""DATE"": ""2"", ""FLOAT"": ""59.37.615097""}",1,4
run_BGL_sample_20260521T043549_42,2026-05-21T04:35:49.997880+00:00,- 1121252397 2005.07.13 R23-M1-N6-C:J14-U11 2005-07-13-03.59.57.142168 R23-M1-N6-C:J14-U11 RAS KERNEL INFO 116130784 double-humm,- <LARGE_INT> <*> <*> <DATE><FLOAT>.<FLOAT> <*> RAS KERNEL <*> <*> <*>,"{""LARGE_INT"": ""1121252397"", ""*"": ""double-humm"", ""DATE"": ""2"", ""FLOAT"": ""59.57.142168""}",1,4
run_BGL_sample_20260521T043549_42,2026-05-21T04:35:49.997880+00:00,- 1121252450 2005.07.13 R11-M1-NE-C:J06-U01 2005-07-13-04.00.50.209028 R11-M1-NE-C:J06-U01 RAS KERNEL INFO 114147592 double-humm,- <LARGE_INT> <*> <*> <DATE><FLOAT>.<FLOAT> <*> RAS KERNEL <*> <*> <*>,"{""LARGE_INT"": ""1121252450"", ""*"": ""double-humm"", ""DATE"": ""2"", ""FLOAT"": ""00.50.209028""}",1,4
run_BGL_sample_20260521T043549_42,2026-05-21T04:35:49.997880+00:00,- 1121252452 2005.07.13 R00-M1-N9-C:J16-U01 2005-07-13-04.00.52.200218 R00-M1-N9-C:J16-U01 RAS KERNEL INFO 113622512 double-humm,- <LARGE_INT> <*> <*> <DATE><FLOAT>.<FLOAT> <*> RAS KERNEL <*> <*> <*>,"{""LARGE_INT"": ""1121252452"", ""*"": ""double-humm"", ""DATE"": ""2"", ""FLOAT"": ""00.52.200218""}",1,4
run_BGL_sample_20260521T043549_42,2026-05-21T04:35:49.997880+00:00,- 1121252465 2005.07.13 R13-M0-N7-C:J09-U01 2005-07-13-04.01.05.366712 R13-M0-N7-C:J09-U01 RAS KERNEL INFO 114059360 double-humm,- <LARGE_INT> <*> <*> <DATE><FLOAT>.<FLOAT> <*> RAS KERNEL <*> <*> <*>,"{""LARGE_INT"": ""1121252465"", ""*"": ""double-humm"", ""DATE"": ""2"", ""FLOAT"": ""01.05.366712""}",1,4
run_BGL_sample_20260521T043549_42,2026-05-21T04:35:49.997880+00:00,- 1121252541 2005.07.13 R03-M0-N7-C:J12-U01 2005-07-13-04.02.21.078387 R03-M0-N7-C:J12-U01 RAS KERNEL INFO 114091808 double-humm,- <LARGE_INT> <*> <*> <DATE><FLOAT>.<FLOAT> <*> RAS KERNEL <*> <*> <*>,"{""LARGE_INT"": ""1121252541"", ""*"": ""double-humm"", ""DATE"": ""2"", ""FLOAT"": ""02.21.078387""}",1,4
run_BGL_sample_20260521T043549_42,2026-05-21T04:35:49.997880+00:00,- 1121252570 2005.07.13 R01-M0-NE-C:J05-U11 2005-07-13-04.02.50.779636 R01-M0-NE-C:J05-U11 RAS KERNEL INFO 115325776 double-humm,- <LARGE_INT> <*> <*> <DATE><FLOAT>.<FLOAT> <*> RAS KERNEL <*> <*> <*>,"{""LARGE_INT"": ""1121252570"", ""*"": ""double-humm"", ""DATE"": ""2"", ""FLOAT"": ""02.50.779636""}",1,4
run_BGL_sample_20260521T043549_42,2026-05-21T04:35:49.997880+00:00,- 1121252594 2005.07.13 R36-M0-N4-C:J04-U01 2005-07-13-04.03.14.251132 R36-M0-N4-C:J04-U01 RAS KERNEL INFO 113982272 double-humm,- <LARGE_INT> <*> <*> <DATE><FLOAT>.<FLOAT> <*> RAS KERNEL <*> <*> <*>,"{""LARGE_INT"": ""1121252594"", ""*"": ""double-humm"", ""DATE"": ""2"", ""FLOAT"": ""03.14.251132""}",1,4
run_BGL_sample_20260521T043549_42,2026-05-21T04:35:49.997880+00:00,- 1121252594 2005.07.13 R22-M1-N8-C:J09-U01 2005-07-13-04.03.14.945951 R22-M1-N8-C:J09-U01 RAS KERNEL INFO 113355952 double-humm,- <LARGE_INT> <*> <*> <DATE><FLOAT>.<FLOAT> <*> RAS KERNEL <*> <*> <*>,"{""LARGE_INT"": ""1121252594"", ""*"": ""double-humm"", ""DATE"": ""2"", ""FLOAT"": ""03.14.945951""}",1,4
run_BGL_sample_20260521T043549_42,2026-05-21T04:35:49.997880+00:00,- 1121252628 2005.07.13 R34-M0-N0-C:J17-U11 2005-07-13-04.03.48.756221 R34-M0-N0-C:J17-U11 RAS KERNEL INFO 115193048 double-humm,- <LARGE_INT> <*> <*> <DATE><FLOAT>.<FLOAT> <*> RAS KERNEL <*> <*> <*>,"{""LARGE_INT"": ""1121252628"", ""*"": ""double-humm"", ""DATE"": ""2"", ""FLOAT"": ""03.48.756221""}",1,4
run_BGL_sample_20260521T043549_42,2026-05-21T04:35:49.997880+00:00,- 1121252729 2005.07.13 R26-M0-N3-C:J08-U01 2005-07-13-04.05.29.216867 R26-M0-N3-C:J08-U01 RAS KERNEL INFO 111990296 double-humm,- <LARGE_INT> <*> <*> <DATE><FLOAT>.<FLOAT> <*> RAS KERNEL <*> <*> <*>,"{""LARGE_INT"": ""1121252729"", ""*"": ""double-humm"", ""DATE"": ""2"", ""FLOAT"": ""05.29.216867""}",1,4
run_BGL_sample_20260521T043549_42,2026-05-21T04:35:49.997880+00:00,- 1121252775 2005.07.13 R21-M0-N2-C:J07-U01 2005-07-13-04.06.15.639557 R21-M0-N2-C:J07-U01 RAS KERNEL INFO 112625368 double-humm,- <LARGE_INT> <*> <*> <DATE><FLOAT>.<FLOAT> <*> RAS KERNEL <*> <*> <*>,"{""LARGE_INT"": ""1121252775"", ""*"": ""double-humm"", ""DATE"": ""2"", ""FLOAT"": ""06.15.639557""}",1,4
run_BGL_sample_20260521T043549_42,2026-05-21T04:35:49.997880+00:00,- 1121252884 2005.07.13 R30-M1-N6-C:J14-U11 2005-07-13-04.08.04.789912 R30-M1-N6-C:J14-U11 RAS KERNEL INFO 116249832 double-humm,- <LARGE_INT> <*> <*> <DATE><FLOAT>.<FLOAT> <*> RAS KERNEL <*> <*> <*>,"{""LARGE_INT"": ""1121252884"", ""*"": ""double-humm"", ""DATE"": ""2"", ""FLOAT"": ""08.04.789912""}",1,4
run_BGL_sample_20260521T043549_42,2026-05-21T04:35:49.997880+00:00,- 1121252899 2005.07.13 R23-M0-N3-C:J12-U11 2005-07-13-04.08.19.327373 R23-M0-N3-C:J12-U11 RAS KERNEL INFO 112481672 double-humm,- <LARGE_INT> <*> <*> <DATE><FLOAT>.<FLOAT> <*> RAS KERNEL <*> <*> <*>,"{""LARGE_INT"": ""1121252899"", ""*"": ""double-humm"", ""DATE"": ""2"", ""FLOAT"": ""08.19.327373""}",1,4
run_BGL_sample_20260521T043549_42,2026-05-21T04:35:49.997880+00:00,- 1121252955 2005.07.13 R11-M1-N3-C:J10-U11 2005-07-13-04.09.15.514952 R11-M1-N3-C:J10-U11 RAS KERNEL INFO 116332728 double-humm,- <LARGE_INT> <*> <*> <DATE><FLOAT>.<FLOAT> <*> RAS KERNEL <*> <*> <*>,"{""LARGE_INT"": ""1121252955"", ""*"": ""double-humm"", ""DATE"": ""2"", ""FLOAT"": ""09.15.514952""}",1,4
run_BGL_sample_20260521T043549_42,2026-05-21T04:35:49.997880+00:00,- 1121256179 2005.07.13 R36-M0-N7-C:J04-U11 2005-07-13-05.02.59.701827 R36-M0-N7-C:J04-U11 RAS KERNEL INFO generating core.691,- <LARGE_INT> <*> <*> <DATE><FLOAT>.<FLOAT> <*> RAS KERNEL <*> <*> <*>,"{""LARGE_INT"": ""1121256179"", ""*"": ""core.691"", ""DATE"": ""2"", ""FLOAT"": ""02.59.701827""}",1,4
run_BGL_sample_20260521T043549_42,2026-05-21T04:35:49.997880+00:00,- 1121256302 2005.07.13 R31-M1-N5-C:J02-U11 2005-07-13-05.05.02.446625 R31-M1-N5-C:J02-U11 RAS KERNEL INFO generating core.52403,- <LARGE_INT> <*> <*> <DATE><FLOAT>.<FLOAT> <*> RAS KERNEL <*> <*> <*>,"{""LARGE_INT"": ""1121256302"", ""*"": ""core.52403"", ""DATE"": ""2"", ""FLOAT"": ""05.02.446625""}",1,4
run_BGL_sample_20260521T043549_42,2026-05-21T04:35:49.997880+00:00,- 1121256361 2005.07.13 R37-M0-NB-C:J05-U01 2005-07-13-05.06.01.792263 R37-M0-NB-C:J05-U01 RAS KERNEL INFO generating core.12883,- <LARGE_INT> <*> <*> <DATE><FLOAT>.<FLOAT> <*> RAS KERNEL <*> <*> <*>,"{""LARGE_INT"": ""1121256361"", ""*"": ""core.12883"", ""DATE"": ""2"", ""FLOAT"": ""06.01.792263""}",1,4
run_BGL_sample_20260521T043549_42,2026-05-21T04:35:49.997880+00:00,- 1121256367 2005.07.13 R20-M1-NA-C:J04-U11 2005-07-13-05.06.07.030871 R20-M1-NA-C:J04-U11 RAS KERNEL INFO generating core.4159,- <LARGE_INT> <*> <*> <DATE><FLOAT>.<FLOAT> <*> RAS KERNEL <*> <*> <*>,"{""LARGE_INT"": ""1121256367"", ""*"": ""core.4159"", ""DATE"": ""2"", ""FLOAT"": ""06.07.030871""}",1,4
run_BGL_sample_20260521T043549_42,2026-05-21T04:35:49.997880+00:00,- 1121256377 2005.07.13 R22-M1-N2-C:J08-U11 2005-07-13-05.06.17.839446 R22-M1-N2-C:J08-U11 RAS KERNEL INFO generating core.5054,- <LARGE_INT> <*> <*> <DATE><FLOAT>.<FLOAT> <*> RAS KERNEL <*> <*> <*>,"{""LARGE_INT"": ""1121256377"", ""*"": ""core.5054"", ""DATE"": ""2"", ""FLOAT"": ""06.17.839446""}",1,4
run_BGL_sample_20260521T043549_42,2026-05-21T04:35:49.997880+00:00,- 1121256399 2005.07.13 R27-M0-N6-C:J09-U11 2005-07-13-05.06.39.748124 R27-M0-N6-C:J09-U11 RAS KERNEL INFO generating core.17150,- <LARGE_INT> <*> <*> <DATE><FLOAT>.<FLOAT> <*> RAS KERNEL <*> <*> <*>,"{""LARGE_INT"": ""1121256399"", ""*"": ""core.17150"", ""DATE"": ""2"", ""FLOAT"": ""06.39.748124""}",1,4
run_BGL_sample_20260521T043549_42,2026-05-21T04:35:49.997880+00:00,- 1121256538 2005.07.13 R31-M0-N1-C:J09-U01 2005-07-13-05.08.58.429347 R31-M0-N1-C:J09-U01 RAS KERNEL INFO generating core.47314,- <LARGE_INT> <*> <*> <DATE><FLOAT>.<FLOAT> <*> RAS KERNEL <*> <*> <*>,"{""LARGE_INT"": ""1121256538"", ""*"": ""core.47314"", ""DATE"": ""2"", ""FLOAT"": ""08.58.429347""}",1,4
run_BGL_sample_20260521T043549_42,2026-05-21T04:35:49.997880+00:00,- 1121256570 2005.07.13 R34-M0-N3-C:J14-U01 2005-07-13-05.09.30.620888 R34-M0-N3-C:J14-U01 RAS KERNEL INFO generating core.5520,- <LARGE_INT> <*> <*> <DATE><FLOAT>.<FLOAT> <*> RAS KERNEL <*> <*> <*>,"{""LARGE_INT"": ""1121256570"", ""*"": ""core.5520"", ""DATE"": ""2"", ""FLOAT"": ""09.30.620888""}",1,4
run_BGL_sample_20260521T043549_42,2026-05-21T04:35:49.997880+00:00,- 1121256613 2005.07.13 R25-M0-N7-C:J10-U01 2005-07-13-05.10.13.046702 R25-M0-N7-C:J10-U01 RAS KERNEL INFO generating core.17817,- <LARGE_INT> <*> <*> <DATE><FLOAT>.<FLOAT> <*> RAS KERNEL <*> <*> <*>,"{""LARGE_INT"": ""1121256613"", ""*"": ""core.17817"", ""DATE"": ""2"", ""FLOAT"": ""10.13.046702""}",1,4
run_BGL_sample_20260521T043549_42,2026-05-21T04:35:49.997880+00:00,- 1121256768 2005.07.13 R30-M0-ND-C:J09-U01 2005-07-13-05.12.48.222029 R30-M0-ND-C:J09-U01 RAS KERNEL INFO generating core.34898,- <LARGE_INT> <*> <*> <DATE><FLOAT>.<FLOAT> <*> RAS KERNEL <*> <*> <*>,"{""LARGE_INT"": ""1121256768"", ""*"": ""core.34898"", ""DATE"": ""2"", ""FLOAT"": ""12.48.222029""}",1,4
run_BGL_sample_20260521T043549_42,2026-05-21T04:35:49.997880+00:00,- 1121256778 2005.07.13 R23-M1-N2-C:J02-U01 2005-07-13-05.12.58.717336 R23-M1-N2-C:J02-U01 RAS KERNEL INFO generating core.47007,- <LARGE_INT> <*> <*> <DATE><FLOAT>.<FLOAT> <*> RAS KERNEL <*> <*> <*>,"{""LARGE_INT"": ""1121256778"", ""*"": ""core.47007"", ""DATE"": ""2"", ""FLOAT"": ""12.58.717336""}",1,4
run_BGL_sample_20260521T043549_42,2026-05-21T04:35:49.997880+00:00,- 1121256780 2005.07.13 R23-M0-N7-C:J02-U11 2005-07-13-05.13.00.634737 R23-M0-N7-C:J02-U11 RAS KERNEL INFO generating core.18363,- <LARGE_INT> <*> <*> <DATE><FLOAT>.<FLOAT> <*> RAS KERNEL <*> <*> <*>,"{""LARGE_INT"": ""1121256780"", ""*"": ""core.18363"", ""DATE"": ""2"", ""FLOAT"": ""13.00.634737""}",1,4
run_BGL_sample_20260521T043549_42,2026-05-21T04:35:49.997880+00:00,- 1121256804 2005.07.13 R23-M0-N2-C:J07-U01 2005-07-13-05.13.24.457117 R23-M0-N2-C:J07-U01 RAS KERNEL INFO generating core.22494,- <LARGE_INT> <*> <*> <DATE><FLOAT>.<FLOAT> <*> RAS KERNEL <*> <*> <*>,"{""LARGE_INT"": ""1121256804"", ""*"": ""core.22494"", ""DATE"": ""2"", ""FLOAT"": ""13.24.457117""}",1,4
run_BGL_sample_20260521T043549_42,2026-05-21T04:35:49.997880+00:00,"- 1121268169 2005.07.13 R32-M1-N8-C:J05-U01 2005-07-13-08.22.49.590817 R32-M1-N8-C:J05-U01 RAS KERNEL INFO CE sym 16, at 0x0456c",- <LARGE_INT> <*> <*> <DATE><FLOAT>.<FLOAT> <*> RAS KERNEL INFO <*> <*> <*> <*> <*>,"{""LARGE_INT"": ""1121268169"", ""*"": ""0x0456c"", ""DATE"": ""2"", ""FLOAT"": ""22.49.590817""}",1,4
run_BGL_sample_20260521T043549_42,2026-05-21T04:35:49.997880+00:00,- 1121308028 2005.07.13 R23-M0-N5-C:J04-U01 2005-07-13-19.27.08.790721 R23-M0-N5-C:J04-U01 RAS KERNEL INFO generating core.26059,- <LARGE_INT> <*> <*> <DATE><FLOAT>.<FLOAT> <*> RAS KERNEL <*> <*> <*>,"{""LARGE_INT"": ""1121308028"", ""*"": ""core.26059"", ""DATE"": ""2"", ""FLOAT"": ""27.08.790721""}",1,4
run_BGL_sample_20260521T043549_42,2026-05-21T04:35:49.997880+00:00,- 1121308164 2005.07.13 R20-M1-N4-C:J02-U01 2005-07-13-19.29.24.480958 R20-M1-N4-C:J02-U01 RAS KERNEL INFO generating core.17999,- <LARGE_INT> <*> <*> <DATE><FLOAT>.<FLOAT> <*> RAS KERNEL <*> <*> <*>,"{""LARGE_INT"": ""1121308164"", ""*"": ""core.17999"", ""DATE"": ""2"", ""FLOAT"": ""29.24.480958""}",1,4
run_BGL_sample_20260521T043549_42,2026-05-21T04:35:49.997880+00:00,- 1121308207 2005.07.13 R22-M0-N4-C:J02-U01 2005-07-13-19.30.07.825519 R22-M0-N4-C:J02-U01 RAS KERNEL INFO generating core.30671,- <LARGE_INT> <*> <*> <DATE><FLOAT>.<FLOAT> <*> RAS KERNEL <*> <*> <*>,"{""LARGE_INT"": ""1121308207"", ""*"": ""core.30671"", ""DATE"": ""2"", ""FLOAT"": ""30.07.825519""}",1,4
run_BGL_sample_20260521T043549_42,2026-05-21T04:35:49.997880+00:00,- 1121308254 2005.07.13 R20-M1-NB-C:J15-U01 2005-07-13-19.30.54.128655 R20-M1-NB-C:J15-U01 RAS KERNEL INFO generating core.2600,- <LARGE_INT> <*> <*> <DATE><FLOAT>.<FLOAT> <*> RAS KERNEL <*> <*> <*>,"{""LARGE_INT"": ""1121308254"", ""*"": ""core.2600"", ""DATE"": ""2"", ""FLOAT"": ""30.54.128655""}",1,4
run_BGL_sample_20260521T043549_42,2026-05-21T04:35:49.997880+00:00,- 1121308274 2005.07.13 R26-M0-N3-C:J14-U11 2005-07-13-19.31.14.143065 R26-M0-N3-C:J14-U11 RAS KERNEL INFO generating core.15192,- <LARGE_INT> <*> <*> <DATE><FLOAT>.<FLOAT> <*> RAS KERNEL <*> <*> <*>,"{""LARGE_INT"": ""1121308274"", ""*"": ""core.15192"", ""DATE"": ""2"", ""FLOAT"": ""31.14.143065""}",1,4
run_BGL_sample_20260521T043549_42,2026-05-21T04:35:49.997880+00:00,- 1121308295 2005.07.13 R31-M1-N5-C:J15-U11 2005-07-13-19.31.35.829394 R31-M1-N5-C:J15-U11 RAS KERNEL INFO generating core.26224,- <LARGE_INT> <*> <*> <DATE><FLOAT>.<FLOAT> <*> RAS KERNEL <*> <*> <*>,"{""LARGE_INT"": ""1121308295"", ""*"": ""core.26224"", ""DATE"": ""2"", ""FLOAT"": ""31.35.829394""}",1,4
run_BGL_sample_20260521T043549_42,2026-05-21T04:35:49.997880+00:00,- 1121308295 2005.07.13 R31-M1-N5-C:J17-U11 2005-07-13-19.31.35.927185 R31-M1-N5-C:J17-U11 RAS KERNEL INFO generating core.25712,- <LARGE_INT> <*> <*> <DATE><FLOAT>.<FLOAT> <*> RAS KERNEL <*> <*> <*>,"{""LARGE_INT"": ""1121308295"", ""*"": ""core.25712"", ""DATE"": ""2"", ""FLOAT"": ""31.35.927185""}",1,4
run_BGL_sample_20260521T043549_42,2026-05-21T04:35:49.997880+00:00,- 1121308306 2005.07.13 R37-M0-NA-C:J04-U11 2005-07-13-19.31.46.716108 R37-M0-NA-C:J04-U11 RAS KERNEL INFO generating core.22807,- <LARGE_INT> <*> <*> <DATE><FLOAT>.<FLOAT> <*> RAS KERNEL <*> <*> <*>,"{""LARGE_INT"": ""1121308306"", ""*"": ""core.22807"", ""DATE"": ""2"", ""FLOAT"": ""31.46.716108""}",1,4
run_BGL_sample_20260521T043549_42,2026-05-21T04:35:49.997880+00:00,- 1121308531 2005.07.13 R00-M0-NC-C:J17-U11 2005-07-13-19.35.31.224305 R00-M0-NC-C:J17-U11 RAS KERNEL INFO generating core.284,- <LARGE_INT> <*> <*> <DATE><FLOAT>.<FLOAT> <*> RAS KERNEL <*> <*> <*>,"{""LARGE_INT"": ""1121308531"", ""*"": ""core.284"", ""DATE"": ""2"", ""FLOAT"": ""35.31.224305""}",1,4
run_BGL_sample_20260521T043549_42,2026-05-21T04:35:49.997880+00:00,- 1121308565 2005.07.13 R01-M0-NC-C:J12-U01 2005-07-13-19.36.05.649243 R01-M0-NC-C:J12-U01 RAS KERNEL INFO generating core.5381,- <LARGE_INT> <*> <*> <DATE><FLOAT>.<FLOAT> <*> RAS KERNEL <*> <*> <*>,"{""LARGE_INT"": ""1121308565"", ""*"": ""core.5381"", ""DATE"": ""2"", ""FLOAT"": ""36.05.649243""}",1,4
run_BGL_sample_20260521T043549_42,2026-05-21T04:35:49.997880+00:00,- 1121308655 2005.07.13 R23-M0-NB-C:J05-U01 2005-07-13-19.37.35.130931 R23-M0-NB-C:J05-U01 RAS KERNEL INFO generating core.27051,- <LARGE_INT> <*> <*> <DATE><FLOAT>.<FLOAT> <*> RAS KERNEL <*> <*> <*>,"{""LARGE_INT"": ""1121308655"", ""*"": ""core.27051"", ""DATE"": ""2"", ""FLOAT"": ""37.35.130931""}",1,4
run_BGL_sample_20260521T043549_42,2026-05-21T04:35:49.997880+00:00,- 1121308677 2005.07.13 R24-M0-N6-C:J15-U01 2005-07-13-19.37.57.813607 R24-M0-N6-C:J15-U01 RAS KERNEL INFO generating core.29420,- <LARGE_INT> <*> <*> <DATE><FLOAT>.<FLOAT> <*> RAS KERNEL <*> <*> <*>,"{""LARGE_INT"": ""1121308677"", ""*"": ""core.29420"", ""DATE"": ""2"", ""FLOAT"": ""37.57.813607""}",1,4
run_BGL_sample_20260521T043549_42,2026-05-21T04:35:49.997880+00:00,- 1121308707 2005.07.13 R35-M1-NE-C:J09-U11 2005-07-13-19.38.27.805883 R35-M1-NE-C:J09-U11 RAS KERNEL INFO generating core.8374,- <LARGE_INT> <*> <*> <DATE><FLOAT>.<FLOAT> <*> RAS KERNEL <*> <*> <*>,"{""LARGE_INT"": ""1121308707"", ""*"": ""core.8374"", ""DATE"": ""2"", ""FLOAT"": ""38.27.805883""}",1,4
run_BGL_sample_20260521T043549_42,2026-05-21T04:35:49.997880+00:00,- 1121308757 2005.07.13 R20-M0-N0-C:J06-U11 2005-07-13-19.39.17.229626 R20-M0-N0-C:J06-U11 RAS KERNEL INFO generating core.15966,- <LARGE_INT> <*> <*> <DATE><FLOAT>.<FLOAT> <*> RAS KERNEL <*> <*> <*>,"{""LARGE_INT"": ""1121308757"", ""*"": ""core.15966"", ""DATE"": ""2"", ""FLOAT"": ""39.17.229626""}",1,4
run_BGL_sample_20260521T043549_42,2026-05-21T04:35:49.997880+00:00,- 1121309100 2005.07.13 R00-M1-N2-C:J02-U11 2005-07-13-19.45.00.645776 R00-M1-N2-C:J02-U11 RAS KERNEL INFO generating core.7855,- <LARGE_INT> <*> <*> <DATE><FLOAT>.<FLOAT> <*> RAS KERNEL <*> <*> <*>,"{""LARGE_INT"": ""1121309100"", ""*"": ""core.7855"", ""DATE"": ""2"", ""FLOAT"": ""45.00.645776""}",1,4
run_BGL_sample_20260521T043549_42,2026-05-21T04:35:49.997880+00:00,- 1121309138 2005.07.13 R05-M1-N7-C:J15-U11 2005-07-13-19.45.38.909318 R05-M1-N7-C:J15-U11 RAS KERNEL INFO generating core.2296,- <LARGE_INT> <*> <*> <DATE><FLOAT>.<FLOAT> <*> RAS KERNEL <*> <*> <*>,"{""LARGE_INT"": ""1121309138"", ""*"": ""core.2296"", ""DATE"": ""2"", ""FLOAT"": ""45.38.909318""}",1,4
run_BGL_sample_20260521T043549_42,2026-05-21T04:35:49.997880+00:00,- 1121309141 2005.07.13 R05-M0-NE-C:J04-U11 2005-07-13-19.45.41.015068 R05-M0-NE-C:J04-U11 RAS KERNEL INFO generating core.1103,- <LARGE_INT> <*> <*> <DATE><FLOAT>.<FLOAT> <*> RAS KERNEL <*> <*> <*>,"{""LARGE_INT"": ""1121309141"", ""*"": ""core.1103"", ""DATE"": ""2"", ""FLOAT"": ""45.41.015068""}",1,4
run_BGL_sample_20260521T043549_42,2026-05-21T04:35:49.997880+00:00,- 1121309169 2005.07.13 R05-M0-N9-C:J07-U11 2005-07-13-19.46.09.666973 R05-M0-N9-C:J07-U11 RAS KERNEL INFO generating core.2010,- <LARGE_INT> <*> <*> <DATE><FLOAT>.<FLOAT> <*> RAS KERNEL <*> <*> <*>,"{""LARGE_INT"": ""1121309169"", ""*"": ""core.2010"", ""DATE"": ""2"", ""FLOAT"": ""46.09.666973""}",1,4
run_BGL_sample_20260521T043549_42,2026-05-21T04:35:49.997880+00:00,- 1121309186 2005.07.13 R04-M1-N6-C:J12-U11 2005-07-13-19.46.26.896284 R04-M1-N6-C:J12-U11 RAS KERNEL INFO generating core.3181,- <LARGE_INT> <*> <*> <DATE><FLOAT>.<FLOAT> <*> RAS KERNEL <*> <*> <*>,"{""LARGE_INT"": ""1121309186"", ""*"": ""core.3181"", ""DATE"": ""2"", ""FLOAT"": ""46.26.896284""}",1,4
run_BGL_sample_20260521T043549_42,2026-05-21T04:35:49.997880+00:00,- 1121310867 2005.07.13 R26-M0-N9-C:J08-U01 2005-07-13-20.14.27.766914 R26-M0-N9-C:J08-U01 RAS KERNEL INFO generating core.32010,- <LARGE_INT> <*> <*> <DATE><FLOAT>.<FLOAT> <*> RAS KERNEL <*> <*> <*>,"{""LARGE_INT"": ""1121310867"", ""*"": ""core.32010"", ""DATE"": ""2"", ""FLOAT"": ""14.27.766914""}",1,4
run_BGL_sample_20260521T043549_42,2026-05-21T04:35:49.997880+00:00,- 1121310909 2005.07.13 R33-M1-ND-C:J05-U11 2005-07-13-20.15.09.106661 R33-M1-ND-C:J05-U11 RAS KERNEL INFO generating core.9651,- <LARGE_INT> <*> <*> <DATE><FLOAT>.<FLOAT> <*> RAS KERNEL <*> <*> <*>,"{""LARGE_INT"": ""1121310909"", ""*"": ""core.9651"", ""DATE"": ""2"", ""FLOAT"": ""15.09.106661""}",1,4
run_BGL_sample_20260521T043549_42,2026-05-21T04:35:49.997880+00:00,- 1121310915 2005.07.13 R27-M0-N5-C:J10-U01 2005-07-13-20.15.15.724512 R27-M0-N5-C:J10-U01 RAS KERNEL INFO generating core.10057,- <LARGE_INT> <*> <*> <DATE><FLOAT>.<FLOAT> <*> RAS KERNEL <*> <*> <*>,"{""LARGE_INT"": ""1121310915"", ""*"": ""core.10057"", ""DATE"": ""2"", ""FLOAT"": ""15.15.724512""}",1,4
run_BGL_sample_20260521T043549_42,2026-05-21T04:35:49.997880+00:00,- 1121310926 2005.07.13 R37-M0-ND-C:J03-U11 2005-07-13-20.15.26.655051 R37-M0-ND-C:J03-U11 RAS KERNEL INFO generating core.5939,- <LARGE_INT> <*> <*> <DATE><FLOAT>.<FLOAT> <*> RAS KERNEL <*> <*> <*>,"{""LARGE_INT"": ""1121310926"", ""*"": ""core.5939"", ""DATE"": ""2"", ""FLOAT"": ""15.26.655051""}",1,4
run_BGL_sample_20260521T043549_42,2026-05-21T04:35:49.997880+00:00,- 1121311022 2005.07.13 R24-M0-NF-C:J15-U11 2005-07-13-20.17.02.167067 R24-M0-NF-C:J15-U11 RAS KERNEL INFO generating core.12984,- <LARGE_INT> <*> <*> <DATE><FLOAT>.<FLOAT> <*> RAS KERNEL <*> <*> <*>,"{""LARGE_INT"": ""1121311022"", ""*"": ""core.12984"", ""DATE"": ""2"", ""FLOAT"": ""17.02.167067""}",1,4
run_BGL_sample_20260521T043549_42,2026-05-21T04:35:49.997880+00:00,- 1121311028 2005.07.13 R20-M1-ND-C:J05-U11 2005-07-13-20.17.08.205986 R20-M1-ND-C:J05-U11 RAS KERNEL INFO generating core.17467,- <LARGE_INT> <*> <*> <DATE><FLOAT>.<FLOAT> <*> RAS KERNEL <*> <*> <*>,"{""LARGE_INT"": ""1121311028"", ""*"": ""core.17467"", ""DATE"": ""2"", ""FLOAT"": ""17.08.205986""}",1,4
run_BGL_sample_20260521T043549_42,2026-05-21T04:35:49.997880+00:00,- 1121311109 2005.07.13 R34-M1-NE-C:J03-U11 2005-07-13-20.18.29.526143 R34-M1-NE-C:J03-U11 RAS KERNEL INFO generating core.29367,- <LARGE_INT> <*> <*> <DATE><FLOAT>.<FLOAT> <*> RAS KERNEL <*> <*> <*>,"{""LARGE_INT"": ""1121311109"", ""*"": ""core.29367"", ""DATE"": ""2"", ""FLOAT"": ""18.29.526143""}",1,4
run_BGL_sample_20260521T043549_42,2026-05-21T04:35:49.997880+00:00,- 1121311111 2005.07.13 R30-M1-NA-C:J14-U01 2005-07-13-20.18.31.598175 R30-M1-NA-C:J14-U01 RAS KERNEL INFO generating core.14852,- <LARGE_INT> <*> <*> <DATE><FLOAT>.<FLOAT> <*> RAS KERNEL <*> <*> <*>,"{""LARGE_INT"": ""1121311111"", ""*"": ""core.14852"", ""DATE"": ""2"", ""FLOAT"": ""18.31.598175""}",1,4
run_BGL_sample_20260521T043549_42,2026-05-21T04:35:49.997880+00:00,- 1121311141 2005.07.13 R25-M1-N6-C:J07-U11 2005-07-13-20.19.01.767232 R25-M1-N6-C:J07-U11 RAS KERNEL INFO generating core.4862,- <LARGE_INT> <*> <*> <DATE><FLOAT>.<FLOAT> <*> RAS KERNEL <*> <*> <*>,"{""LARGE_INT"": ""1121311141"", ""*"": ""core.4862"", ""DATE"": ""2"", ""FLOAT"": ""19.01.767232""}",1,4
run_BGL_sample_20260521T043549_42,2026-05-21T04:35:49.997880+00:00,- 1121311157 2005.07.13 R25-M0-NB-C:J03-U11 2005-07-13-20.19.17.435123 R25-M0-NB-C:J03-U11 RAS KERNEL INFO generating core.27323,- <LARGE_INT> <*> <*> <DATE><FLOAT>.<FLOAT> <*> RAS KERNEL <*> <*> <*>,"{""LARGE_INT"": ""1121311157"", ""*"": ""core.27323"", ""DATE"": ""2"", ""FLOAT"": ""19.17.435123""}",1,4
run_BGL_sample_20260521T043549_42,2026-05-21T04:35:49.997880+00:00,- 1121311176 2005.07.13 R31-M1-NA-C:J08-U11 2005-07-13-20.19.36.355702 R31-M1-NA-C:J08-U11 RAS KERNEL INFO generating core.26646,- <LARGE_INT> <*> <*> <DATE><FLOAT>.<FLOAT> <*> RAS KERNEL <*> <*> <*>,"{""LARGE_INT"": ""1121311176"", ""*"": ""core.26646"", ""DATE"": ""2"", ""FLOAT"": ""19.36.355702""}",1,4
run_BGL_sample_20260521T043549_42,2026-05-21T04:35:49.997880+00:00,- 1121311390 2005.07.13 R37-M0-NC-C:J17-U11 2005-07-13-20.23.10.257361 R37-M0-NC-C:J17-U11 RAS KERNEL INFO generating core.5428,- <LARGE_INT> <*> <*> <DATE><FLOAT>.<FLOAT> <*> RAS KERNEL <*> <*> <*>,"{""LARGE_INT"": ""1121311390"", ""*"": ""core.5428"", ""DATE"": ""2"", ""FLOAT"": ""23.10.257361""}",1,4
run_BGL_sample_20260521T043549_42,2026-05-21T04:35:49.997880+00:00,- 1121311410 2005.07.13 R33-M1-N8-C:J15-U11 2005-07-13-20.23.30.263483 R33-M1-N8-C:J15-U11 RAS KERNEL INFO generating core.12212,- <LARGE_INT> <*> <*> <DATE><FLOAT>.<FLOAT> <*> RAS KERNEL <*> <*> <*>,"{""LARGE_INT"": ""1121311410"", ""*"": ""core.12212"", ""DATE"": ""2"", ""FLOAT"": ""23.30.263483""}",1,4
run_BGL_sample_20260521T043549_42,2026-05-21T04:35:49.997880+00:00,- 1121311425 2005.07.13 R26-M1-N8-C:J04-U01 2005-07-13-20.23.45.306783 R26-M1-N8-C:J04-U01 RAS KERNEL INFO generating core.3343,- <LARGE_INT> <*> <*> <DATE><FLOAT>.<FLOAT> <*> RAS KERNEL <*> <*> <*>,"{""LARGE_INT"": ""1121311425"", ""*"": ""core.3343"", ""DATE"": ""2"", ""FLOAT"": ""23.45.306783""}",1,4
run_BGL_sample_20260521T043549_42,2026-05-21T04:35:49.997880+00:00,- 1121311483 2005.07.13 R32-M0-N0-C:J09-U01 2005-07-13-20.24.43.430319 R32-M0-N0-C:J09-U01 RAS KERNEL INFO generating core.19942,- <LARGE_INT> <*> <*> <DATE><FLOAT>.<FLOAT> <*> RAS KERNEL <*> <*> <*>,"{""LARGE_INT"": ""1121311483"", ""*"": ""core.19942"", ""DATE"": ""2"", ""FLOAT"": ""24.43.430319""}",1,4
run_BGL_sample_20260521T043549_42,2026-05-21T04:35:49.997880+00:00,- 1121311518 2005.07.13 R32-M0-NC-C:J14-U11 2005-07-13-20.25.18.627085 R32-M0-NC-C:J14-U11 RAS KERNEL INFO generating core.18324,- <LARGE_INT> <*> <*> <DATE><FLOAT>.<FLOAT> <*> RAS KERNEL <*> <*> <*>,"{""LARGE_INT"": ""1121311518"", ""*"": ""core.18324"", ""DATE"": ""2"", ""FLOAT"": ""25.18.627085""}",1,4
run_BGL_sample_20260521T043549_42,2026-05-21T04:35:49.997880+00:00,- 1121311526 2005.07.13 R32-M0-N8-C:J09-U11 2005-07-13-20.25.26.300247 R32-M0-N8-C:J09-U11 RAS KERNEL INFO generating core.3510,- <LARGE_INT> <*> <*> <DATE><FLOAT>.<FLOAT> <*> RAS KERNEL <*> <*> <*>,"{""LARGE_INT"": ""1121311526"", ""*"": ""core.3510"", ""DATE"": ""2"", ""FLOAT"": ""25.26.300247""}",1,4
run_BGL_sample_20260521T043549_42,2026-05-21T04:35:49.997880+00:00,- 1121311849 2005.07.13 R22-M1-ND-C:J05-U11 2005-07-13-20.30.49.413470 R22-M1-ND-C:J05-U11 RAS KERNEL INFO generating core.17851,- <LARGE_INT> <*> <*> <DATE><FLOAT>.<FLOAT> <*> RAS KERNEL <*> <*> <*>,"{""LARGE_INT"": ""1121311849"", ""*"": ""core.17851"", ""DATE"": ""2"", ""FLOAT"": ""30.49.413470""}",1,4
run_BGL_sample_20260521T043549_42,2026-05-21T04:35:49.997880+00:00,- 1121311900 2005.07.13 R22-M0-ND-C:J15-U01 2005-07-13-20.31.40.606506 R22-M0-ND-C:J15-U01 RAS KERNEL INFO generating core.30632,- <LARGE_INT> <*> <*> <DATE><FLOAT>.<FLOAT> <*> RAS KERNEL <*> <*> <*>,"{""LARGE_INT"": ""1121311900"", ""*"": ""core.30632"", ""DATE"": ""2"", ""FLOAT"": ""31.40.606506""}",1,4
run_BGL_sample_20260521T043549_42,2026-05-21T04:35:49.997880+00:00,- 1121311928 2005.07.13 R21-M0-N2-C:J05-U01 2005-07-13-20.32.08.455087 R21-M0-N2-C:J05-U01 RAS KERNEL INFO generating core.26735,- <LARGE_INT> <*> <*> <DATE><FLOAT>.<FLOAT> <*> RAS KERNEL <*> <*> <*>,"{""LARGE_INT"": ""1121311928"", ""*"": ""core.26735"", ""DATE"": ""2"", ""FLOAT"": ""32.08.455087""}",1,4
run_BGL_sample_20260521T043549_42,2026-05-21T04:35:49.997880+00:00,- 1121312018 2005.07.13 R36-M0-NB-C:J12-U01 2005-07-13-20.33.38.333720 R36-M0-NB-C:J12-U01 RAS KERNEL INFO generating core.18689,- <LARGE_INT> <*> <*> <DATE><FLOAT>.<FLOAT> <*> RAS KERNEL <*> <*> <*>,"{""LARGE_INT"": ""1121312018"", ""*"": ""core.18689"", ""DATE"": ""2"", ""FLOAT"": ""33.38.333720""}",1,4
run_BGL_sample_20260521T043549_42,2026-05-21T04:35:49.997880+00:00,- 1121312027 2005.07.13 R31-M1-N9-C:J09-U11 2005-07-13-20.33.47.220912 R31-M1-N9-C:J09-U11 RAS KERNEL INFO generating core.27698,- <LARGE_INT> <*> <*> <DATE><FLOAT>.<FLOAT> <*> RAS KERNEL <*> <*> <*>,"{""LARGE_INT"": ""1121312027"", ""*"": ""core.27698"", ""DATE"": ""2"", ""FLOAT"": ""33.47.220912""}",1,4
run_BGL_sample_20260521T043549_42,2026-05-21T04:35:49.997880+00:00,- 1121312054 2005.07.13 R33-M1-NA-C:J12-U11 2005-07-13-20.34.14.390511 R33-M1-NA-C:J12-U11 RAS KERNEL INFO generating core.10645,- <LARGE_INT> <*> <*> <DATE><FLOAT>.<FLOAT> <*> RAS KERNEL <*> <*> <*>,"{""LARGE_INT"": ""1121312054"", ""*"": ""core.10645"", ""DATE"": ""2"", ""FLOAT"": ""34.14.390511""}",1,4
run_BGL_sample_20260521T043549_42,2026-05-21T04:35:49.997880+00:00,- 1121312104 2005.07.13 R33-M0-NF-C:J10-U11 2005-07-13-20.35.04.592115 R33-M0-NF-C:J10-U11 RAS KERNEL INFO generating core.5009,- <LARGE_INT> <*> <*> <DATE><FLOAT>.<FLOAT> <*> RAS KERNEL <*> <*> <*>,"{""LARGE_INT"": ""1121312104"", ""*"": ""core.5009"", ""DATE"": ""2"", ""FLOAT"": ""35.04.592115""}",1,4
run_BGL_sample_20260521T043549_42,2026-05-21T04:35:49.997880+00:00,- 1121312172 2005.07.13 R25-M1-ND-C:J10-U11 2005-07-13-20.36.12.659925 R25-M1-ND-C:J10-U11 RAS KERNEL INFO generating core.5785,- <LARGE_INT> <*> <*> <DATE><FLOAT>.<FLOAT> <*> RAS KERNEL <*> <*> <*>,"{""LARGE_INT"": ""1121312172"", ""*"": ""core.5785"", ""DATE"": ""2"", ""FLOAT"": ""36.12.659925""}",1,4
run_BGL_sample_20260521T043549_42,2026-05-21T04:35:49.997880+00:00,- 1121312220 2005.07.13 R23-M1-NF-C:J12-U11 2005-07-13-20.37.00.827496 R23-M1-NF-C:J12-U11 RAS KERNEL INFO generating core.4505,- <LARGE_INT> <*> <*> <DATE><FLOAT>.<FLOAT> <*> RAS KERNEL <*> <*> <*>,"{""LARGE_INT"": ""1121312220"", ""*"": ""core.4505"", ""DATE"": ""2"", ""FLOAT"": ""37.00.827496""}",1,4
run_BGL_sample_20260521T043549_42,2026-05-21T04:35:49.997880+00:00,- 1121312231 2005.07.13 R23-M0-NB-C:J11-U11 2005-07-13-20.37.11.588497 R23-M0-NB-C:J11-U11 RAS KERNEL INFO generating core.27577,- <LARGE_INT> <*> <*> <DATE><FLOAT>.<FLOAT> <*> RAS KERNEL <*> <*> <*>,"{""LARGE_INT"": ""1121312231"", ""*"": ""core.27577"", ""DATE"": ""2"", ""FLOAT"": ""37.11.588497""}",1,4
run_BGL_sample_20260521T043549_42,2026-05-21T04:35:49.997880+00:00,- 1121312262 2005.07.13 R32-M1-N1-C:J03-U11 2005-07-13-20.37.42.283997 R32-M1-N1-C:J03-U11 RAS KERNEL INFO generating core.32755,- <LARGE_INT> <*> <*> <DATE><FLOAT>.<FLOAT> <*> RAS KERNEL <*> <*> <*>,"{""LARGE_INT"": ""1121312262"", ""*"": ""core.32755"", ""DATE"": ""2"", ""FLOAT"": ""37.42.283997""}",1,4
run_BGL_sample_20260521T043549_42,2026-05-21T04:35:49.997880+00:00,- 1121312282 2005.07.13 R32-M1-N5-C:J02-U11 2005-07-13-20.38.02.068017 R32-M1-N5-C:J02-U11 RAS KERNEL INFO generating core.30675,- <LARGE_INT> <*> <*> <DATE><FLOAT>.<FLOAT> <*> RAS KERNEL <*> <*> <*>,"{""LARGE_INT"": ""1121312282"", ""*"": ""core.30675"", ""DATE"": ""2"", ""FLOAT"": ""38.02.068017""}",1,4
run_BGL_sample_20260521T043549_42,2026-05-21T04:35:49.997880+00:00,- 1121312306 2005.07.13 R35-M1-N0-C:J13-U01 2005-07-13-20.38.26.141724 R35-M1-N0-C:J13-U01 RAS KERNEL INFO generating core.11493,- <LARGE_INT> <*> <*> <DATE><FLOAT>.<FLOAT> <*> RAS KERNEL <*> <*> <*>,"{""LARGE_INT"": ""1121312306"", ""*"": ""core.11493"", ""DATE"": ""2"", ""FLOAT"": ""38.26.141724""}",1,4
run_BGL_sample_20260521T043549_42,2026-05-21T04:35:49.997880+00:00,- 1121312337 2005.07.13 R31-M0-NC-C:J03-U01 2005-07-13-20.38.57.050498 R31-M0-NC-C:J03-U01 RAS KERNEL INFO generating core.5671,- <LARGE_INT> <*> <*> <DATE><FLOAT>.<FLOAT> <*> RAS KERNEL <*> <*> <*>,"{""LARGE_INT"": ""1121312337"", ""*"": ""core.5671"", ""DATE"": ""2"", ""FLOAT"": ""38.57.050498""}",1,4
run_BGL_sample_20260521T043549_42,2026-05-21T04:35:49.997880+00:00,- 1121312351 2005.07.13 R37-M1-N8-C:J08-U11 2005-07-13-20.39.11.473210 R37-M1-N8-C:J08-U11 RAS KERNEL INFO generating core.27926,- <LARGE_INT> <*> <*> <DATE><FLOAT>.<FLOAT> <*> RAS KERNEL <*> <*> <*>,"{""LARGE_INT"": ""1121312351"", ""*"": ""core.27926"", ""DATE"": ""2"", ""FLOAT"": ""39.11.473210""}",1,4
run_BGL_sample_20260521T043549_42,2026-05-21T04:35:49.997880+00:00,- 1121312380 2005.07.13 R20-M0-N0-C:J02-U11 2005-07-13-20.39.40.465411 R20-M0-N0-C:J02-U11 RAS KERNEL INFO generating core.15967,- <LARGE_INT> <*> <*> <DATE><FLOAT>.<FLOAT> <*> RAS KERNEL <*> <*> <*>,"{""LARGE_INT"": ""1121312380"", ""*"": ""core.15967"", ""DATE"": ""2"", ""FLOAT"": ""39.40.465411""}",1,4
run_BGL_sample_20260521T043549_42,2026-05-21T04:35:49.997880+00:00,- 1121312396 2005.07.13 R21-M1-N0-C:J15-U01 2005-07-13-20.39.56.708943 R21-M1-N0-C:J15-U01 RAS KERNEL INFO generating core.24172,- <LARGE_INT> <*> <*> <DATE><FLOAT>.<FLOAT> <*> RAS KERNEL <*> <*> <*>,"{""LARGE_INT"": ""1121312396"", ""*"": ""core.24172"", ""DATE"": ""2"", ""FLOAT"": ""39.56.708943""}",1,4
run_BGL_sample_20260521T043549_42,2026-05-21T04:35:49.997880+00:00,- 1121312412 2005.07.13 R30-M1-NC-C:J17-U01 2005-07-13-20.40.12.834348 R30-M1-NC-C:J17-U01 RAS KERNEL INFO generating core.29732,- <LARGE_INT> <*> <*> <DATE><FLOAT>.<FLOAT> <*> RAS KERNEL <*> <*> <*>,"{""LARGE_INT"": ""1121312412"", ""*"": ""core.29732"", ""DATE"": ""2"", ""FLOAT"": ""40.12.834348""}",1,4
run_BGL_sample_20260521T043549_42,2026-05-21T04:35:49.997880+00:00,- 1121312448 2005.07.13 R30-M0-N4-C:J09-U11 2005-07-13-20.40.48.847134 R30-M0-N4-C:J09-U11 RAS KERNEL INFO generating core.17526,- <LARGE_INT> <*> <*> <DATE><FLOAT>.<FLOAT> <*> RAS KERNEL <*> <*> <*>,"{""LARGE_INT"": ""1121312448"", ""*"": ""core.17526"", ""DATE"": ""2"", ""FLOAT"": ""40.48.847134""}",1,4
run_BGL_sample_20260521T043549_42,2026-05-21T04:35:49.997880+00:00,- 1121313534 2005.07.13 R20-M1-N9-C:J12-U11 2005-07-13-20.58.54.994815 R20-M1-N9-C:J12-U11 RAS KERNEL INFO generating core.19481,- <LARGE_INT> <*> <*> <DATE><FLOAT>.<FLOAT> <*> RAS KERNEL <*> <*> <*>,"{""LARGE_INT"": ""1121313534"", ""*"": ""core.19481"", ""DATE"": ""2"", ""FLOAT"": ""58.54.994815""}",1,4
run_BGL_sample_20260521T043549_42,2026-05-21T04:35:49.997880+00:00,- 1121313545 2005.07.13 R37-M0-N1-C:J12-U01 2005-07-13-20.59.05.561390 R37-M0-N1-C:J12-U01 RAS KERNEL INFO generating core.23873,- <LARGE_INT> <*> <*> <DATE><FLOAT>.<FLOAT> <*> RAS KERNEL <*> <*> <*>,"{""LARGE_INT"": ""1121313545"", ""*"": ""core.23873"", ""DATE"": ""2"", ""FLOAT"": ""59.05.561390""}",1,4
run_BGL_sample_20260521T043549_42,2026-05-21T04:35:49.997880+00:00,- 1121313580 2005.07.13 R26-M0-NB-C:J04-U01 2005-07-13-20.59.40.239374 R26-M0-NB-C:J04-U01 RAS KERNEL INFO generating core.14603,- <LARGE_INT> <*> <*> <DATE><FLOAT>.<FLOAT> <*> RAS KERNEL <*> <*> <*>,"{""LARGE_INT"": ""1121313580"", ""*"": ""core.14603"", ""DATE"": ""2"", ""FLOAT"": ""59.40.239374""}",1,4
run_BGL_sample_20260521T043549_42,2026-05-21T04:35:49.997880+00:00,- 1121313655 2005.07.13 R26-M0-N1-C:J13-U11 2005-07-13-21.00.55.502877 R26-M0-N1-C:J13-U11 RAS KERNEL INFO generating core.15737,- <LARGE_INT> <*> <*> <DATE><FLOAT>.<FLOAT> <*> RAS KERNEL <*> <*> <*>,"{""LARGE_INT"": ""1121313655"", ""*"": ""core.15737"", ""DATE"": ""2"", ""FLOAT"": ""00.55.502877""}",1,4
run_BGL_sample_20260521T043549_42,2026-05-21T04:35:49.997880+00:00,- 1121313817 2005.07.13 R21-M1-N2-C:J02-U01 2005-07-13-21.03.37.422278 R21-M1-N2-C:J02-U01 RAS KERNEL INFO generating core.23119,- <LARGE_INT> <*> <*> <DATE><FLOAT>.<FLOAT> <*> RAS KERNEL <*> <*> <*>,"{""LARGE_INT"": ""1121313817"", ""*"": ""core.23119"", ""DATE"": ""2"", ""FLOAT"": ""03.37.422278""}",1,4
run_BGL_sample_20260521T043549_42,2026-05-21T04:35:49.997880+00:00,- 1121313824 2005.07.13 R22-M0-N3-C:J17-U01 2005-07-13-21.03.44.525664 R22-M0-N3-C:J17-U01 RAS KERNEL INFO generating core.14824,- <LARGE_INT> <*> <*> <DATE><FLOAT>.<FLOAT> <*> RAS KERNEL <*> <*> <*>,"{""LARGE_INT"": ""1121313824"", ""*"": ""core.14824"", ""DATE"": ""2"", ""FLOAT"": ""03.44.525664""}",1,4
run_BGL_sample_20260521T043549_42,2026-05-21T04:35:49.997880+00:00,- 1121313853 2005.07.13 R36-M1-N9-C:J17-U01 2005-07-13-21.04.13.288105 R36-M1-N9-C:J17-U01 RAS KERNEL INFO generating core.15648,- <LARGE_INT> <*> <*> <DATE><FLOAT>.<FLOAT> <*> RAS KERNEL <*> <*> <*>,"{""LARGE_INT"": ""1121313853"", ""*"": ""core.15648"", ""DATE"": ""2"", ""FLOAT"": ""04.13.288105""}",1,4
run_BGL_sample_20260521T043549_42,2026-05-21T04:35:49.997880+00:00,- 1121313856 2005.07.13 R33-M0-N2-C:J15-U11 2005-07-13-21.04.16.708949 R33-M0-N2-C:J15-U11 RAS KERNEL INFO generating core.7156,- <LARGE_INT> <*> <*> <DATE><FLOAT>.<FLOAT> <*> RAS KERNEL <*> <*> <*>,"{""LARGE_INT"": ""1121313856"", ""*"": ""core.7156"", ""DATE"": ""2"", ""FLOAT"": ""04.16.708949""}",1,4
run_BGL_sample_20260521T043549_42,2026-05-21T04:35:49.997880+00:00,- 1121313915 2005.07.13 R33-M0-NA-C:J05-U11 2005-07-13-21.05.15.201453 R33-M0-NA-C:J05-U11 RAS KERNEL INFO generating core.22967,- <LARGE_INT> <*> <*> <DATE><FLOAT>.<FLOAT> <*> RAS KERNEL <*> <*> <*>,"{""LARGE_INT"": ""1121313915"", ""*"": ""core.22967"", ""DATE"": ""2"", ""FLOAT"": ""05.15.201453""}",1,4
run_BGL_sample_20260521T043549_42,2026-05-21T04:35:49.997880+00:00,- 1121313927 2005.07.13 R06-M1-N8-C:J16-U11 2005-07-13-21.05.27.499424 R06-M1-N8-C:J16-U11 RAS KERNEL INFO generating core.3980,- <LARGE_INT> <*> <*> <DATE><FLOAT>.<FLOAT> <*> RAS KERNEL <*> <*> <*>,"{""LARGE_INT"": ""1121313927"", ""*"": ""core.3980"", ""DATE"": ""2"", ""FLOAT"": ""05.27.499424""}",1,4
run_BGL_sample_20260521T043549_42,2026-05-21T04:35:49.997880+00:00,- 1121313946 2005.07.13 R35-M1-N1-C:J12-U11 2005-07-13-21.05.46.397052 R35-M1-N1-C:J12-U11 RAS KERNEL INFO generating core.11473,- <LARGE_INT> <*> <*> <DATE><FLOAT>.<FLOAT> <*> RAS KERNEL <*> <*> <*>,"{""LARGE_INT"": ""1121313946"", ""*"": ""core.11473"", ""DATE"": ""2"", ""FLOAT"": ""05.46.397052""}",1,4
run_BGL_sample_20260521T043549_42,2026-05-21T04:35:49.997880+00:00,- 1121313953 2005.07.13 R34-M1-N7-C:J03-U11 2005-07-13-21.05.53.702684 R34-M1-N7-C:J03-U11 RAS KERNEL INFO generating core.13043,- <LARGE_INT> <*> <*> <DATE><FLOAT>.<FLOAT> <*> RAS KERNEL <*> <*> <*>,"{""LARGE_INT"": ""1121313953"", ""*"": ""core.13043"", ""DATE"": ""2"", ""FLOAT"": ""05.53.702684""}",1,4
run_BGL_sample_20260521T043549_42,2026-05-21T04:35:49.997880+00:00,- 1121313970 2005.07.13 R27-M0-N1-C:J05-U01 2005-07-13-21.06.10.081119 R27-M0-N1-C:J05-U01 RAS KERNEL INFO generating core.28011,- <LARGE_INT> <*> <*> <DATE><FLOAT>.<FLOAT> <*> RAS KERNEL <*> <*> <*>,"{""LARGE_INT"": ""1121313970"", ""*"": ""core.28011"", ""DATE"": ""2"", ""FLOAT"": ""06.10.081119""}",1,4
run_BGL_sample_20260521T043549_42,2026-05-21T04:35:49.997880+00:00,- 1121313971 2005.07.13 R21-M0-NA-C:J11-U11 2005-07-13-21.06.11.111463 R21-M0-NA-C:J11-U11 RAS KERNEL INFO generating core.27197,- <LARGE_INT> <*> <*> <DATE><FLOAT>.<FLOAT> <*> RAS KERNEL <*> <*> <*>,"{""LARGE_INT"": ""1121313971"", ""*"": ""core.27197"", ""DATE"": ""2"", ""FLOAT"": ""06.11.111463""}",1,4
run_BGL_sample_20260521T043549_42,2026-05-21T04:35:49.997880+00:00,- 1121313974 2005.07.13 R21-M0-N9-C:J17-U11 2005-07-13-21.06.14.855951 R21-M0-N9-C:J17-U11 RAS KERNEL INFO generating core.27704,- <LARGE_INT> <*> <*> <DATE><FLOAT>.<FLOAT> <*> RAS KERNEL <*> <*> <*>,"{""LARGE_INT"": ""1121313974"", ""*"": ""core.27704"", ""DATE"": ""2"", ""FLOAT"": ""06.14.855951""}",1,4
run_BGL_sample_20260521T043549_42,2026-05-21T04:35:49.997880+00:00,- 1121314001 2005.07.13 R21-M0-N5-C:J13-U11 2005-07-13-21.06.41.876909 R21-M0-N5-C:J13-U11 RAS KERNEL INFO generating core.9337,- <LARGE_INT> <*> <*> <DATE><FLOAT>.<FLOAT> <*> RAS KERNEL <*> <*> <*>,"{""LARGE_INT"": ""1121314001"", ""*"": ""core.9337"", ""DATE"": ""2"", ""FLOAT"": ""06.41.876909""}",1,4
run_BGL_sample_20260521T043549_42,2026-05-21T04:35:49.997880+00:00,- 1121314022 2005.07.13 R37-M0-N2-C:J09-U01 2005-07-13-21.07.02.007176 R37-M0-N2-C:J09-U01 RAS KERNEL INFO generating core.22886,- <LARGE_INT> <*> <*> <DATE><FLOAT>.<FLOAT> <*> RAS KERNEL <*> <*> <*>,"{""LARGE_INT"": ""1121314022"", ""*"": ""core.22886"", ""DATE"": ""2"", ""FLOAT"": ""07.02.007176""}",1,4
run_BGL_sample_20260521T043549_42,2026-05-21T04:35:49.997880+00:00,- 1121314138 2005.07.13 R37-M0-NC-C:J11-U11 2005-07-13-21.08.58.817169 R37-M0-NC-C:J11-U11 RAS KERNEL INFO generating core.22325,- <LARGE_INT> <*> <*> <DATE><FLOAT>.<FLOAT> <*> RAS KERNEL <*> <*> <*>,"{""LARGE_INT"": ""1121314138"", ""*"": ""core.22325"", ""DATE"": ""2"", ""FLOAT"": ""08.58.817169""}",1,4
run_BGL_sample_20260521T043549_42,2026-05-21T04:35:49.997880+00:00,- 1121314248 2005.07.13 R23-M1-N8-C:J09-U11 2005-07-13-21.10.48.693447 R23-M1-N8-C:J09-U11 RAS KERNEL INFO generating core.23998,- <LARGE_INT> <*> <*> <DATE><FLOAT>.<FLOAT> <*> RAS KERNEL <*> <*> <*>,"{""LARGE_INT"": ""1121314248"", ""*"": ""core.23998"", ""DATE"": ""2"", ""FLOAT"": ""10.48.693447""}",1,4
run_BGL_sample_20260521T043549_42,2026-05-21T04:35:49.997880+00:00,- 1121383222 2005.07.14 R01-M0-N0-I:J18-U11 2005-07-14-16.20.22.672549 R01-M0-N0-I:J18-U11 RAS APP FATAL ciod: Error creating no,- <LARGE_INT> <*> <*> <DATE><FLOAT>.<FLOAT> <*> RAS <*> <*> <*> <*> <*> <*>,"{""LARGE_INT"": ""1121383222"", ""*"": ""no"", ""DATE"": ""2"", ""FLOAT"": ""20.22.672549""}",1,4
run_BGL_sample_20260521T043549_42,2026-05-21T04:35:49.997880+00:00,- 1121408299 2005.07.14 R23-M0-N0-I:J18-U01 2005-07-14-23.18.19.684786 R23-M0-N0-I:J18-U01 RAS KERNEL INFO ciod: Z coordinate 32,- <LARGE_INT> <*> <*> <DATE><FLOAT>.<FLOAT> <*> RAS <*> <*> <*> <*> <*> <*>,"{""LARGE_INT"": ""1121408299"", ""*"": ""32"", ""DATE"": ""2"", ""FLOAT"": ""18.19.684786""}",1,4
run_BGL_sample_20260521T043549_42,2026-05-21T04:35:49.997880+00:00,- 1121442061 2005.07.15 R00-M0-NA-C:J04-U01 2005-07-15-08.41.01.843236 R00-M0-NA-C:J04-U01 RAS KERNEL INFO generating core.4615,- <LARGE_INT> <*> <*> <DATE><FLOAT>.<FLOAT> <*> RAS KERNEL <*> <*> <*>,"{""LARGE_INT"": ""1121442061"", ""*"": ""core.4615"", ""DATE"": ""2"", ""FLOAT"": ""41.01.843236""}",1,4
run_BGL_sample_20260521T043549_42,2026-05-21T04:35:49.997880+00:00,- 1121442070 2005.07.15 R01-M0-NB-C:J07-U01 2005-07-15-08.41.10.966443 R01-M0-NB-C:J07-U01 RAS KERNEL INFO generating core.1682,- <LARGE_INT> <*> <*> <DATE><FLOAT>.<FLOAT> <*> RAS KERNEL <*> <*> <*>,"{""LARGE_INT"": ""1121442070"", ""*"": ""core.1682"", ""DATE"": ""2"", ""FLOAT"": ""41.10.966443""}",1,4
run_BGL_sample_20260521T043549_42,2026-05-21T04:35:49.997880+00:00,- 1121442075 2005.07.15 R00-M0-N9-C:J14-U01 2005-07-15-08.41.15.738617 R00-M0-N9-C:J14-U01 RAS KERNEL INFO generating core.896,- <LARGE_INT> <*> <*> <DATE><FLOAT>.<FLOAT> <*> RAS KERNEL <*> <*> <*>,"{""LARGE_INT"": ""1121442075"", ""*"": ""core.896"", ""DATE"": ""2"", ""FLOAT"": ""41.15.738617""}",1,4
run_BGL_sample_20260521T043549_42,2026-05-21T04:35:49.997880+00:00,- 1121442115 2005.07.15 R04-M0-NB-C:J04-U01 2005-07-15-08.41.55.151875 R04-M0-NB-C:J04-U01 RAS KERNEL INFO generating core.4675,- <LARGE_INT> <*> <*> <DATE><FLOAT>.<FLOAT> <*> RAS KERNEL <*> <*> <*>,"{""LARGE_INT"": ""1121442115"", ""*"": ""core.4675"", ""DATE"": ""2"", ""FLOAT"": ""41.55.151875""}",1,4
run_BGL_sample_20260521T043549_42,2026-05-21T04:35:49.997880+00:00,- 1121442124 2005.07.15 R04-M0-NE-C:J17-U01 2005-07-15-08.42.04.042901 R04-M0-NE-C:J17-U01 RAS KERNEL INFO generating core.84,- <LARGE_INT> <*> <*> <DATE><FLOAT>.<FLOAT> <*> RAS KERNEL <*> <*> <*>,"{""LARGE_INT"": ""1121442124"", ""*"": ""core.84"", ""DATE"": ""2"", ""FLOAT"": ""42.04.042901""}",1,4
run_BGL_sample_20260521T043549_42,2026-05-21T04:35:49.997880+00:00,- 1121451271 2005.07.15 R07-M1-ND-C:J02-U11 2005-07-15-11.14.31.993348 R07-M1-ND-C:J02-U11 RAS KERNEL INFO generating core.1227,- <LARGE_INT> <*> <*> <DATE><FLOAT>.<FLOAT> <*> RAS KERNEL <*> <*> <*>,"{""LARGE_INT"": ""1121451271"", ""*"": ""core.1227"", ""DATE"": ""2"", ""FLOAT"": ""14.31.993348""}",1,4
run_BGL_sample_20260521T043549_42,2026-05-21T04:35:49.997880+00:00,- 1121484659 2005.07.15 R33-M0-N6-C:J13-U11 2005-07-15-20.30.59.176883 R33-M0-N6-C:J13-U11 RAS KERNEL INFO 1 ddr errors(s) detec,- <LARGE_INT> <*> <*> <DATE><FLOAT>.<FLOAT> <*> RAS <*> <*> <*> <*> <*> <*>,"{""LARGE_INT"": ""1121484659"", ""*"": ""detec"", ""DATE"": ""2"", ""FLOAT"": ""30.59.176883""}",1,4
run_BGL_sample_20260521T043549_42,2026-05-21T04:35:49.997880+00:00,- 1121493806 2005.07.15 R36-M1-ND-C:J04-U11 2005-07-15-23.03.26.814988 R36-M1-ND-C:J04-U11 RAS KERNEL INFO generating core.59955,- <LARGE_INT> <*> <*> <DATE><FLOAT>.<FLOAT> <*> RAS KERNEL <*> <*> <*>,"{""LARGE_INT"": ""1121493806"", ""*"": ""core.59955"", ""DATE"": ""2"", ""FLOAT"": ""03.26.814988""}",1,4
run_BGL_sample_20260521T043549_42,2026-05-21T04:35:49.997880+00:00,- 1121493886 2005.07.15 R20-M1-N2-C:J03-U11 2005-07-15-23.04.46.601583 R20-M1-N2-C:J03-U11 RAS KERNEL INFO generating core.38143,- <LARGE_INT> <*> <*> <DATE><FLOAT>.<FLOAT> <*> RAS KERNEL <*> <*> <*>,"{""LARGE_INT"": ""1121493886"", ""*"": ""core.38143"", ""DATE"": ""2"", ""FLOAT"": ""04.46.601583""}",1,4
run_BGL_sample_20260521T043549_42,2026-05-21T04:35:49.997880+00:00,- 1121493913 2005.07.15 R37-M0-N6-C:J09-U11 2005-07-15-23.05.13.065015 R37-M0-N6-C:J09-U11 RAS KERNEL INFO generating core.41718,- <LARGE_INT> <*> <*> <DATE><FLOAT>.<FLOAT> <*> RAS KERNEL <*> <*> <*>,"{""LARGE_INT"": ""1121493913"", ""*"": ""core.41718"", ""DATE"": ""2"", ""FLOAT"": ""05.13.065015""}",1,4
run_BGL_sample_20260521T043549_42,2026-05-21T04:35:49.997880+00:00,- 1121494125 2005.07.15 R36-M1-N2-C:J05-U11 2005-07-15-23.08.45.113982 R36-M1-N2-C:J05-U11 RAS KERNEL INFO generating core.29431,- <LARGE_INT> <*> <*> <DATE><FLOAT>.<FLOAT> <*> RAS KERNEL <*> <*> <*>,"{""LARGE_INT"": ""1121494125"", ""*"": ""core.29431"", ""DATE"": ""2"", ""FLOAT"": ""08.45.113982""}",1,4
run_BGL_sample_20260521T043549_42,2026-05-21T04:35:49.997880+00:00,- 1121494129 2005.07.15 R36-M0-NE-C:J05-U11 2005-07-15-23.08.49.027626 R36-M0-NE-C:J05-U11 RAS KERNEL INFO generating core.33399,- <LARGE_INT> <*> <*> <DATE><FLOAT>.<FLOAT> <*> RAS KERNEL <*> <*> <*>,"{""LARGE_INT"": ""1121494129"", ""*"": ""core.33399"", ""DATE"": ""2"", ""FLOAT"": ""08.49.027626""}",1,4
run_BGL_sample_20260521T043549_42,2026-05-21T04:35:49.997880+00:00,- 1121494144 2005.07.15 R31-M0-ND-C:J03-U11 2005-07-15-23.09.04.924538 R31-M0-ND-C:J03-U11 RAS KERNEL INFO generating core.11379,- <LARGE_INT> <*> <*> <DATE><FLOAT>.<FLOAT> <*> RAS KERNEL <*> <*> <*>,"{""LARGE_INT"": ""1121494144"", ""*"": ""core.11379"", ""DATE"": ""2"", ""FLOAT"": ""09.04.924538""}",1,4
run_BGL_sample_20260521T043549_42,2026-05-21T04:35:49.997880+00:00,- 1121494164 2005.07.15 R34-M0-N5-C:J03-U11 2005-07-15-23.09.24.725815 R34-M0-N5-C:J03-U11 RAS KERNEL INFO generating core.36339,- <LARGE_INT> <*> <*> <DATE><FLOAT>.<FLOAT> <*> RAS KERNEL <*> <*> <*>,"{""LARGE_INT"": ""1121494164"", ""*"": ""core.36339"", ""DATE"": ""2"", ""FLOAT"": ""09.24.725815""}",1,4
run_BGL_sample_20260521T043549_42,2026-05-21T04:35:49.997880+00:00,- 1121494252 2005.07.15 R33-M0-NF-C:J11-U01 2005-07-15-23.10.52.087816 R33-M0-NF-C:J11-U01 RAS KERNEL INFO generating core.42833,- <LARGE_INT> <*> <*> <DATE><FLOAT>.<FLOAT> <*> RAS KERNEL <*> <*> <*>,"{""LARGE_INT"": ""1121494252"", ""*"": ""core.42833"", ""DATE"": ""2"", ""FLOAT"": ""10.52.087816""}",1,4
run_BGL_sample_20260521T043549_42,2026-05-21T04:35:49.997880+00:00,- 1121494263 2005.07.15 R31-M1-NB-C:J05-U11 2005-07-15-23.11.03.449718 R31-M1-NB-C:J05-U11 RAS KERNEL INFO generating core.20595,- <LARGE_INT> <*> <*> <DATE><FLOAT>.<FLOAT> <*> RAS KERNEL <*> <*> <*>,"{""LARGE_INT"": ""1121494263"", ""*"": ""core.20595"", ""DATE"": ""2"", ""FLOAT"": ""11.03.449718""}",1,4
run_BGL_sample_20260521T043549_42,2026-05-21T04:35:49.997880+00:00,- 1121494308 2005.07.15 R21-M0-N7-C:J14-U01 2005-07-15-23.11.48.831797 R21-M0-N7-C:J14-U01 RAS KERNEL INFO generating core.17560,- <LARGE_INT> <*> <*> <DATE><FLOAT>.<FLOAT> <*> RAS KERNEL <*> <*> <*>,"{""LARGE_INT"": ""1121494308"", ""*"": ""core.17560"", ""DATE"": ""2"", ""FLOAT"": ""11.48.831797""}",1,4
run_BGL_sample_20260521T043549_42,2026-05-21T04:35:49.997880+00:00,- 1121494314 2005.07.15 R23-M0-NE-C:J16-U11 2005-07-15-23.11.54.188138 R23-M0-NE-C:J16-U11 RAS KERNEL INFO generating core.17212,- <LARGE_INT> <*> <*> <DATE><FLOAT>.<FLOAT> <*> RAS KERNEL <*> <*> <*>,"{""LARGE_INT"": ""1121494314"", ""*"": ""core.17212"", ""DATE"": ""2"", ""FLOAT"": ""11.54.188138""}",1,4
run_BGL_sample_20260521T043549_42,2026-05-21T04:35:49.997880+00:00,- 1121495246 2005.07.15 R36-M1-NF-C:J02-U01 2005-07-15-23.27.26.925798 R36-M1-NF-C:J02-U01 RAS KERNEL INFO generating core.26131,- <LARGE_INT> <*> <*> <DATE><FLOAT>.<FLOAT> <*> RAS KERNEL <*> <*> <*>,"{""LARGE_INT"": ""1121495246"", ""*"": ""core.26131"", ""DATE"": ""2"", ""FLOAT"": ""27.26.925798""}",1,4
run_BGL_sample_20260521T043549_42,2026-05-21T04:35:49.997880+00:00,- 1121495342 2005.07.15 R37-M0-N3-C:J13-U01 2005-07-15-23.29.02.491468 R37-M0-N3-C:J13-U01 RAS KERNEL INFO generating core.45777,- <LARGE_INT> <*> <*> <DATE><FLOAT>.<FLOAT> <*> RAS KERNEL <*> <*> <*>,"{""LARGE_INT"": ""1121495342"", ""*"": ""core.45777"", ""DATE"": ""2"", ""FLOAT"": ""29.02.491468""}",1,4
run_BGL_sample_20260521T043549_42,2026-05-21T04:35:49.997880+00:00,- 1121495479 2005.07.15 R24-M0-N2-C:J15-U01 2005-07-15-23.31.19.487402 R24-M0-N2-C:J15-U01 RAS KERNEL INFO generating core.62940,- <LARGE_INT> <*> <*> <DATE><FLOAT>.<FLOAT> <*> RAS KERNEL <*> <*> <*>,"{""LARGE_INT"": ""1121495479"", ""*"": ""core.62940"", ""DATE"": ""2"", ""FLOAT"": ""31.19.487402""}",1,4
run_BGL_sample_20260521T043549_42,2026-05-21T04:35:49.997880+00:00,- 1121495496 2005.07.15 R20-M0-N5-C:J03-U01 2005-07-15-23.31.36.540561 R20-M0-N5-C:J03-U01 RAS KERNEL INFO generating core.27867,- <LARGE_INT> <*> <*> <DATE><FLOAT>.<FLOAT> <*> RAS KERNEL <*> <*> <*>,"{""LARGE_INT"": ""1121495496"", ""*"": ""core.27867"", ""DATE"": ""2"", ""FLOAT"": ""31.36.540561""}",1,4
run_BGL_sample_20260521T043549_42,2026-05-21T04:35:49.997880+00:00,- 1121495532 2005.07.15 R27-M0-NB-C:J16-U01 2005-07-15-23.32.12.622085 R27-M0-NB-C:J16-U01 RAS KERNEL INFO generating core.21016,- <LARGE_INT> <*> <*> <DATE><FLOAT>.<FLOAT> <*> RAS KERNEL <*> <*> <*>,"{""LARGE_INT"": ""1121495532"", ""*"": ""core.21016"", ""DATE"": ""2"", ""FLOAT"": ""32.12.622085""}",1,4
run_BGL_sample_20260521T043549_42,2026-05-21T04:35:49.997880+00:00,- 1121495594 2005.07.15 R34-M0-N7-C:J13-U01 2005-07-15-23.33.14.550781 R34-M0-N7-C:J13-U01 RAS KERNEL INFO generating core.465,- <LARGE_INT> <*> <*> <DATE><FLOAT>.<FLOAT> <*> RAS KERNEL <*> <*> <*>,"{""LARGE_INT"": ""1121495594"", ""*"": ""core.465"", ""DATE"": ""2"", ""FLOAT"": ""33.14.550781""}",1,4
run_BGL_sample_20260521T043549_42,2026-05-21T04:35:49.997880+00:00,- 1121495754 2005.07.15 R21-M0-N9-C:J16-U11 2005-07-15-23.35.54.639346 R21-M0-N9-C:J16-U11 RAS KERNEL INFO generating core.55352,- <LARGE_INT> <*> <*> <DATE><FLOAT>.<FLOAT> <*> RAS KERNEL <*> <*> <*>,"{""LARGE_INT"": ""1121495754"", ""*"": ""core.55352"", ""DATE"": ""2"", ""FLOAT"": ""35.54.639346""}",1,4
run_BGL_sample_20260521T043549_42,2026-05-21T04:35:49.997880+00:00,- 1121495798 2005.07.15 R37-M0-N5-C:J02-U11 2005-07-15-23.36.38.092419 R37-M0-N5-C:J02-U11 RAS KERNEL INFO generating core.44723,- <LARGE_INT> <*> <*> <DATE><FLOAT>.<FLOAT> <*> RAS KERNEL <*> <*> <*>,"{""LARGE_INT"": ""1121495798"", ""*"": ""core.44723"", ""DATE"": ""2"", ""FLOAT"": ""36.38.092419""}",1,4
run_BGL_sample_20260521T043549_42,2026-05-21T04:35:49.997880+00:00,- 1121495911 2005.07.15 R32-M0-N5-C:J02-U11 2005-07-15-23.38.31.246747 R32-M0-N5-C:J02-U11 RAS KERNEL INFO generating core.36787,- <LARGE_INT> <*> <*> <DATE><FLOAT>.<FLOAT> <*> RAS KERNEL <*> <*> <*>,"{""LARGE_INT"": ""1121495911"", ""*"": ""core.36787"", ""DATE"": ""2"", ""FLOAT"": ""38.31.246747""}",1,4
run_BGL_sample_20260521T043549_42,2026-05-21T04:35:49.997880+00:00,- 1121495968 2005.07.15 R10-M0-N2-C:J03-U01 2005-07-15-23.39.28.079463 R10-M0-N2-C:J03-U01 RAS KERNEL INFO generating core.29903,- <LARGE_INT> <*> <*> <DATE><FLOAT>.<FLOAT> <*> RAS KERNEL <*> <*> <*>,"{""LARGE_INT"": ""1121495968"", ""*"": ""core.29903"", ""DATE"": ""2"", ""FLOAT"": ""39.28.079463""}",1,4
run_BGL_sample_20260521T043549_42,2026-05-21T04:35:49.997880+00:00,- 1121495976 2005.07.15 R12-M1-N7-C:J08-U11 2005-07-15-23.39.36.355775 R12-M1-N7-C:J08-U11 RAS KERNEL INFO generating core.33706,- <LARGE_INT> <*> <*> <DATE><FLOAT>.<FLOAT> <*> RAS KERNEL <*> <*> <*>,"{""LARGE_INT"": ""1121495976"", ""*"": ""core.33706"", ""DATE"": ""2"", ""FLOAT"": ""39.36.355775""}",1,4
run_BGL_sample_20260521T043549_42,2026-05-21T04:35:49.997880+00:00,- 1121496041 2005.07.15 R17-M1-N6-C:J04-U11 2005-07-15-23.40.41.176362 R17-M1-N6-C:J04-U11 RAS KERNEL INFO generating core.8879,- <LARGE_INT> <*> <*> <DATE><FLOAT>.<FLOAT> <*> RAS KERNEL <*> <*> <*>,"{""LARGE_INT"": ""1121496041"", ""*"": ""core.8879"", ""DATE"": ""2"", ""FLOAT"": ""40.41.176362""}",1,4
run_BGL_sample_20260521T043549_42,2026-05-21T04:35:49.997880+00:00,- 1121496047 2005.07.15 R15-M0-NF-C:J11-U01 2005-07-15-23.40.47.857118 R15-M0-NF-C:J11-U01 RAS KERNEL INFO generating core.50505,- <LARGE_INT> <*> <*> <DATE><FLOAT>.<FLOAT> <*> RAS KERNEL <*> <*> <*>,"{""LARGE_INT"": ""1121496047"", ""*"": ""core.50505"", ""DATE"": ""2"", ""FLOAT"": ""40.47.857118""}",1,4
run_BGL_sample_20260521T043549_42,2026-05-21T04:35:49.997880+00:00,- 1121496062 2005.07.15 R10-M0-N3-C:J03-U01 2005-07-15-23.41.02.923439 R10-M0-N3-C:J03-U01 RAS KERNEL INFO generating core.29899,- <LARGE_INT> <*> <*> <DATE><FLOAT>.<FLOAT> <*> RAS KERNEL <*> <*> <*>,"{""LARGE_INT"": ""1121496062"", ""*"": ""core.29899"", ""DATE"": ""2"", ""FLOAT"": ""41.02.923439""}",1,4
run_BGL_sample_20260521T043549_42,2026-05-21T04:35:49.997880+00:00,- 1121496080 2005.07.15 R15-M1-N3-C:J15-U01 2005-07-15-23.41.20.270704 R15-M1-N3-C:J15-U01 RAS KERNEL INFO generating core.46536,- <LARGE_INT> <*> <*> <DATE><FLOAT>.<FLOAT> <*> RAS KERNEL <*> <*> <*>,"{""LARGE_INT"": ""1121496080"", ""*"": ""core.46536"", ""DATE"": ""2"", ""FLOAT"": ""41.20.270704""}",1,4
run_BGL_sample_20260521T043549_42,2026-05-21T04:35:49.997880+00:00,- 1121496335 2005.07.15 R13-M0-NE-C:J14-U11 2005-07-15-23.45.35.927063 R13-M0-NE-C:J14-U11 RAS KERNEL INFO generating core.50988,- <LARGE_INT> <*> <*> <DATE><FLOAT>.<FLOAT> <*> RAS KERNEL <*> <*> <*>,"{""LARGE_INT"": ""1121496335"", ""*"": ""core.50988"", ""DATE"": ""2"", ""FLOAT"": ""45.35.927063""}",1,4
run_BGL_sample_20260521T043549_42,2026-05-21T04:35:49.997880+00:00,- 1121496365 2005.07.15 R03-M1-NB-C:J10-U01 2005-07-15-23.46.05.574350 R03-M1-NB-C:J10-U01 RAS KERNEL INFO generating core.22273,- <LARGE_INT> <*> <*> <DATE><FLOAT>.<FLOAT> <*> RAS KERNEL <*> <*> <*>,"{""LARGE_INT"": ""1121496365"", ""*"": ""core.22273"", ""DATE"": ""2"", ""FLOAT"": ""46.05.574350""}",1,4
run_BGL_sample_20260521T043549_42,2026-05-21T04:35:49.997880+00:00,- 1121496382 2005.07.15 R11-M1-NA-C:J11-U01 2005-07-15-23.46.22.277125 R11-M1-NA-C:J11-U01 RAS KERNEL INFO generating core.46157,- <LARGE_INT> <*> <*> <DATE><FLOAT>.<FLOAT> <*> RAS KERNEL <*> <*> <*>,"{""LARGE_INT"": ""1121496382"", ""*"": ""core.46157"", ""DATE"": ""2"", ""FLOAT"": ""46.22.277125""}",1,4
run_BGL_sample_20260521T043549_42,2026-05-21T04:35:49.997880+00:00,- 1121496460 2005.07.15 R06-M1-N7-C:J06-U11 2005-07-15-23.47.40.002166 R06-M1-N7-C:J06-U11 RAS KERNEL INFO generating core.59042,- <LARGE_INT> <*> <*> <DATE><FLOAT>.<FLOAT> <*> RAS KERNEL <*> <*> <*>,"{""LARGE_INT"": ""1121496460"", ""*"": ""core.59042"", ""DATE"": ""2"", ""FLOAT"": ""47.40.002166""}",1,4
run_BGL_sample_20260521T043549_42,2026-05-21T04:35:49.997880+00:00,- 1121496542 2005.07.15 R02-M1-NA-C:J05-U11 2005-07-15-23.49.02.062268 R02-M1-NA-C:J05-U11 RAS KERNEL INFO generating core.29543,- <LARGE_INT> <*> <*> <DATE><FLOAT>.<FLOAT> <*> RAS KERNEL <*> <*> <*>,"{""LARGE_INT"": ""1121496542"", ""*"": ""core.29543"", ""DATE"": ""2"", ""FLOAT"": ""49.02.062268""}",1,4
run_BGL_sample_20260521T043549_42,2026-05-21T04:35:49.997880+00:00,- 1121496570 2005.07.15 R07-M1-NA-C:J03-U11 2005-07-15-23.49.30.116304 R07-M1-NA-C:J03-U11 RAS KERNEL INFO generating core.22119,- <LARGE_INT> <*> <*> <DATE><FLOAT>.<FLOAT> <*> RAS KERNEL <*> <*> <*>,"{""LARGE_INT"": ""1121496570"", ""*"": ""core.22119"", ""DATE"": ""2"", ""FLOAT"": ""49.30.116304""}",1,4
run_BGL_sample_20260521T043549_42,2026-05-21T04:35:49.997880+00:00,- 1121496582 2005.07.15 R02-M0-NA-C:J16-U11 2005-07-15-23.49.42.308319 R02-M0-NA-C:J16-U11 RAS KERNEL INFO generating core.4900,- <LARGE_INT> <*> <*> <DATE><FLOAT>.<FLOAT> <*> RAS KERNEL <*> <*> <*>,"{""LARGE_INT"": ""1121496582"", ""*"": ""core.4900"", ""DATE"": ""2"", ""FLOAT"": ""49.42.308319""}",1,4
run_BGL_sample_20260521T043549_42,2026-05-21T04:35:49.997880+00:00,- 1121597832 2005.07.17 R36-M1-NB-C:J14-U11 2005-07-17-03.57.12.463575 R36-M1-NB-C:J14-U11 RAS KERNEL INFO generating core.30256,- <LARGE_INT> <*> <*> <DATE><FLOAT>.<FLOAT> <*> RAS KERNEL <*> <*> <*>,"{""LARGE_INT"": ""1121597832"", ""*"": ""core.30256"", ""DATE"": ""2"", ""FLOAT"": ""57.12.463575""}",1,4
run_BGL_sample_20260521T043549_42,2026-05-21T04:35:49.997880+00:00,- 1121597851 2005.07.17 R36-M1-N1-C:J08-U01 2005-07-17-03.57.31.777381 R36-M1-N1-C:J08-U01 RAS KERNEL INFO generating core.64146,- <LARGE_INT> <*> <*> <DATE><FLOAT>.<FLOAT> <*> RAS KERNEL <*> <*> <*>,"{""LARGE_INT"": ""1121597851"", ""*"": ""core.64146"", ""DATE"": ""2"", ""FLOAT"": ""57.31.777381""}",1,4
run_BGL_sample_20260521T043549_42,2026-05-21T04:35:49.997880+00:00,- 1121597882 2005.07.17 R22-M0-N7-C:J17-U01 2005-07-17-03.58.02.994632 R22-M0-N7-C:J17-U01 RAS KERNEL INFO generating core.58328,- <LARGE_INT> <*> <*> <DATE><FLOAT>.<FLOAT> <*> RAS KERNEL <*> <*> <*>,"{""LARGE_INT"": ""1121597882"", ""*"": ""core.58328"", ""DATE"": ""2"", ""FLOAT"": ""58.02.994632""}",1,4
run_BGL_sample_20260521T043549_42,2026-05-21T04:35:49.997880+00:00,- 1121597962 2005.07.17 R33-M1-ND-C:J10-U01 2005-07-17-03.59.22.582679 R33-M1-ND-C:J10-U01 RAS KERNEL INFO generating core.20241,- <LARGE_INT> <*> <*> <DATE><FLOAT>.<FLOAT> <*> RAS KERNEL <*> <*> <*>,"{""LARGE_INT"": ""1121597962"", ""*"": ""core.20241"", ""DATE"": ""2"", ""FLOAT"": ""59.22.582679""}",1,4
run_BGL_sample_20260521T043549_42,2026-05-21T04:35:49.997880+00:00,- 1121597978 2005.07.17 R33-M1-N9-C:J10-U01 2005-07-17-03.59.38.285272 R33-M1-N9-C:J10-U01 RAS KERNEL INFO generating core.24337,- <LARGE_INT> <*> <*> <DATE><FLOAT>.<FLOAT> <*> RAS KERNEL <*> <*> <*>,"{""LARGE_INT"": ""1121597978"", ""*"": ""core.24337"", ""DATE"": ""2"", ""FLOAT"": ""59.38.285272""}",1,4
run_BGL_sample_20260521T043549_42,2026-05-21T04:35:49.997880+00:00,- 1121597997 2005.07.17 R37-M1-NA-C:J12-U11 2005-07-17-03.59.57.544786 R37-M1-NA-C:J12-U11 RAS KERNEL INFO generating core.21045,- <LARGE_INT> <*> <*> <DATE><FLOAT>.<FLOAT> <*> RAS KERNEL <*> <*> <*>,"{""LARGE_INT"": ""1121597997"", ""*"": ""core.21045"", ""DATE"": ""2"", ""FLOAT"": ""59.57.544786""}",1,4
run_BGL_sample_20260521T043549_42,2026-05-21T04:35:49.997880+00:00,- 1121598024 2005.07.17 R21-M1-N1-C:J16-U01 2005-07-17-04.00.24.540747 R21-M1-N1-C:J16-U01 RAS KERNEL INFO generating core.47256,- <LARGE_INT> <*> <*> <DATE><FLOAT>.<FLOAT> <*> RAS KERNEL <*> <*> <*>,"{""LARGE_INT"": ""1121598024"", ""*"": ""core.47256"", ""DATE"": ""2"", ""FLOAT"": ""00.24.540747""}",1,4
run_BGL_sample_20260521T043549_42,2026-05-21T04:35:49.997880+00:00,- 1121598039 2005.07.17 R21-M1-NA-C:J05-U11 2005-07-17-04.00.39.450366 R21-M1-NA-C:J05-U11 RAS KERNEL INFO generating core.45183,- <LARGE_INT> <*> <*> <DATE><FLOAT>.<FLOAT> <*> RAS KERNEL <*> <*> <*>,"{""LARGE_INT"": ""1121598039"", ""*"": ""core.45183"", ""DATE"": ""2"", ""FLOAT"": ""00.39.450366""}",1,4
run_BGL_sample_20260521T043549_42,2026-05-21T04:35:49.997880+00:00,- 1121598051 2005.07.17 R27-M1-NA-C:J06-U11 2005-07-17-04.00.51.583517 R27-M1-NA-C:J06-U11 RAS KERNEL INFO generating core.46654,- <LARGE_INT> <*> <*> <DATE><FLOAT>.<FLOAT> <*> RAS KERNEL <*> <*> <*>,"{""LARGE_INT"": ""1121598051"", ""*"": ""core.46654"", ""DATE"": ""2"", ""FLOAT"": ""00.51.583517""}",1,4
run_BGL_sample_20260521T043549_42,2026-05-21T04:35:49.997880+00:00,- 1121598150 2005.07.17 R23-M0-NA-C:J09-U11 2005-07-17-04.02.30.872103 R23-M0-NA-C:J09-U11 RAS KERNEL INFO generating core.21374,- <LARGE_INT> <*> <*> <DATE><FLOAT>.<FLOAT> <*> RAS KERNEL <*> <*> <*>,"{""LARGE_INT"": ""1121598150"", ""*"": ""core.21374"", ""DATE"": ""2"", ""FLOAT"": ""02.30.872103""}",1,4
run_BGL_sample_20260521T043549_42,2026-05-21T04:35:49.997880+00:00,- 1121598237 2005.07.17 R23-M1-NB-C:J16-U11 2005-07-17-04.03.57.280027 R23-M1-NB-C:J16-U11 RAS KERNEL INFO generating core.45880,- <LARGE_INT> <*> <*> <DATE><FLOAT>.<FLOAT> <*> RAS KERNEL <*> <*> <*>,"{""LARGE_INT"": ""1121598237"", ""*"": ""core.45880"", ""DATE"": ""2"", ""FLOAT"": ""03.57.280027""}",1,4
run_BGL_sample_20260521T043549_42,2026-05-21T04:35:49.997880+00:00,- 1121598257 2005.07.17 R31-M1-N3-C:J05-U01 2005-07-17-04.04.17.544035 R31-M1-N3-C:J05-U01 RAS KERNEL INFO generating core.20691,- <LARGE_INT> <*> <*> <DATE><FLOAT>.<FLOAT> <*> RAS KERNEL <*> <*> <*>,"{""LARGE_INT"": ""1121598257"", ""*"": ""core.20691"", ""DATE"": ""2"", ""FLOAT"": ""04.17.544035""}",1,4
run_BGL_sample_20260521T043549_42,2026-05-21T04:35:49.997880+00:00,- 1121598278 2005.07.17 R33-M0-NA-C:J05-U11 2005-07-17-04.04.38.873517 R33-M0-NA-C:J05-U11 RAS KERNEL INFO generating core.45943,- <LARGE_INT> <*> <*> <DATE><FLOAT>.<FLOAT> <*> RAS KERNEL <*> <*> <*>,"{""LARGE_INT"": ""1121598278"", ""*"": ""core.45943"", ""DATE"": ""2"", ""FLOAT"": ""04.38.873517""}",1,4
